code_point,character,assigned_radical_id,radical,all_kRSUnicode_values
U+4E00,一,1,一,1.0
U+4E01,丁,1,一,1.1
U+4E02,丂,1,一,1.1
U+4E03,七,1,一,1.1
U+4E04,丄,1,一,1.1
U+4E05,丅,1,一,1.1
U+4E06,丆,1,一,1.1
U+4E07,万,1,一,1.2
U+4E08,丈,1,一,1.2
U+4E09,三,1,一,1.2
U+4E0A,上,1,一,1.2
U+4E0B,下,1,一,1.2
U+4E0C,丌,1,一,1.2
U+4E0D,不,1,一,1.3
U+4E0E,与,1,一,1.3
U+4E0F,丏,1,一,1.3
U+4E10,丐,1,一,1.3
U+4E11,丑,1,一,1.3
U+4E12,丒,1,一,1.3
U+4E13,专,1,一,1.3 7.2
U+4E14,且,1,一,1.4
U+4E15,丕,1,一,1.4
U+4E16,世,1,一,1.4
U+4E17,丗,1,一,1.3
U+4E18,丘,1,一,1.4
U+4E19,丙,1,一,1.4
U+4E1A,业,1,一,1.4
U+4E1B,丛,1,一,1.4
U+4E1C,东,1,一,1.4
U+4E1D,丝,1,一,1.4
U+4E1E,丞,1,一,1.5
U+4E1F,丟,1,一,1.5
U+4E20,丠,1,一,1.5
U+4E21,両,1,一,1.5
U+4E22,丢,1,一,1.5 4.5
U+4E23,丣,1,一,1.6
U+4E24,两,1,一,1.6
U+4E25,严,1,一,1.6
U+4E26,並,1,一,1.7
U+4E27,丧,1,一,1.7
U+4E28,丨,2,丨,2.0
U+4E29,丩,2,丨,2.1
U+4E2A,个,2,丨,2.2
U+4E2B,丫,2,丨,2.2
U+4E2C,丬,90,爿,90.0 90'.0
U+4E2D,中,2,丨,2.3
U+4E2E,丮,2,丨,2.3
U+4E2F,丯,2,丨,2.3
U+4E30,丰,2,丨,2.3
U+4E31,丱,2,丨,2.4
U+4E32,串,2,丨,2.6
U+4E33,丳,2,丨,2.7
U+4E34,临,2,丨,2.8
U+4E35,丵,2,丨,2.9
U+4E36,丶,3,丶,3.0
U+4E37,丷,3,丶,3.1
U+4E38,丸,3,丶,3.2
U+4E39,丹,3,丶,3.3
U+4E3A,为,3,丶,3.3
U+4E3B,主,3,丶,3.4
U+4E3C,丼,3,丶,3.4
U+4E3D,丽,1,一,1.6
U+4E3E,举,3,丶,3.8
U+4E3F,丿,4,丿,4.0
U+4E40,乀,4,丿,4.0
U+4E41,乁,4,丿,4.0
U+4E42,乂,4,丿,4.1
U+4E43,乃,4,丿,4.1
U+4E44,乄,4,丿,4.1
U+4E45,久,4,丿,4.2
U+4E46,乆,4,丿,4.2
U+4E47,乇,4,丿,4.2
U+4E48,么,4,丿,4.2
U+4E49,义,3,丶,3.2
U+4E4A,乊,4,丿,4.2
U+4E4B,之,4,丿,4.3
U+4E4C,乌,4,丿,4.3
U+4E4D,乍,4,丿,4.4
U+4E4E,乎,4,丿,4.4
U+4E4F,乏,4,丿,4.4
U+4E50,乐,4,丿,4.4
U+4E51,乑,4,丿,4.5
U+4E52,乒,4,丿,4.5
U+4E53,乓,4,丿,4.5 3.5
U+4E54,乔,4,丿,4.5
U+4E55,乕,4,丿,4.6
U+4E56,乖,4,丿,4.7
U+4E57,乗,4,丿,4.8
U+4E58,乘,4,丿,4.9
U+4E59,乙,5,乙,5.0
U+4E5A,乚,5,乙,5.0
U+4E5B,乛,5,乙,5.0
U+4E5C,乜,5,乙,5.1
U+4E5D,九,5,乙,5.1
U+4E5E,乞,5,乙,5.2
U+4E5F,也,5,乙,5.2
U+4E60,习,5,乙,5.2 15.1
U+4E61,乡,52,幺,52.0 4.2
U+4E62,乢,46,山,46.1
U+4E63,乣,5,乙,5.3
U+4E64,乤,5,乙,5.3
U+4E65,乥,5,乙,5.3
U+4E66,书,5,乙,5.3 2.3
U+4E67,乧,5,乙,5.4
U+4E68,乨,5,乙,5.5
U+4E69,乩,5,乙,5.5
U+4E6A,乪,5,乙,5.5
U+4E6B,乫,5,乙,5.5
U+4E6C,乬,5,乙,5.5
U+4E6D,乭,5,乙,5.5
U+4E6E,乮,5,乙,5.5
U+4E6F,乯,5,乙,5.5
U+4E70,买,5,乙,5.5
U+4E71,乱,5,乙,5.6
U+4E72,乲,5,乙,5.6
U+4E73,乳,5,乙,5.7
U+4E74,乴,5,乙,5.7
U+4E75,乵,5,乙,5.7
U+4E76,乶,5,乙,5.7
U+4E77,乷,5,乙,5.7
U+4E78,乸,5,乙,5.7 80.3
U+4E79,乹,5,乙,5.8
U+4E7A,乺,5,乙,5.8
U+4E7B,乻,5,乙,5.8
U+4E7C,乼,5,乙,5.8
U+4E7D,乽,5,乙,5.9
U+4E7E,乾,5,乙,5.10
U+4E7F,乿,5,乙,5.10
U+4E80,亀,5,乙,5.10 213''.0
U+4E81,亁,5,乙,5.11
U+4E82,亂,5,乙,5.12
U+4E83,亃,5,乙,5.12
U+4E84,亄,5,乙,5.12
U+4E85,亅,6,亅,6.0
U+4E86,了,6,亅,6.1
U+4E87,亇,6,亅,6.2
U+4E88,予,6,亅,6.3
U+4E89,争,6,亅,6.5
U+4E8A,亊,6,亅,6.6
U+4E8B,事,6,亅,6.7
U+4E8C,二,7,二,7.0
U+4E8D,亍,7,二,7.1
U+4E8E,于,7,二,7.1
U+4E8F,亏,7,二,7.1
U+4E90,亐,1,一,1.2 7.1
U+4E91,云,7,二,7.2
U+4E92,互,7,二,7.2
U+4E93,亓,7,二,7.2
U+4E94,五,7,二,7.2
U+4E95,井,7,二,7.2
U+4E96,亖,7,二,7.2
U+4E97,亗,7,二,7.3
U+4E98,亘,7,二,7.4
U+4E99,亙,7,二,7.4
U+4E9A,亚,7,二,7.4
U+4E9B,些,7,二,7.5
U+4E9C,亜,7,二,7.5
U+4E9D,亝,7,二,7.6
U+4E9E,亞,7,二,7.6
U+4E9F,亟,7,二,7.6
U+4EA0,亠,8,亠,8.0
U+4EA1,亡,8,亠,8.1
U+4EA2,亢,8,亠,8.2
U+4EA3,亣,8,亠,8.2
U+4EA4,交,8,亠,8.4
U+4EA5,亥,8,亠,8.4
U+4EA6,亦,8,亠,8.4
U+4EA7,产,8,亠,8.4 117.1
U+4EA8,亨,8,亠,8.5
U+4EA9,亩,8,亠,8.5
U+4EAA,亪,8,亠,8.5
U+4EAB,享,8,亠,8.6
U+4EAC,京,8,亠,8.6
U+4EAD,亭,8,亠,8.7
U+4EAE,亮,8,亠,8.7
U+4EAF,亯,8,亠,8.7
U+4EB0,亰,8,亠,8.7
U+4EB1,亱,8,亠,8.7
U+4EB2,亲,8,亠,8.7 117.4
U+4EB3,亳,8,亠,8.8
U+4EB4,亴,8,亠,8.10
U+4EB5,亵,8,亠,8.10 145.6
U+4EB6,亶,8,亠,8.11
U+4EB7,亷,8,亠,8.11
U+4EB8,亸,8,亠,8.14
U+4EB9,亹,8,亠,8.19
U+4EBA,人,9,人,9.0
U+4EBB,亻,9,人,9.0
U+4EBC,亼,9,人,9.1
U+4EBD,亽,9,人,9.1
U+4EBE,亾,9,人,9.1
U+4EBF,亿,9,人,9.1
U+4EC0,什,9,人,9.2
U+4EC1,仁,9,人,9.2
U+4EC2,仂,9,人,9.2
U+4EC3,仃,9,人,9.2
U+4EC4,仄,9,人,9.2
U+4EC5,仅,9,人,9.2
U+4EC6,仆,9,人,9.2
U+4EC7,仇,9,人,9.2
U+4EC8,仈,9,人,9.2
U+4EC9,仉,9,人,9.2
U+4ECA,今,9,人,9.2
U+4ECB,介,9,人,9.2
U+4ECC,仌,9,人,9.2
U+4ECD,仍,9,人,9.2
U+4ECE,从,9,人,9.2
U+4ECF,仏,9,人,9.2
U+4ED0,仐,9,人,9.2
U+4ED1,仑,9,人,9.2
U+4ED2,仒,9,人,9.2
U+4ED3,仓,9,人,9.2
U+4ED4,仔,9,人,9.3
U+4ED5,仕,9,人,9.3
U+4ED6,他,9,人,9.3
U+4ED7,仗,9,人,9.3
U+4ED8,付,9,人,9.3
U+4ED9,仙,9,人,9.3
U+4EDA,仚,9,人,9.3
U+4EDB,仛,9,人,9.3
U+4EDC,仜,9,人,9.3
U+4EDD,仝,9,人,9.3
U+4EDE,仞,9,人,9.3
U+4EDF,仟,9,人,9.3
U+4EE0,仠,9,人,9.3
U+4EE1,仡,9,人,9.3
U+4EE2,仢,9,人,9.3
U+4EE3,代,9,人,9.3
U+4EE4,令,9,人,9.3
U+4EE5,以,9,人,9.3
U+4EE6,仦,9,人,9.3
U+4EE7,仧,9,人,9.3
U+4EE8,仨,9,人,9.3
U+4EE9,仩,9,人,9.3
U+4EEA,仪,9,人,9.3
U+4EEB,仫,9,人,9.3
U+4EEC,们,9,人,9.3
U+4EED,仭,9,人,9.3
U+4EEE,仮,9,人,9.4
U+4EEF,仯,9,人,9.4
U+4EF0,仰,9,人,9.4
U+4EF1,仱,9,人,9.4
U+4EF2,仲,9,人,9.4
U+4EF3,仳,9,人,9.4
U+4EF4,仴,9,人,9.4
U+4EF5,仵,9,人,9.4
U+4EF6,件,9,人,9.4
U+4EF7,价,9,人,9.4
U+4EF8,仸,9,人,9.4
U+4EF9,仹,9,人,9.4
U+4EFA,仺,9,人,9.4
U+4EFB,任,9,人,9.4
U+4EFC,仼,9,人,9.4
U+4EFD,份,9,人,9.4
U+4EFE,仾,9,人,9.4
U+4EFF,仿,9,人,9.4
U+4F00,伀,9,人,9.4
U+4F01,企,9,人,9.4
U+4F02,伂,9,人,9.4
U+4F03,伃,9,人,9.4
U+4F04,伄,9,人,9.4
U+4F05,伅,9,人,9.4
U+4F06,伆,9,人,9.4
U+4F07,伇,9,人,9.4
U+4F08,伈,9,人,9.4
U+4F09,伉,9,人,9.4
U+4F0A,伊,9,人,9.4
U+4F0B,伋,9,人,9.4
U+4F0C,伌,9,人,9.4
U+4F0D,伍,9,人,9.4
U+4F0E,伎,9,人,9.4
U+4F0F,伏,9,人,9.4
U+4F10,伐,9,人,9.4
U+4F11,休,9,人,9.4
U+4F12,伒,9,人,9.4
U+4F13,伓,9,人,9.4
U+4F14,伔,9,人,9.4
U+4F15,伕,9,人,9.4
U+4F16,伖,9,人,9.4
U+4F17,众,9,人,9.4
U+4F18,优,9,人,9.4
U+4F19,伙,9,人,9.4
U+4F1A,会,9,人,9.4
U+4F1B,伛,9,人,9.4
U+4F1C,伜,9,人,9.4
U+4F1D,伝,9,人,9.4
U+4F1E,伞,9,人,9.4
U+4F1F,伟,9,人,9.4
U+4F20,传,9,人,9.4
U+4F21,伡,9,人,9.4
U+4F22,伢,9,人,9.4
U+4F23,伣,9,人,9.4
U+4F24,伤,9,人,9.4
U+4F25,伥,9,人,9.4
U+4F26,伦,9,人,9.4
U+4F27,伧,9,人,9.4
U+4F28,伨,9,人,9.4
U+4F29,伩,9,人,9.4
U+4F2A,伪,9,人,9.4
U+4F2B,伫,9,人,9.4
U+4F2C,伬,9,人,9.4
U+4F2D,伭,9,人,9.5
U+4F2E,伮,9,人,9.5
U+4F2F,伯,9,人,9.5
U+4F30,估,9,人,9.5
U+4F31,伱,9,人,9.5
U+4F32,伲,9,人,9.5
U+4F33,伳,9,人,9.5
U+4F34,伴,9,人,9.5
U+4F35,伵,9,人,9.5
U+4F36,伶,9,人,9.5
U+4F37,伷,9,人,9.5
U+4F38,伸,9,人,9.5
U+4F39,伹,9,人,9.5
U+4F3A,伺,9,人,9.5
U+4F3B,伻,9,人,9.5
U+4F3C,似,9,人,9.5
U+4F3D,伽,9,人,9.5
U+4F3E,伾,9,人,9.5
U+4F3F,伿,9,人,9.5
U+4F40,佀,9,人,9.5
U+4F41,佁,9,人,9.5
U+4F42,佂,9,人,9.5
U+4F43,佃,9,人,9.5
U+4F44,佄,9,人,9.5
U+4F45,佅,9,人,9.5
U+4F46,但,9,人,9.5
U+4F47,佇,9,人,9.5
U+4F48,佈,9,人,9.5
U+4F49,佉,9,人,9.5
U+4F4A,佊,9,人,9.5
U+4F4B,佋,9,人,9.5
U+4F4C,佌,9,人,9.5
U+4F4D,位,9,人,9.5
U+4F4E,低,9,人,9.5
U+4F4F,住,9,人,9.5
U+4F50,佐,9,人,9.5
U+4F51,佑,9,人,9.5
U+4F52,佒,9,人,9.5
U+4F53,体,9,人,9.5
U+4F54,佔,9,人,9.5
U+4F55,何,9,人,9.5
U+4F56,佖,9,人,9.5
U+4F57,佗,9,人,9.5
U+4F58,佘,9,人,9.5
U+4F59,余,9,人,9.5
U+4F5A,佚,9,人,9.5
U+4F5B,佛,9,人,9.5
U+4F5C,作,9,人,9.5
U+4F5D,佝,9,人,9.5
U+4F5E,佞,9,人,9.5
U+4F5F,佟,9,人,9.5
U+4F60,你,9,人,9.5
U+4F61,佡,9,人,9.5
U+4F62,佢,9,人,9.5
U+4F63,佣,9,人,9.5
U+4F64,佤,9,人,9.5
U+4F65,佥,9,人,9.5
U+4F66,佦,9,人,9.5
U+4F67,佧,9,人,9.5
U+4F68,佨,9,人,9.5
U+4F69,佩,9,人,9.6
U+4F6A,佪,9,人,9.6
U+4F6B,佫,9,人,9.6
U+4F6C,佬,9,人,9.6
U+4F6D,佭,9,人,9.6
U+4F6E,佮,9,人,9.6
U+4F6F,佯,9,人,9.6
U+4F70,佰,9,人,9.6
U+4F71,佱,9,人,9.6
U+4F72,佲,9,人,9.6
U+4F73,佳,9,人,9.6
U+4F74,佴,9,人,9.6
U+4F75,併,9,人,9.6
U+4F76,佶,9,人,9.6
U+4F77,佷,9,人,9.6
U+4F78,佸,9,人,9.6
U+4F79,佹,9,人,9.6
U+4F7A,佺,9,人,9.6
U+4F7B,佻,9,人,9.6
U+4F7C,佼,9,人,9.6
U+4F7D,佽,9,人,9.6
U+4F7E,佾,9,人,9.6
U+4F7F,使,9,人,9.6
U+4F80,侀,9,人,9.6
U+4F81,侁,9,人,9.6
U+4F82,侂,9,人,9.6
U+4F83,侃,9,人,9.6
U+4F84,侄,9,人,9.6
U+4F85,侅,9,人,9.6
U+4F86,來,9,人,9.6
U+4F87,侇,9,人,9.6
U+4F88,侈,9,人,9.6
U+4F89,侉,9,人,9.6
U+4F8A,侊,9,人,9.6
U+4F8B,例,9,人,9.6
U+4F8C,侌,9,人,9.6
U+4F8D,侍,9,人,9.6
U+4F8E,侎,9,人,9.6
U+4F8F,侏,9,人,9.6
U+4F90,侐,9,人,9.6
U+4F91,侑,9,人,9.6
U+4F92,侒,9,人,9.6
U+4F93,侓,9,人,9.6
U+4F94,侔,9,人,9.6
U+4F95,侕,9,人,9.6
U+4F96,侖,9,人,9.6
U+4F97,侗,9,人,9.6
U+4F98,侘,9,人,9.6
U+4F99,侙,9,人,9.6
U+4F9A,侚,9,人,9.6
U+4F9B,供,9,人,9.6
U+4F9C,侜,9,人,9.6
U+4F9D,依,9,人,9.6
U+4F9E,侞,9,人,9.6
U+4F9F,侟,9,人,9.6
U+4FA0,侠,9,人,9.6
U+4FA1,価,9,人,9.6
U+4FA2,侢,9,人,9.6
U+4FA3,侣,9,人,9.6
U+4FA4,侤,9,人,9.6
U+4FA5,侥,9,人,9.6
U+4FA6,侦,9,人,9.6
U+4FA7,侧,9,人,9.6
U+4FA8,侨,9,人,9.6
U+4FA9,侩,9,人,9.6
U+4FAA,侪,9,人,9.6
U+4FAB,侫,9,人,9.6
U+4FAC,侬,9,人,9.6
U+4FAD,侭,9,人,9.6
U+4FAE,侮,9,人,9.7
U+4FAF,侯,9,人,9.7
U+4FB0,侰,9,人,9.7
U+4FB1,侱,9,人,9.7
U+4FB2,侲,9,人,9.7
U+4FB3,侳,9,人,9.7
U+4FB4,侴,9,人,9.7
U+4FB5,侵,9,人,9.7
U+4FB6,侶,9,人,9.7
U+4FB7,侷,9,人,9.7
U+4FB8,侸,9,人,9.7
U+4FB9,侹,9,人,9.7
U+4FBA,侺,9,人,9.7
U+4FBB,侻,9,人,9.7
U+4FBC,侼,9,人,9.7
U+4FBD,侽,9,人,9.7
U+4FBE,侾,9,人,9.7
U+4FBF,便,9,人,9.7
U+4FC0,俀,9,人,9.7
U+4FC1,俁,9,人,9.7
U+4FC2,係,9,人,9.7
U+4FC3,促,9,人,9.7
U+4FC4,俄,9,人,9.7
U+4FC5,俅,9,人,9.7
U+4FC6,俆,9,人,9.7
U+4FC7,俇,9,人,9.7
U+4FC8,俈,9,人,9.7
U+4FC9,俉,9,人,9.7
U+4FCA,俊,9,人,9.7
U+4FCB,俋,9,人,9.7
U+4FCC,俌,9,人,9.7
U+4FCD,俍,9,人,9.7
U+4FCE,俎,9,人,9.7
U+4FCF,俏,9,人,9.7
U+4FD0,俐,9,人,9.7
U+4FD1,俑,9,人,9.7
U+4FD2,俒,9,人,9.7
U+4FD3,俓,9,人,9.7
U+4FD4,俔,9,人,9.7
U+4FD5,俕,9,人,9.7
U+4FD6,俖,9,人,9.7
U+4FD7,俗,9,人,9.7
U+4FD8,俘,9,人,9.7
U+4FD9,俙,9,人,9.7
U+4FDA,俚,9,人,9.7
U+4FDB,俛,9,人,9.7
U+4FDC,俜,9,人,9.7
U+4FDD,保,9,人,9.7
U+4FDE,俞,9,人,9.7
U+4FDF,俟,9,人,9.7
U+4FE0,俠,9,人,9.7
U+4FE1,信,9,人,9.7
U+4FE2,俢,9,人,9.7
U+4FE3,俣,9,人,9.7
U+4FE4,俤,9,人,9.7
U+4FE5,俥,9,人,9.7
U+4FE6,俦,9,人,9.7
U+4FE7,俧,9,人,9.7
U+4FE8,俨,9,人,9.7
U+4FE9,俩,9,人,9.7
U+4FEA,俪,9,人,9.7
U+4FEB,俫,9,人,9.7
U+4FEC,俬,9,人,9.7
U+4FED,俭,9,人,9.7
U+4FEE,修,9,人,9.8
U+4FEF,俯,9,人,9.8
U+4FF0,俰,9,人,9.8
U+4FF1,俱,9,人,9.8
U+4FF2,俲,9,人,9.8
U+4FF3,俳,9,人,9.8
U+4FF4,俴,9,人,9.8
U+4FF5,俵,9,人,9.8
U+4FF6,俶,9,人,9.8
U+4FF7,俷,9,人,9.8
U+4FF8,俸,9,人,9.8
U+4FF9,俹,9,人,9.8
U+4FFA,俺,9,人,9.8
U+4FFB,俻,9,人,9.8
U+4FFC,俼,9,人,9.8
U+4FFD,俽,9,人,9.8
U+4FFE,俾,9,人,9.8
U+4FFF,俿,9,人,9.8
U+5000,倀,9,人,9.8
U+5001,倁,9,人,9.8
U+5002,倂,9,人,9.8
U+5003,倃,9,人,9.8
U+5004,倄,9,人,9.8
U+5005,倅,9,人,9.8
U+5006,倆,9,人,9.8
U+5007,倇,9,人,9.8
U+5008,倈,9,人,9.8
U+5009,倉,9,人,9.8
U+500A,倊,9,人,9.8
U+500B,個,9,人,9.8
U+500C,倌,9,人,9.8
U+500D,倍,9,人,9.8
U+500E,倎,9,人,9.8
U+500F,倏,9,人,9.8
U+5010,倐,9,人,9.8
U+5011,們,9,人,9.8
U+5012,倒,9,人,9.8
U+5013,倓,9,人,9.8
U+5014,倔,9,人,9.8
U+5015,倕,9,人,9.8
U+5016,倖,9,人,9.8
U+5017,倗,9,人,9.8
U+5018,倘,9,人,9.8
U+5019,候,9,人,9.8
U+501A,倚,9,人,9.8
U+501B,倛,9,人,9.8
U+501C,倜,9,人,9.8
U+501D,倝,9,人,9.8
U+501E,倞,9,人,9.8
U+501F,借,9,人,9.8
U+5020,倠,9,人,9.8
U+5021,倡,9,人,9.8
U+5022,倢,9,人,9.8
U+5023,倣,9,人,9.8
U+5024,値,9,人,9.8
U+5025,倥,9,人,9.8
U+5026,倦,9,人,9.8
U+5027,倧,9,人,9.8
U+5028,倨,9,人,9.8
U+5029,倩,9,人,9.8
U+502A,倪,9,人,9.8
U+502B,倫,9,人,9.8
U+502C,倬,9,人,9.8
U+502D,倭,9,人,9.8
U+502E,倮,9,人,9.8
U+502F,倯,9,人,9.8
U+5030,倰,9,人,9.8
U+5031,倱,9,人,9.8
U+5032,倲,9,人,9.8
U+5033,倳,9,人,9.8
U+5034,倴,9,人,9.8
U+5035,倵,9,人,9.8
U+5036,倶,9,人,9.8
U+5037,倷,9,人,9.8
U+5038,倸,9,人,9.8
U+5039,倹,9,人,9.8
U+503A,债,9,人,9.8
U+503B,倻,9,人,9.9
U+503C,值,9,人,9.8
U+503D,倽,9,人,9.8
U+503E,倾,9,人,9.8
U+503F,倿,9,人,9.8
U+5040,偀,9,人,9.9
U+5041,偁,9,人,9.9
U+5042,偂,9,人,9.9
U+5043,偃,9,人,9.9
U+5044,偄,9,人,9.9
U+5045,偅,9,人,9.9
U+5046,偆,9,人,9.9
U+5047,假,9,人,9.9
U+5048,偈,9,人,9.9
U+5049,偉,9,人,9.9
U+504A,偊,9,人,9.9
U+504B,偋,9,人,9.9
U+504C,偌,9,人,9.9
U+504D,偍,9,人,9.9
U+504E,偎,9,人,9.9
U+504F,偏,9,人,9.9
U+5050,偐,9,人,9.9
U+5051,偑,9,人,9.9
U+5052,偒,9,人,9.9
U+5053,偓,9,人,9.9
U+5054,偔,9,人,9.9
U+5055,偕,9,人,9.9
U+5056,偖,9,人,9.9
U+5057,偗,9,人,9.9
U+5058,偘,9,人,9.9
U+5059,偙,9,人,9.9
U+505A,做,9,人,9.9
U+505B,偛,9,人,9.9
U+505C,停,9,人,9.9
U+505D,偝,9,人,9.9
U+505E,偞,9,人,9.9
U+505F,偟,9,人,9.9
U+5060,偠,9,人,9.9
U+5061,偡,9,人,9.9
U+5062,偢,9,人,9.9
U+5063,偣,9,人,9.9
U+5064,偤,9,人,9.9
U+5065,健,9,人,9.9
U+5066,偦,9,人,9.9
U+5067,偧,9,人,9.9
U+5068,偨,9,人,9.9
U+5069,偩,9,人,9.9
U+506A,偪,9,人,9.9
U+506B,偫,9,人,9.9
U+506C,偬,9,人,9.9
U+506D,偭,9,人,9.9
U+506E,偮,9,人,9.9
U+506F,偯,9,人,9.9
U+5070,偰,9,人,9.9
U+5071,偱,9,人,9.9
U+5072,偲,9,人,9.9
U+5073,偳,9,人,9.9
U+5074,側,9,人,9.9
U+5075,偵,9,人,9.9
U+5076,偶,9,人,9.9
U+5077,偷,9,人,9.9
U+5078,偸,9,人,9.9
U+5079,偹,9,人,9.9
U+507A,偺,9,人,9.9
U+507B,偻,9,人,9.9
U+507C,偼,9,人,9.9
U+507D,偽,9,人,9.9
U+507E,偾,9,人,9.9
U+507F,偿,9,人,9.9
U+5080,傀,9,人,9.10
U+5081,傁,9,人,9.10
U+5082,傂,9,人,9.10
U+5083,傃,9,人,9.10
U+5084,傄,9,人,9.10
U+5085,傅,9,人,9.10
U+5086,傆,9,人,9.10
U+5087,傇,9,人,9.10
U+5088,傈,9,人,9.10
U+5089,傉,9,人,9.10
U+508A,傊,9,人,9.10
U+508B,傋,9,人,9.10
U+508C,傌,9,人,9.10
U+508D,傍,9,人,9.10
U+508E,傎,9,人,9.10
U+508F,傏,9,人,9.10
U+5090,傐,9,人,9.10
U+5091,傑,9,人,9.10
U+5092,傒,9,人,9.10
U+5093,傓,9,人,9.10
U+5094,傔,9,人,9.10
U+5095,傕,9,人,9.10
U+5096,傖,9,人,9.10
U+5097,傗,9,人,9.10
U+5098,傘,9,人,9.10
U+5099,備,9,人,9.10
U+509A,傚,9,人,9.10
U+509B,傛,9,人,9.10
U+509C,傜,9,人,9.10
U+509D,傝,9,人,9.10
U+509E,傞,9,人,9.10
U+509F,傟,9,人,9.10
U+50A0,傠,9,人,9.10
U+50A1,傡,9,人,9.10
U+50A2,傢,9,人,9.10
U+50A3,傣,9,人,9.10
U+50A4,傤,9,人,9.10
U+50A5,傥,9,人,9.10
U+50A6,傦,9,人,9.10
U+50A7,傧,9,人,9.10
U+50A8,储,9,人,9.10
U+50A9,傩,9,人,9.10
U+50AA,傪,9,人,9.11
U+50AB,傫,9,人,9.11
U+50AC,催,9,人,9.11
U+50AD,傭,9,人,9.11
U+50AE,傮,9,人,9.11
U+50AF,傯,9,人,9.11
U+50B0,傰,9,人,9.11
U+50B1,傱,9,人,9.11
U+50B2,傲,9,人,9.11
U+50B3,傳,9,人,9.11
U+50B4,傴,9,人,9.11
U+50B5,債,9,人,9.11
U+50B6,傶,9,人,9.11
U+50B7,傷,9,人,9.11
U+50B8,傸,9,人,9.11
U+50B9,傹,9,人,9.11
U+50BA,傺,9,人,9.11
U+50BB,傻,9,人,9.11
U+50BC,傼,9,人,9.11
U+50BD,傽,9,人,9.11
U+50BE,傾,9,人,9.11
U+50BF,傿,9,人,9.11
U+50C0,僀,9,人,9.11
U+50C1,僁,9,人,9.11
U+50C2,僂,9,人,9.11
U+50C3,僃,9,人,9.11
U+50C4,僄,9,人,9.11
U+50C5,僅,9,人,9.11
U+50C6,僆,9,人,9.11
U+50C7,僇,9,人,9.11
U+50C8,僈,9,人,9.11
U+50C9,僉,9,人,9.11
U+50CA,僊,9,人,9.11
U+50CB,僋,9,人,9.11
U+50CC,僌,9,人,9.11
U+50CD,働,9,人,9.11
U+50CE,僎,9,人,9.12
U+50CF,像,9,人,9.12
U+50D0,僐,9,人,9.12
U+50D1,僑,9,人,9.12
U+50D2,僒,9,人,9.12
U+50D3,僓,9,人,9.12
U+50D4,僔,9,人,9.12
U+50D5,僕,9,人,9.12
U+50D6,僖,9,人,9.12
U+50D7,僗,9,人,9.12
U+50D8,僘,9,人,9.12
U+50D9,僙,9,人,9.12
U+50DA,僚,9,人,9.12
U+50DB,僛,9,人,9.12
U+50DC,僜,9,人,9.12
U+50DD,僝,9,人,9.12
U+50DE,僞,9,人,9.12
U+50DF,僟,9,人,9.12
U+50E0,僠,9,人,9.12
U+50E1,僡,9,人,9.12
U+50E2,僢,9,人,9.12
U+50E3,僣,9,人,9.12
U+50E4,僤,9,人,9.12
U+50E5,僥,9,人,9.12
U+50E6,僦,9,人,9.12
U+50E7,僧,9,人,9.12
U+50E8,僨,9,人,9.12
U+50E9,僩,9,人,9.12
U+50EA,僪,9,人,9.12
U+50EB,僫,9,人,9.12
U+50EC,僬,9,人,9.12
U+50ED,僭,9,人,9.12
U+50EE,僮,9,人,9.12
U+50EF,僯,9,人,9.12
U+50F0,僰,9,人,9.12
U+50F1,僱,9,人,9.12
U+50F2,僲,9,人,9.13
U+50F3,僳,9,人,9.12
U+50F4,僴,9,人,9.12
U+50F5,僵,9,人,9.13
U+50F6,僶,9,人,9.13
U+50F7,僷,9,人,9.13
U+50F8,僸,9,人,9.13
U+50F9,價,9,人,9.13
U+50FA,僺,9,人,9.13
U+50FB,僻,9,人,9.13
U+50FC,僼,9,人,9.13
U+50FD,僽,9,人,9.13
U+50FE,僾,9,人,9.13
U+50FF,僿,9,人,9.13
U+5100,儀,9,人,9.13
U+5101,儁,9,人,9.13
U+5102,儂,9,人,9.13
U+5103,儃,9,人,9.13
U+5104,億,9,人,9.13
U+5105,儅,9,人,9.13
U+5106,儆,9,人,9.13
U+5107,儇,9,人,9.13
U+5108,儈,9,人,9.13
U+5109,儉,9,人,9.13
U+510A,儊,9,人,9.13
U+510B,儋,9,人,9.13
U+510C,儌,9,人,9.13
U+510D,儍,9,人,9.13
U+510E,儎,9,人,9.13
U+510F,儏,9,人,9.13
U+5110,儐,9,人,9.14
U+5111,儑,9,人,9.14
U+5112,儒,9,人,9.14
U+5113,儓,9,人,9.14
U+5114,儔,9,人,9.14
U+5115,儕,9,人,9.14
U+5116,儖,9,人,9.14
U+5117,儗,9,人,9.14
U+5118,儘,9,人,9.14
U+5119,儙,9,人,9.14
U+511A,儚,9,人,9.14
U+511B,儛,9,人,9.14
U+511C,儜,9,人,9.14
U+511D,儝,9,人,9.14
U+511E,儞,9,人,9.14
U+511F,償,9,人,9.15
U+5120,儠,9,人,9.15
U+5121,儡,9,人,9.15
U+5122,儢,9,人,9.15
U+5123,儣,9,人,9.15
U+5124,儤,9,人,9.15
U+5125,儥,9,人,9.15
U+5126,儦,9,人,9.15
U+5127,儧,9,人,9.15
U+5128,儨,9,人,9.15
U+5129,儩,9,人,9.15
U+512A,優,9,人,9.15
U+512B,儫,9,人,9.14
U+512C,儬,9,人,9.15
U+512D,儭,9,人,9.16
U+512E,儮,9,人,9.16
U+512F,儯,9,人,9.16
U+5130,儰,9,人,9.16
U+5131,儱,9,人,9.16
U+5132,儲,9,人,9.16
U+5133,儳,9,人,9.17
U+5134,儴,9,人,9.17
U+5135,儵,9,人,9.17
U+5136,儶,9,人,9.18
U+5137,儷,9,人,9.19
U+5138,儸,9,人,9.19
U+5139,儹,9,人,9.19
U+513A,儺,9,人,9.19
U+513B,儻,9,人,9.20
U+513C,儼,9,人,9.20
U+513D,儽,9,人,9.21
U+513E,儾,9,人,9.22
U+513F,儿,10,儿,10.0
U+5140,兀,10,儿,10.1
U+5141,允,10,儿,10.2
U+5142,兂,10,儿,10.2
U+5143,元,10,儿,10.2
U+5144,兄,10,儿,10.3
U+5145,充,10,儿,10.4
U+5146,兆,10,儿,10.4
U+5147,兇,10,儿,10.4
U+5148,先,10,儿,10.4
U+5149,光,10,儿,10.4
U+514A,兊,10,儿,10.4
U+514B,克,10,儿,10.5
U+514C,兌,10,儿,10.5
U+514D,免,10,儿,10.5
U+514E,兎,10,儿,10.5
U+514F,兏,10,儿,10.5
U+5150,児,10,儿,10.5
U+5151,兑,10,儿,10.5
U+5152,兒,10,儿,10.6
U+5153,兓,10,儿,10.6
U+5154,兔,10,儿,10.6
U+5155,兕,10,儿,10.6
U+5156,兖,10,儿,10.6
U+5157,兗,10,儿,10.7
U+5158,兘,10,儿,10.7
U+5159,兙,10,儿,10.7
U+515A,党,10,儿,10.8
U+515B,兛,10,儿,10.8
U+515C,兜,10,儿,10.9
U+515D,兝,10,儿,10.9
U+515E,兞,10,儿,10.9
U+515F,兟,10,儿,10.10
U+5160,兠,10,儿,10.10
U+5161,兡,10,儿,10.11
U+5162,兢,10,儿,10.12
U+5163,兣,10,儿,10.14
U+5164,兤,10,儿,10.19
U+5165,入,11,入,11.0
U+5166,兦,11,入,11.1
U+5167,內,11,入,11.2
U+5168,全,11,入,11.4
U+5169,兩,11,入,11.6
U+516A,兪,11,入,11.7
U+516B,八,12,八,12.0
U+516C,公,12,八,12.2
U+516D,六,12,八,12.2
U+516E,兮,12,八,12.2
U+516F,兯,12,八,12.2
U+5170,兰,12,八,12.3 1.4
U+5171,共,12,八,12.4
U+5172,兲,12,八,12.4
U+5173,关,12,八,12.4 37.3
U+5174,兴,12,八,12.4
U+5175,兵,12,八,12.5
U+5176,其,12,八,12.6
U+5177,具,12,八,12.6
U+5178,典,12,八,12.6
U+5179,兹,12,八,12.7 52.6
U+517A,兺,12,八,12.8
U+517B,养,12,八,12.7 123.3
U+517C,兼,12,八,12.8
U+517D,兽,12,八,12.9 30.8
U+517E,兾,12,八,12.11
U+517F,兿,12,八,12.11
U+5180,冀,12,八,12.14
U+5181,冁,12,八,12.16
U+5182,冂,13,冂,13.0
U+5183,冃,13,冂,13.2
U+5184,冄,13,冂,13.2
U+5185,内,13,冂,13.2
U+5186,円,13,冂,13.2
U+5187,冇,13,冂,13.2
U+5188,冈,13,冂,13.2
U+5189,冉,13,冂,13.3
U+518A,冊,13,冂,13.3
U+518B,冋,13,冂,13.3
U+518C,册,13,冂,13.3
U+518D,再,13,冂,13.4
U+518E,冎,13,冂,13.4
U+518F,冏,13,冂,13.5
U+5190,冐,13,冂,13.6
U+5191,冑,13,冂,13.7
U+5192,冒,13,冂,13.7
U+5193,冓,13,冂,13.8
U+5194,冔,13,冂,13.8
U+5195,冕,13,冂,13.9
U+5196,冖,14,冖,14.0
U+5197,冗,14,冖,14.2
U+5198,冘,14,冖,14.2
U+5199,写,14,冖,14.3
U+519A,冚,14,冖,14.3
U+519B,军,14,冖,14.4
U+519C,农,14,冖,14.4
U+519D,冝,14,冖,14.5
U+519E,冞,14,冖,14.6
U+519F,冟,14,冖,14.7
U+51A0,冠,14,冖,14.7
U+51A1,冡,14,冖,14.8
U+51A2,冢,14,冖,14.8
U+51A3,冣,14,冖,14.8
U+51A4,冤,14,冖,14.8
U+51A5,冥,14,冖,14.8
U+51A6,冦,14,冖,14.8
U+51A7,冧,14,冖,14.8
U+51A8,冨,14,冖,14.9
U+51A9,冩,14,冖,14.12
U+51AA,冪,14,冖,14.14
U+51AB,冫,15,冫,15.0
U+51AC,冬,15,冫,15.3
U+51AD,冭,15,冫,15.3
U+51AE,冮,15,冫,15.3
U+51AF,冯,15,冫,15.3
U+51B0,冰,15,冫,15.4
U+51B1,冱,15,冫,15.4
U+51B2,冲,15,冫,15.4
U+51B3,决,15,冫,15.4
U+51B4,冴,15,冫,15.4
U+51B5,况,15,冫,15.5
U+51B6,冶,15,冫,15.5
U+51B7,冷,15,冫,15.5
U+51B8,冸,15,冫,15.5
U+51B9,冹,15,冫,15.5
U+51BA,冺,15,冫,15.5
U+51BB,冻,15,冫,15.5
U+51BC,冼,15,冫,15.6
U+51BD,冽,15,冫,15.6
U+51BE,冾,15,冫,15.6
U+51BF,冿,15,冫,15.6
U+51C0,净,15,冫,15.6
U+51C1,凁,15,冫,15.7
U+51C2,凂,15,冫,15.7
U+51C3,凃,15,冫,15.7
U+51C4,凄,15,冫,15.8
U+51C5,凅,15,冫,15.8
U+51C6,准,15,冫,15.8
U+51C7,凇,15,冫,15.8
U+51C8,凈,15,冫,15.8
U+51C9,凉,15,冫,15.8
U+51CA,凊,15,冫,15.8
U+51CB,凋,15,冫,15.8
U+51CC,凌,15,冫,15.8
U+51CD,凍,15,冫,15.8
U+51CE,凎,15,冫,15.8
U+51CF,减,15,冫,15.9
U+51D0,凐,15,冫,15.9
U+51D1,凑,15,冫,15.9
U+51D2,凒,15,冫,15.10
U+51D3,凓,15,冫,15.10
U+51D4,凔,15,冫,15.10
U+51D5,凕,15,冫,15.10
U+51D6,凖,15,冫,15.10
U+51D7,凗,15,冫,15.11
U+51D8,凘,15,冫,15.12
U+51D9,凙,15,冫,15.13
U+51DA,凚,15,冫,15.13
U+51DB,凛,15,冫,15.13
U+51DC,凜,15,冫,15.13
U+51DD,凝,15,冫,15.14
U+51DE,凞,15,冫,15.14
U+51DF,凟,15,冫,15.15
U+51E0,几,16,几,16.0
U+51E1,凡,16,几,16.1
U+51E2,凢,16,几,16.1
U+51E3,凣,16,几,16.1
U+51E4,凤,16,几,16.2
U+51E5,凥,16,几,16.3
U+51E6,処,16,几,16.3 34.2
U+51E7,凧,16,几,16.3
U+51E8,凨,16,几,16.4
U+51E9,凩,16,几,16.4
U+51EA,凪,16,几,16.4
U+51EB,凫,16,几,16.4
U+51EC,凬,16,几,16.5 182.0
U+51ED,凭,16,几,16.6
U+51EE,凮,16,几,16.6
U+51EF,凯,16,几,16.6
U+51F0,凰,16,几,16.9
U+51F1,凱,16,几,16.10
U+51F2,凲,16,几,16.10
U+51F3,凳,16,几,16.12
U+51F4,凴,16,几,16.12
U+51F5,凵,17,凵,17.0
U+51F6,凶,17,凵,17.2
U+51F7,凷,17,凵,17.3
U+51F8,凸,17,凵,17.3
U+51F9,凹,17,凵,17.3
U+51FA,出,17,凵,17.3
U+51FB,击,17,凵,17.3
U+51FC,凼,17,凵,17.4 85.2
U+51FD,函,17,凵,17.6
U+51FE,凾,17,凵,17.7
U+51FF,凿,17,凵,17.10
U+5200,刀,18,刀,18.0
U+5201,刁,18,刀,18.0
U+5202,刂,18,刀,18.0
U+5203,刃,18,刀,18.1
U+5204,刄,18,刀,18.1
U+5205,刅,18,刀,18.2
U+5206,分,18,刀,18.2
U+5207,切,18,刀,18.2
U+5208,刈,18,刀,18.2
U+5209,刉,18,刀,18.3
U+520A,刊,18,刀,18.3
U+520B,刋,18,刀,18.3
U+520C,刌,18,刀,18.3
U+520D,刍,18,刀,18.3 58.2
U+520E,刎,18,刀,18.4
U+520F,刏,18,刀,18.4
U+5210,刐,18,刀,18.4
U+5211,刑,18,刀,18.4
U+5212,划,18,刀,18.4
U+5213,刓,18,刀,18.4
U+5214,刔,18,刀,18.4
U+5215,刕,18,刀,18.4
U+5216,刖,18,刀,18.4
U+5217,列,18,刀,18.4
U+5218,刘,18,刀,18.4
U+5219,则,18,刀,18.4
U+521A,刚,18,刀,18.4
U+521B,创,18,刀,18.4
U+521C,刜,18,刀,18.5
U+521D,初,18,刀,18.5 145.2
U+521E,刞,18,刀,18.5
U+521F,刟,18,刀,18.5
U+5220,删,18,刀,18.5
U+5221,刡,18,刀,18.5
U+5222,刢,18,刀,18.5
U+5223,刣,18,刀,18.5
U+5224,判,18,刀,18.5
U+5225,別,18,刀,18.5
U+5226,刦,18,刀,18.5
U+5227,刧,18,刀,18.5
U+5228,刨,18,刀,18.5
U+5229,利,18,刀,18.5
U+522A,刪,18,刀,18.5
U+522B,别,18,刀,18.5
U+522C,刬,18,刀,18.5
U+522D,刭,18,刀,18.5
U+522E,刮,18,刀,18.6
U+522F,刯,18,刀,18.6
U+5230,到,18,刀,18.6
U+5231,刱,18,刀,18.6
U+5232,刲,18,刀,18.6
U+5233,刳,18,刀,18.6
U+5234,刴,18,刀,18.6
U+5235,刵,18,刀,18.6
U+5236,制,18,刀,18.6
U+5237,刷,18,刀,18.6
U+5238,券,18,刀,18.6
U+5239,刹,18,刀,18.6
U+523A,刺,18,刀,18.6
U+523B,刻,18,刀,18.6
U+523C,刼,18,刀,18.6
U+523D,刽,18,刀,18.6
U+523E,刾,18,刀,18.6
U+523F,刿,18,刀,18.6
U+5240,剀,18,刀,18.6
U+5241,剁,18,刀,18.6
U+5242,剂,18,刀,18.6
U+5243,剃,18,刀,18.7
U+5244,剄,18,刀,18.7
U+5245,剅,18,刀,18.7
U+5246,剆,18,刀,18.7
U+5247,則,18,刀,18.7
U+5248,剈,18,刀,18.7
U+5249,剉,18,刀,18.7
U+524A,削,18,刀,18.7
U+524B,剋,18,刀,18.7
U+524C,剌,18,刀,18.7
U+524D,前,18,刀,18.7
U+524E,剎,18,刀,18.7
U+524F,剏,18,刀,18.7
U+5250,剐,18,刀,18.7
U+5251,剑,18,刀,18.7
U+5252,剒,18,刀,18.8
U+5253,剓,18,刀,18.8
U+5254,剔,18,刀,18.8
U+5255,剕,18,刀,18.8
U+5256,剖,18,刀,18.8
U+5257,剗,18,刀,18.8
U+5258,剘,18,刀,18.8
U+5259,剙,18,刀,18.8
U+525A,剚,18,刀,18.8
U+525B,剛,18,刀,18.8
U+525C,剜,18,刀,18.8
U+525D,剝,18,刀,18.8
U+525E,剞,18,刀,18.8
U+525F,剟,18,刀,18.8
U+5260,剠,18,刀,18.8
U+5261,剡,18,刀,18.8
U+5262,剢,18,刀,18.8
U+5263,剣,18,刀,18.8
U+5264,剤,18,刀,18.8 210''.2
U+5265,剥,18,刀,18.8
U+5266,剦,18,刀,18.8
U+5267,剧,18,刀,18.8
U+5268,剨,18,刀,18.9
U+5269,剩,18,刀,18.10
U+526A,剪,18,刀,18.9
U+526B,剫,18,刀,18.9
U+526C,剬,18,刀,18.9
U+526D,剭,18,刀,18.9
U+526E,剮,18,刀,18.9
U+526F,副,18,刀,18.9
U+5270,剰,18,刀,18.9
U+5271,剱,18,刀,18.9
U+5272,割,18,刀,18.10
U+5273,剳,18,刀,18.10
U+5274,剴,18,刀,18.10
U+5275,創,18,刀,18.10
U+5276,剶,18,刀,18.9
U+5277,剷,18,刀,18.11
U+5278,剸,18,刀,18.11
U+5279,剹,18,刀,18.11
U+527A,剺,18,刀,18.11
U+527B,剻,18,刀,18.11
U+527C,剼,18,刀,18.11
U+527D,剽,18,刀,18.11
U+527E,剾,18,刀,18.11
U+527F,剿,18,刀,18.11
U+5280,劀,18,刀,18.12
U+5281,劁,18,刀,18.12
U+5282,劂,18,刀,18.12
U+5283,劃,18,刀,18.12
U+5284,劄,18,刀,18.12
U+5285,劅,18,刀,18.13
U+5286,劆,18,刀,18.13
U+5287,劇,18,刀,18.13
U+5288,劈,18,刀,18.13
U+5289,劉,18,刀,18.13
U+528A,劊,18,刀,18.13
U+528B,劋,18,刀,18.13
U+528C,劌,18,刀,18.13
U+528D,劍,18,刀,18.13
U+528E,劎,18,刀,18.13
U+528F,劏,18,刀,18.13
U+5290,劐,18,刀,18.14
U+5291,劑,18,刀,18.14
U+5292,劒,18,刀,18.14
U+5293,劓,18,刀,18.14
U+5294,劔,18,刀,18.14
U+5295,劕,18,刀,18.15
U+5296,劖,18,刀,18.17
U+5297,劗,18,刀,18.19
U+5298,劘,18,刀,18.19
U+5299,劙,18,刀,18.21
U+529A,劚,18,刀,18.21
U+529B,力,19,力,19.0
U+529C,劜,19,力,19.1
U+529D,劝,19,力,19.2
U+529E,办,19,力,19.2
U+529F,功,19,力,19.3
U+52A0,加,19,力,19.3
U+52A1,务,19,力,19.3
U+52A2,劢,19,力,19.3
U+52A3,劣,19,力,19.4
U+52A4,劤,19,力,19.4
U+52A5,劥,19,力,19.4
U+52A6,劦,19,力,19.4
U+52A7,劧,19,力,19.4
U+52A8,动,19,力,19.4
U+52A9,助,19,力,19.5
U+52AA,努,19,力,19.5
U+52AB,劫,19,力,19.5
U+52AC,劬,19,力,19.5
U+52AD,劭,19,力,19.5
U+52AE,劮,19,力,19.5
U+52AF,劯,19,力,19.5
U+52B0,劰,19,力,19.5
U+52B1,励,19,力,19.5
U+52B2,劲,19,力,19.5
U+52B3,劳,19,力,19.6 140.4
U+52B4,労,19,力,19.5
U+52B5,劵,19,力,19.6
U+52B6,劶,19,力,19.6
U+52B7,劷,19,力,19.6
U+52B8,劸,19,力,19.6
U+52B9,効,19,力,19.6
U+52BA,劺,19,力,19.6
U+52BB,劻,19,力,19.6
U+52BC,劼,19,力,19.6
U+52BD,劽,19,力,19.6
U+52BE,劾,19,力,19.6
U+52BF,势,19,力,19.6
U+52C0,勀,19,力,19.7
U+52C1,勁,19,力,19.7
U+52C2,勂,19,力,19.7
U+52C3,勃,19,力,19.7
U+52C4,勄,19,力,19.7
U+52C5,勅,19,力,19.7
U+52C6,勆,19,力,19.7
U+52C7,勇,19,力,19.7
U+52C8,勈,19,力,19.7
U+52C9,勉,19,力,19.7
U+52CA,勊,19,力,19.7
U+52CB,勋,19,力,19.7
U+52CC,勌,19,力,19.8
U+52CD,勍,19,力,19.8
U+52CE,勎,19,力,19.8
U+52CF,勏,19,力,19.8
U+52D0,勐,19,力,19.8
U+52D1,勑,19,力,19.8
U+52D2,勒,19,力,19.9
U+52D3,勓,19,力,19.9
U+52D4,勔,19,力,19.9
U+52D5,動,19,力,19.9
U+52D6,勖,19,力,19.9
U+52D7,勗,72,日,72.7 73.7 19.9
U+52D8,勘,19,力,19.9
U+52D9,務,19,力,19.9
U+52DA,勚,19,力,19.9
U+52DB,勛,19,力,19.10
U+52DC,勜,19,力,19.10
U+52DD,勝,19,力,19.10
U+52DE,勞,19,力,19.10
U+52DF,募,19,力,19.11
U+52E0,勠,19,力,19.11
U+52E1,勡,19,力,19.11
U+52E2,勢,19,力,19.11
U+52E3,勣,19,力,19.11
U+52E4,勤,19,力,19.11
U+52E5,勥,19,力,19.11
U+52E6,勦,19,力,19.11
U+52E7,勧,19,力,19.11
U+52E8,勨,19,力,19.12
U+52E9,勩,19,力,19.12
U+52EA,勪,19,力,19.12
U+52EB,勫,19,力,19.12
U+52EC,勬,19,力,19.12
U+52ED,勭,19,力,19.12
U+52EE,勮,19,力,19.13
U+52EF,勯,19,力,19.13
U+52F0,勰,19,力,19.13
U+52F1,勱,19,力,19.13
U+52F2,勲,19,力,19.13 86.11
U+52F3,勳,19,力,19.14
U+52F4,勴,19,力,19.15
U+52F5,勵,19,力,19.15
U+52F6,勶,19,力,19.15
U+52F7,勷,19,力,19.17
U+52F8,勸,19,力,19.18
U+52F9,勹,20,勹,20.0
U+52FA,勺,20,勹,20.1
U+52FB,勻,20,勹,20.2
U+52FC,勼,20,勹,20.2
U+52FD,勽,20,勹,20.2
U+52FE,勾,20,勹,20.2
U+52FF,勿,20,勹,20.2
U+5300,匀,20,勹,20.2
U+5301,匁,20,勹,20.2
U+5302,匂,20,勹,20.2
U+5303,匃,20,勹,20.3
U+5304,匄,20,勹,20.3
U+5305,包,20,勹,20.3
U+5306,匆,20,勹,20.3
U+5307,匇,20,勹,20.3
U+5308,匈,20,勹,20.4
U+5309,匉,20,勹,20.5
U+530A,匊,20,勹,20.6
U+530B,匋,20,勹,20.6
U+530C,匌,20,勹,20.6
U+530D,匍,20,勹,20.7
U+530E,匎,20,勹,20.8
U+530F,匏,20,勹,20.9
U+5310,匐,20,勹,20.9
U+5311,匑,20,勹,20.10
U+5312,匒,20,勹,20.10
U+5313,匓,20,勹,20.11
U+5314,匔,20,勹,20.13
U+5315,匕,21,匕,21.0
U+5316,化,21,匕,21.2
U+5317,北,21,匕,21.3
U+5318,匘,21,匕,21.9
U+5319,匙,21,匕,21.9
U+531A,匚,22,匚,22.0
U+531B,匛,22,匚,22.3
U+531C,匜,22,匚,22.3
U+531D,匝,22,匚,22.3
U+531E,匞,22,匚,22.3
U+531F,匟,22,匚,22.4
U+5320,匠,22,匚,22.4
U+5321,匡,22,匚,22.4
U+5322,匢,22,匚,22.4
U+5323,匣,22,匚,22.5
U+5324,匤,22,匚,22.5
U+5325,匥,22,匚,22.5
U+5326,匦,22,匚,22.6
U+5327,匧,22,匚,22.7
U+5328,匨,22,匚,22.7
U+5329,匩,22,匚,22.7
U+532A,匪,22,匚,22.8
U+532B,匫,22,匚,22.8
U+532C,匬,22,匚,22.9
U+532D,匭,22,匚,22.9
U+532E,匮,22,匚,22.9
U+532F,匯,22,匚,22.11
U+5330,匰,22,匚,22.12
U+5331,匱,22,匚,22.12
U+5332,匲,22,匚,22.12
U+5333,匳,22,匚,22.13
U+5334,匴,22,匚,22.14
U+5335,匵,22,匚,22.15
U+5336,匶,22,匚,22.17
U+5337,匷,22,匚,22.18
U+5338,匸,23,匸,23.0
U+5339,匹,23,匸,23.2
U+533A,区,23,匸,23.2
U+533B,医,23,匸,23.5
U+533C,匼,23,匸,23.6
U+533D,匽,23,匸,23.7
U+533E,匾,23,匸,23.9
U+533F,匿,23,匸,23.9
U+5340,區,23,匸,23.9
U+5341,十,24,十,24.0
U+5342,卂,24,十,24.1
U+5343,千,24,十,24.1
U+5344,卄,1,一,1.2 24.1
U+5345,卅,24,十,24.2
U+5346,卆,24,十,24.2
U+5347,升,24,十,24.2
U+5348,午,24,十,24.2
U+5349,卉,24,十,24.3
U+534A,半,24,十,24.3
U+534B,卋,24,十,24.4
U+534C,卌,24,十,24.3
U+534D,卍,24,十,24.4
U+534E,华,24,十,24.4
U+534F,协,24,十,24.4
U+5350,卐,24,十,24.4
U+5351,卑,24,十,24.6
U+5352,卒,24,十,24.6
U+5353,卓,24,十,24.6
U+5354,協,24,十,24.6
U+5355,单,24,十,24.6
U+5356,卖,24,十,24.6
U+5357,南,24,十,24.7
U+5358,単,24,十,24.7
U+5359,卙,24,十,24.9
U+535A,博,24,十,24.10
U+535B,卛,24,十,24.19
U+535C,卜,25,卜,25.0
U+535D,卝,25,卜,25.2
U+535E,卞,25,卜,25.2
U+535F,卟,25,卜,25.3 30.2
U+5360,占,25,卜,25.3
U+5361,卡,25,卜,25.3
U+5362,卢,25,卜,25.3
U+5363,卣,25,卜,25.5
U+5364,卤,25,卜,25.5 197'.0
U+5365,卥,25,卜,25.6
U+5366,卦,25,卜,25.6
U+5367,卧,25,卜,25.6 131.2
U+5368,卨,25,卜,25.9
U+5369,卩,26,卩,26.0
U+536A,卪,26,卩,26.1
U+536B,卫,26,卩,26.1
U+536C,卬,26,卩,26.2
U+536D,卭,26,卩,26.3
U+536E,卮,26,卩,26.3
U+536F,卯,26,卩,26.3
U+5370,印,26,卩,26.4
U+5371,危,26,卩,26.4
U+5372,卲,26,卩,26.5
U+5373,即,26,卩,26.5
U+5374,却,26,卩,26.5
U+5375,卵,26,卩,26.5
U+5376,卶,26,卩,26.6
U+5377,卷,26,卩,26.6
U+5378,卸,26,卩,26.6
U+5379,卹,26,卩,26.6
U+537A,卺,26,卩,26.6
U+537B,卻,26,卩,26.7
U+537C,卼,26,卩,26.7
U+537D,卽,26,卩,26.7
U+537E,卾,26,卩,26.9
U+537F,卿,26,卩,26.8 26.10
U+5380,厀,26,卩,26.11
U+5381,厁,26,卩,26.11
U+5382,厂,27,厂,27.0
U+5383,厃,27,厂,27.2
U+5384,厄,27,厂,27.2
U+5385,厅,27,厂,27.2
U+5386,历,27,厂,27.2 19.2
U+5387,厇,27,厂,27.3
U+5388,厈,27,厂,27.3
U+5389,厉,27,厂,27.3
U+538A,厊,27,厂,27.4
U+538B,压,27,厂,27.4
U+538C,厌,27,厂,27.4
U+538D,厍,27,厂,27.4
U+538E,厎,27,厂,27.5
U+538F,厏,27,厂,27.5
U+5390,厐,27,厂,27.5
U+5391,厑,27,厂,27.5
U+5392,厒,27,厂,27.6
U+5393,厓,27,厂,27.6
U+5394,厔,27,厂,27.6
U+5395,厕,27,厂,27.6
U+5396,厖,27,厂,27.7
U+5397,厗,27,厂,27.7
U+5398,厘,27,厂,27.7
U+5399,厙,27,厂,27.7
U+539A,厚,27,厂,27.7
U+539B,厛,27,厂,27.7
U+539C,厜,27,厂,27.8
U+539D,厝,27,厂,27.8
U+539E,厞,27,厂,27.8
U+539F,原,27,厂,27.8
U+53A0,厠,27,厂,27.9
U+53A1,厡,27,厂,27.9
U+53A2,厢,27,厂,27.9
U+53A3,厣,27,厂,27.9
U+53A4,厤,27,厂,27.10
U+53A5,厥,27,厂,27.10
U+53A6,厦,27,厂,27.10
U+53A7,厧,27,厂,27.10
U+53A8,厨,27,厂,27.10
U+53A9,厩,27,厂,27.9
U+53AA,厪,27,厂,27.11
U+53AB,厫,27,厂,27.11
U+53AC,厬,27,厂,27.12
U+53AD,厭,27,厂,27.12
U+53AE,厮,27,厂,27.12
U+53AF,厯,27,厂,27.11 61.10
U+53B0,厰,27,厂,27.12
U+53B1,厱,27,厂,27.13
U+53B2,厲,27,厂,27.13
U+53B3,厳,27,厂,27.15
U+53B4,厴,27,厂,27.17
U+53B5,厵,27,厂,27.28
U+53B6,厶,28,厶,28.0
U+53B7,厷,28,厶,28.2
U+53B8,厸,28,厶,28.2
U+53B9,厹,28,厶,28.2
U+53BA,厺,28,厶,28.3
U+53BB,去,28,厶,28.3
U+53BC,厼,28,厶,28.3 42.2
U+53BD,厽,28,厶,28.4
U+53BE,厾,28,厶,28.4
U+53BF,县,28,厶,28.5
U+53C0,叀,28,厶,28.6
U+53C1,叁,28,厶,28.6
U+53C2,参,28,厶,28.6
U+53C3,參,28,厶,28.9
U+53C4,叄,28,厶,28.9
U+53C5,叅,28,厶,28.10
U+53C6,叆,28,厶,28.12 7.12
U+53C7,叇,28,厶,28.13 7.13
U+53C8,又,29,又,29.0
U+53C9,叉,29,又,29.1
U+53CA,及,29,又,29.2
U+53CB,友,29,又,29.2
U+53CC,双,29,又,29.2
U+53CD,反,29,又,29.2
U+53CE,収,29,又,29.2
U+53CF,叏,29,又,29.3
U+53D0,叐,29,又,29.3
U+53D1,发,29,又,29.3
U+53D2,叒,29,又,29.4
U+53D3,叓,29,又,29.5
U+53D4,叔,29,又,29.6
U+53D5,叕,29,又,29.6
U+53D6,取,29,又,29.6
U+53D7,受,29,又,29.6
U+53D8,变,29,又,29.6 8.6
U+53D9,叙,29,又,29.7
U+53DA,叚,29,又,29.7
U+53DB,叛,29,又,29.7
U+53DC,叜,29,又,29.7
U+53DD,叝,29,又,29.7
U+53DE,叞,29,又,29.8
U+53DF,叟,29,又,29.8
U+53E0,叠,29,又,29.11
U+53E1,叡,29,又,29.14
U+53E2,叢,29,又,29.16
U+53E3,口,30,口,30.0
U+53E4,古,30,口,30.2
U+53E5,句,30,口,30.2
U+53E6,另,30,口,30.2
U+53E7,叧,30,口,30.2
U+53E8,叨,30,口,30.2
U+53E9,叩,30,口,30.2
U+53EA,只,30,口,30.2
U+53EB,叫,30,口,30.2
U+53EC,召,30,口,30.2
U+53ED,叭,30,口,30.2
U+53EE,叮,30,口,30.2
U+53EF,可,30,口,30.2
U+53F0,台,30,口,30.2
U+53F1,叱,30,口,30.2
U+53F2,史,30,口,30.2
U+53F3,右,30,口,30.2
U+53F4,叴,30,口,30.2
U+53F5,叵,30,口,30.2
U+53F6,叶,30,口,30.2
U+53F7,号,30,口,30.2
U+53F8,司,30,口,30.2
U+53F9,叹,30,口,30.2
U+53FA,叺,30,口,30.2
U+53FB,叻,30,口,30.2
U+53FC,叼,30,口,30.2
U+53FD,叽,30,口,30.2
U+53FE,叾,30,口,30.2
U+53FF,叿,30,口,30.3
U+5400,吀,30,口,30.3
U+5401,吁,30,口,30.3
U+5402,吂,30,口,30.3
U+5403,吃,30,口,30.3
U+5404,各,30,口,30.3
U+5405,吅,30,口,30.3
U+5406,吆,30,口,30.3
U+5407,吇,30,口,30.3
U+5408,合,30,口,30.3
U+5409,吉,30,口,30.3
U+540A,吊,30,口,30.3
U+540B,吋,30,口,30.3
U+540C,同,30,口,30.3
U+540D,名,30,口,30.3
U+540E,后,30,口,30.3
U+540F,吏,30,口,30.3
U+5410,吐,30,口,30.3
U+5411,向,30,口,30.3
U+5412,吒,30,口,30.3
U+5413,吓,30,口,30.3
U+5414,吔,30,口,30.3
U+5415,吕,30,口,30.3
U+5416,吖,30,口,30.3
U+5417,吗,30,口,30.3
U+5418,吘,30,口,30.4
U+5419,吙,30,口,30.4
U+541A,吚,30,口,30.4
U+541B,君,30,口,30.4
U+541C,吜,30,口,30.4
U+541D,吝,30,口,30.4
U+541E,吞,30,口,30.4
U+541F,吟,30,口,30.4
U+5420,吠,30,口,30.4
U+5421,吡,30,口,30.4
U+5422,吢,30,口,30.4
U+5423,吣,30,口,30.4
U+5424,吤,30,口,30.4
U+5425,吥,30,口,30.4
U+5426,否,30,口,30.4
U+5427,吧,30,口,30.4
U+5428,吨,30,口,30.4
U+5429,吩,30,口,30.4
U+542A,吪,30,口,30.4
U+542B,含,30,口,30.4
U+542C,听,30,口,30.4
U+542D,吭,30,口,30.4
U+542E,吮,30,口,30.4
U+542F,启,30,口,30.4 63.3
U+5430,吰,30,口,30.4
U+5431,吱,30,口,30.4
U+5432,吲,30,口,30.4
U+5433,吳,30,口,30.4
U+5434,吴,30,口,30.4
U+5435,吵,30,口,30.4
U+5436,吶,30,口,30.4
U+5437,吷,30,口,30.4
U+5438,吸,30,口,30.4
U+5439,吹,30,口,30.4
U+543A,吺,30,口,30.4
U+543B,吻,30,口,30.4
U+543C,吼,30,口,30.4
U+543D,吽,30,口,30.4
U+543E,吾,30,口,30.4
U+543F,吿,30,口,30.4
U+5440,呀,30,口,30.4
U+5441,呁,30,口,30.4
U+5442,呂,30,口,30.4
U+5443,呃,30,口,30.4
U+5444,呄,30,口,30.4
U+5445,呅,30,口,30.4
U+5446,呆,30,口,30.4
U+5447,呇,30,口,30.4
U+5448,呈,30,口,30.4
U+5449,呉,30,口,30.4
U+544A,告,30,口,30.4
U+544B,呋,30,口,30.4
U+544C,呌,30,口,30.4
U+544D,呍,30,口,30.4
U+544E,呎,30,口,30.4
U+544F,呏,30,口,30.4
U+5450,呐,30,口,30.4
U+5451,呑,30,口,30.4
U+5452,呒,30,口,30.4
U+5453,呓,30,口,30.4
U+5454,呔,30,口,30.4
U+5455,呕,30,口,30.4
U+5456,呖,30,口,30.4
U+5457,呗,30,口,30.4
U+5458,员,30,口,30.4
U+5459,呙,30,口,30.4
U+545A,呚,30,口,30.4
U+545B,呛,30,口,30.4
U+545C,呜,30,口,30.4
U+545D,呝,30,口,30.5
U+545E,呞,30,口,30.5
U+545F,呟,30,口,30.5
U+5460,呠,30,口,30.5
U+5461,呡,30,口,30.5
U+5462,呢,30,口,30.5
U+5463,呣,30,口,30.5
U+5464,呤,30,口,30.5
U+5465,呥,30,口,30.5
U+5466,呦,30,口,30.5
U+5467,呧,30,口,30.5
U+5468,周,30,口,30.5
U+5469,呩,30,口,30.5
U+546A,呪,30,口,30.5
U+546B,呫,30,口,30.5
U+546C,呬,30,口,30.5
U+546D,呭,30,口,30.5
U+546E,呮,30,口,30.5
U+546F,呯,30,口,30.5
U+5470,呰,30,口,30.5
U+5471,呱,30,口,30.5
U+5472,呲,30,口,30.5
U+5473,味,30,口,30.5
U+5474,呴,30,口,30.5
U+5475,呵,30,口,30.5
U+5476,呶,30,口,30.5
U+5477,呷,30,口,30.5
U+5478,呸,30,口,30.5
U+5479,呹,30,口,30.5
U+547A,呺,30,口,30.5
U+547B,呻,30,口,30.5
U+547C,呼,30,口,30.5
U+547D,命,30,口,30.5
U+547E,呾,30,口,30.5
U+547F,呿,30,口,30.5
U+5480,咀,30,口,30.5
U+5481,咁,30,口,30.5
U+5482,咂,30,口,30.5
U+5483,咃,30,口,30.5
U+5484,咄,30,口,30.5
U+5485,咅,30,口,30.5
U+5486,咆,30,口,30.5
U+5487,咇,30,口,30.5
U+5488,咈,30,口,30.5
U+5489,咉,30,口,30.5
U+548A,咊,30,口,30.5
U+548B,咋,30,口,30.5
U+548C,和,30,口,30.5
U+548D,咍,30,口,30.5
U+548E,咎,30,口,30.5
U+548F,咏,30,口,30.5
U+5490,咐,30,口,30.5
U+5491,咑,30,口,30.5
U+5492,咒,30,口,30.5
U+5493,咓,30,口,30.5
U+5494,咔,30,口,30.5
U+5495,咕,30,口,30.5
U+5496,咖,30,口,30.5
U+5497,咗,30,口,30.5
U+5498,咘,30,口,30.5
U+5499,咙,30,口,30.5
U+549A,咚,30,口,30.5
U+549B,咛,30,口,30.5
U+549C,咜,30,口,30.5
U+549D,咝,30,口,30.5
U+549E,咞,30,口,30.6
U+549F,咟,30,口,30.6
U+54A0,咠,30,口,30.6
U+54A1,咡,30,口,30.6
U+54A2,咢,30,口,30.6
U+54A3,咣,30,口,30.6
U+54A4,咤,30,口,30.6
U+54A5,咥,30,口,30.6
U+54A6,咦,30,口,30.6
U+54A7,咧,30,口,30.6
U+54A8,咨,30,口,30.6
U+54A9,咩,30,口,30.6
U+54AA,咪,30,口,30.6
U+54AB,咫,30,口,30.6
U+54AC,咬,30,口,30.6
U+54AD,咭,30,口,30.6
U+54AE,咮,30,口,30.6
U+54AF,咯,30,口,30.6
U+54B0,咰,30,口,30.6
U+54B1,咱,30,口,30.6
U+54B2,咲,30,口,30.6
U+54B3,咳,30,口,30.6
U+54B4,咴,30,口,30.6
U+54B5,咵,30,口,30.6
U+54B6,咶,30,口,30.6
U+54B7,咷,30,口,30.6
U+54B8,咸,30,口,30.6
U+54B9,咹,30,口,30.6
U+54BA,咺,30,口,30.6
U+54BB,咻,30,口,30.6
U+54BC,咼,30,口,30.6
U+54BD,咽,30,口,30.6
U+54BE,咾,30,口,30.6
U+54BF,咿,30,口,30.6
U+54C0,哀,30,口,30.6
U+54C1,品,30,口,30.6
U+54C2,哂,30,口,30.6
U+54C3,哃,30,口,30.6
U+54C4,哄,30,口,30.6
U+54C5,哅,30,口,30.6
U+54C6,哆,30,口,30.6
U+54C7,哇,30,口,30.6
U+54C8,哈,30,口,30.6
U+54C9,哉,30,口,30.6
U+54CA,哊,30,口,30.6
U+54CB,哋,30,口,30.6
U+54CC,哌,30,口,30.6
U+54CD,响,30,口,30.6
U+54CE,哎,30,口,30.6
U+54CF,哏,30,口,30.6
U+54D0,哐,30,口,30.6
U+54D1,哑,30,口,30.6
U+54D2,哒,30,口,30.6
U+54D3,哓,30,口,30.6
U+54D4,哔,30,口,30.6
U+54D5,哕,30,口,30.6
U+54D6,哖,30,口,30.6
U+54D7,哗,30,口,30.6
U+54D8,哘,30,口,30.6
U+54D9,哙,30,口,30.6
U+54DA,哚,30,口,30.6
U+54DB,哛,30,口,30.6
U+54DC,哜,30,口,30.6
U+54DD,哝,30,口,30.6
U+54DE,哞,30,口,30.6
U+54DF,哟,30,口,30.6
U+54E0,哠,30,口,30.7
U+54E1,員,30,口,30.7
U+54E2,哢,30,口,30.7
U+54E3,哣,30,口,30.7
U+54E4,哤,30,口,30.7
U+54E5,哥,30,口,30.7
U+54E6,哦,30,口,30.7
U+54E7,哧,30,口,30.7
U+54E8,哨,30,口,30.7
U+54E9,哩,30,口,30.7
U+54EA,哪,30,口,30.7
U+54EB,哫,30,口,30.7
U+54EC,哬,30,口,30.7
U+54ED,哭,30,口,30.7
U+54EE,哮,30,口,30.7
U+54EF,哯,30,口,30.7
U+54F0,哰,30,口,30.7
U+54F1,哱,30,口,30.7
U+54F2,哲,30,口,30.7
U+54F3,哳,30,口,30.7
U+54F4,哴,30,口,30.7
U+54F5,哵,30,口,30.7
U+54F6,哶,30,口,30.7
U+54F7,哷,30,口,30.7
U+54F8,哸,30,口,30.7
U+54F9,哹,30,口,30.7
U+54FA,哺,30,口,30.7
U+54FB,哻,30,口,30.7
U+54FC,哼,30,口,30.7
U+54FD,哽,30,口,30.7
U+54FE,哾,30,口,30.7
U+54FF,哿,30,口,30.7
U+5500,唀,30,口,30.7
U+5501,唁,30,口,30.7
U+5502,唂,30,口,30.7
U+5503,唃,30,口,30.7
U+5504,唄,30,口,30.7
U+5505,唅,30,口,30.7
U+5506,唆,30,口,30.7
U+5507,唇,30,口,30.7
U+5508,唈,30,口,30.7
U+5509,唉,30,口,30.7
U+550A,唊,30,口,30.7
U+550B,唋,30,口,30.7
U+550C,唌,30,口,30.7
U+550D,唍,30,口,30.7
U+550E,唎,30,口,30.7
U+550F,唏,30,口,30.7
U+5510,唐,30,口,30.7
U+5511,唑,30,口,30.7
U+5512,唒,30,口,30.7
U+5513,唓,30,口,30.7
U+5514,唔,30,口,30.7
U+5515,唕,30,口,30.7
U+5516,唖,30,口,30.7
U+5517,唗,30,口,30.7
U+5518,唘,30,口,30.7
U+5519,唙,30,口,30.7
U+551A,唚,30,口,30.7
U+551B,唛,30,口,30.7
U+551C,唜,30,口,30.7
U+551D,唝,30,口,30.7
U+551E,唞,30,口,30.7
U+551F,唟,30,口,30.7
U+5520,唠,30,口,30.7
U+5521,唡,30,口,30.7
U+5522,唢,30,口,30.7
U+5523,唣,30,口,30.7
U+5524,唤,30,口,30.7
U+5525,唥,30,口,30.7
U+5526,唦,30,口,30.7
U+5527,唧,30,口,30.7
U+5528,唨,30,口,30.8
U+5529,唩,30,口,30.8
U+552A,唪,30,口,30.8
U+552B,唫,30,口,30.8
U+552C,唬,30,口,30.8
U+552D,唭,30,口,30.8
U+552E,售,30,口,30.8
U+552F,唯,30,口,30.8
U+5530,唰,30,口,30.8
U+5531,唱,30,口,30.8
U+5532,唲,30,口,30.8
U+5533,唳,30,口,30.8
U+5534,唴,30,口,30.8
U+5535,唵,30,口,30.8
U+5536,唶,30,口,30.8
U+5537,唷,30,口,30.8
U+5538,唸,30,口,30.8
U+5539,唹,30,口,30.8
U+553A,唺,30,口,30.8
U+553B,唻,30,口,30.8
U+553C,唼,30,口,30.8
U+553D,唽,30,口,30.8
U+553E,唾,30,口,30.8 30.9
U+553F,唿,30,口,30.8
U+5540,啀,30,口,30.8
U+5541,啁,30,口,30.8
U+5542,啂,30,口,30.8
U+5543,啃,30,口,30.8
U+5544,啄,30,口,30.8
U+5545,啅,30,口,30.8
U+5546,商,30,口,30.8
U+5547,啇,30,口,30.8
U+5548,啈,30,口,30.8
U+5549,啉,30,口,30.8
U+554A,啊,30,口,30.8
U+554B,啋,30,口,30.8
U+554C,啌,30,口,30.8
U+554D,啍,30,口,30.8
U+554E,啎,30,口,30.8
U+554F,問,30,口,30.8
U+5550,啐,30,口,30.8
U+5551,啑,30,口,30.8
U+5552,啒,30,口,30.8
U+5553,啓,30,口,30.8
U+5554,啔,30,口,30.8
U+5555,啕,30,口,30.8
U+5556,啖,30,口,30.8
U+5557,啗,30,口,30.8
U+5558,啘,30,口,30.8
U+5559,啙,30,口,30.9
U+555A,啚,30,口,30.8
U+555B,啛,30,口,30.8
U+555C,啜,30,口,30.8
U+555D,啝,30,口,30.8
U+555E,啞,30,口,30.8
U+555F,啟,66,攴,66.7 30.8
U+5560,啠,30,口,30.8
U+5561,啡,30,口,30.8
U+5562,啢,30,口,30.8
U+5563,啣,30,口,30.8
U+5564,啤,30,口,30.8
U+5565,啥,30,口,30.8
U+5566,啦,30,口,30.8
U+5567,啧,30,口,30.8
U+5568,啨,30,口,30.8
U+5569,啩,30,口,30.8
U+556A,啪,30,口,30.8
U+556B,啫,30,口,30.9
U+556C,啬,30,口,30.8
U+556D,啭,30,口,30.8
U+556E,啮,30,口,30.8
U+556F,啯,30,口,30.8
U+5570,啰,30,口,30.8
U+5571,啱,30,口,30.8
U+5572,啲,30,口,30.8
U+5573,啳,30,口,30.8
U+5574,啴,30,口,30.8
U+5575,啵,30,口,30.8
U+5576,啶,30,口,30.8
U+5577,啷,30,口,30.8
U+5578,啸,30,口,30.8
U+5579,啹,30,口,30.8
U+557A,啺,30,口,30.9
U+557B,啻,30,口,30.9
U+557C,啼,30,口,30.9
U+557D,啽,30,口,30.9
U+557E,啾,30,口,30.9
U+557F,啿,30,口,30.9
U+5580,喀,30,口,30.9
U+5581,喁,30,口,30.9
U+5582,喂,30,口,30.9
U+5583,喃,30,口,30.9
U+5584,善,30,口,30.9
U+5585,喅,30,口,30.9
U+5586,喆,30,口,30.9
U+5587,喇,30,口,30.9
U+5588,喈,30,口,30.9
U+5589,喉,30,口,30.9
U+558A,喊,30,口,30.9
U+558B,喋,30,口,30.9
U+558C,喌,30,口,30.9
U+558D,喍,30,口,30.10
U+558E,喎,30,口,30.9
U+558F,喏,30,口,30.9
U+5590,喐,30,口,30.9
U+5591,喑,30,口,30.9
U+5592,喒,30,口,30.9
U+5593,喓,30,口,30.9
U+5594,喔,30,口,30.9
U+5595,喕,30,口,30.9
U+5596,喖,30,口,30.9
U+5597,喗,30,口,30.9
U+5598,喘,30,口,30.9
U+5599,喙,30,口,30.9
U+559A,喚,30,口,30.9
U+559B,喛,30,口,30.9
U+559C,喜,30,口,30.9
U+559D,喝,30,口,30.9
U+559E,喞,30,口,30.9
U+559F,喟,30,口,30.9
U+55A0,喠,30,口,30.9
U+55A1,喡,30,口,30.9
U+55A2,喢,30,口,30.9
U+55A3,喣,30,口,30.9
U+55A4,喤,30,口,30.9
U+55A5,喥,30,口,30.9
U+55A6,喦,30,口,30.9
U+55A7,喧,30,口,30.9
U+55A8,喨,30,口,30.9
U+55A9,喩,30,口,30.9
U+55AA,喪,30,口,30.9
U+55AB,喫,30,口,30.9
U+55AC,喬,30,口,30.9
U+55AD,喭,30,口,30.9
U+55AE,單,30,口,30.9
U+55AF,喯,30,口,30.9
U+55B0,喰,30,口,30.9
U+55B1,喱,30,口,30.9
U+55B2,喲,30,口,30.9
U+55B3,喳,30,口,30.9
U+55B4,喴,30,口,30.9
U+55B5,喵,30,口,30.9
U+55B6,営,30,口,30.9 42.9
U+55B7,喷,30,口,30.9
U+55B8,喸,30,口,30.9
U+55B9,喹,30,口,30.9
U+55BA,喺,30,口,30.9
U+55BB,喻,30,口,30.9
U+55BC,喼,30,口,30.9
U+55BD,喽,30,口,30.9
U+55BE,喾,30,口,30.9
U+55BF,喿,30,口,30.10
U+55C0,嗀,30,口,30.10
U+55C1,嗁,30,口,30.10
U+55C2,嗂,30,口,30.10
U+55C3,嗃,30,口,30.10
U+55C4,嗄,30,口,30.10
U+55C5,嗅,30,口,30.10
U+55C6,嗆,30,口,30.10
U+55C7,嗇,30,口,30.10
U+55C8,嗈,30,口,30.10
U+55C9,嗉,30,口,30.10
U+55CA,嗊,30,口,30.10
U+55CB,嗋,30,口,30.10
U+55CC,嗌,30,口,30.10
U+55CD,嗍,30,口,30.10
U+55CE,嗎,30,口,30.10
U+55CF,嗏,30,口,30.10
U+55D0,嗐,30,口,30.10
U+55D1,嗑,30,口,30.10
U+55D2,嗒,30,口,30.10
U+55D3,嗓,30,口,30.10
U+55D4,嗔,30,口,30.10
U+55D5,嗕,30,口,30.10
U+55D6,嗖,30,口,30.10
U+55D7,嗗,30,口,30.10
U+55D8,嗘,30,口,30.10
U+55D9,嗙,30,口,30.10
U+55DA,嗚,30,口,30.10
U+55DB,嗛,30,口,30.10
U+55DC,嗜,30,口,30.10
U+55DD,嗝,30,口,30.10
U+55DE,嗞,30,口,30.10
U+55DF,嗟,30,口,30.10
U+55E0,嗠,30,口,30.10
U+55E1,嗡,30,口,30.10
U+55E2,嗢,30,口,30.10
U+55E3,嗣,30,口,30.10
U+55E4,嗤,30,口,30.10
U+55E5,嗥,30,口,30.10
U+55E6,嗦,30,口,30.10
U+55E7,嗧,30,口,30.10
U+55E8,嗨,30,口,30.10
U+55E9,嗩,30,口,30.10
U+55EA,嗪,30,口,30.10
U+55EB,嗫,30,口,30.10
U+55EC,嗬,30,口,30.10
U+55ED,嗭,30,口,30.10
U+55EE,嗮,30,口,30.10
U+55EF,嗯,30,口,30.10
U+55F0,嗰,30,口,30.10
U+55F1,嗱,30,口,30.10
U+55F2,嗲,30,口,30.10
U+55F3,嗳,30,口,30.10
U+55F4,嗴,30,口,30.10
U+55F5,嗵,30,口,30.10
U+55F6,嗶,30,口,30.11
U+55F7,嗷,30,口,30.11
U+55F8,嗸,30,口,30.11
U+55F9,嗹,30,口,30.11
U+55FA,嗺,30,口,30.11
U+55FB,嗻,30,口,30.11
U+55FC,嗼,30,口,30.11
U+55FD,嗽,30,口,30.11
U+55FE,嗾,30,口,30.11
U+55FF,嗿,30,口,30.11
U+5600,嘀,30,口,30.11
U+5601,嘁,30,口,30.11
U+5602,嘂,30,口,30.11
U+5603,嘃,30,口,30.11
U+5604,嘄,30,口,30.11
U+5605,嘅,30,口,30.11
U+5606,嘆,30,口,30.11
U+5607,嘇,30,口,30.11
U+5608,嘈,30,口,30.11
U+5609,嘉,30,口,30.11
U+560A,嘊,30,口,30.11
U+560B,嘋,30,口,30.11
U+560C,嘌,30,口,30.11
U+560D,嘍,30,口,30.11
U+560E,嘎,30,口,30.11
U+560F,嘏,30,口,30.11
U+5610,嘐,30,口,30.11
U+5611,嘑,30,口,30.11
U+5612,嘒,30,口,30.11
U+5613,嘓,30,口,30.11
U+5614,嘔,30,口,30.11
U+5615,嘕,30,口,30.11
U+5616,嘖,30,口,30.11
U+5617,嘗,30,口,30.11
U+5618,嘘,30,口,30.11
U+5619,嘙,30,口,30.11
U+561A,嘚,30,口,30.11
U+561B,嘛,30,口,30.11
U+561C,嘜,30,口,30.11
U+561D,嘝,30,口,30.11
U+561E,嘞,30,口,30.11
U+561F,嘟,30,口,30.12
U+5620,嘠,30,口,30.12
U+5621,嘡,30,口,30.11
U+5622,嘢,30,口,30.11
U+5623,嘣,30,口,30.11
U+5624,嘤,30,口,30.11
U+5625,嘥,30,口,30.11
U+5626,嘦,30,口,30.11
U+5627,嘧,30,口,30.11
U+5628,嘨,30,口,30.12
U+5629,嘩,30,口,30.12
U+562A,嘪,30,口,30.12
U+562B,嘫,30,口,30.12
U+562C,嘬,30,口,30.12
U+562D,嘭,30,口,30.12
U+562E,嘮,30,口,30.12
U+562F,嘯,30,口,30.12
U+5630,嘰,30,口,30.12
U+5631,嘱,30,口,30.12
U+5632,嘲,30,口,30.12
U+5633,嘳,30,口,30.12
U+5634,嘴,30,口,30.12
U+5635,嘵,30,口,30.12
U+5636,嘶,30,口,30.12
U+5637,嘷,30,口,30.12
U+5638,嘸,30,口,30.12
U+5639,嘹,30,口,30.12
U+563A,嘺,30,口,30.12
U+563B,嘻,30,口,30.12
U+563C,嘼,30,口,30.12
U+563D,嘽,30,口,30.12
U+563E,嘾,30,口,30.12
U+563F,嘿,30,口,30.12
U+5640,噀,30,口,30.12
U+5641,噁,30,口,30.12
U+5642,噂,30,口,30.12
U+5643,噃,30,口,30.12
U+5644,噄,30,口,30.12
U+5645,噅,30,口,30.12
U+5646,噆,30,口,30.12
U+5647,噇,30,口,30.12
U+5648,噈,30,口,30.12
U+5649,噉,30,口,30.12
U+564A,噊,30,口,30.12
U+564B,噋,30,口,30.12
U+564C,噌,30,口,30.12
U+564D,噍,30,口,30.12
U+564E,噎,30,口,30.12
U+564F,噏,30,口,30.12
U+5650,噐,30,口,30.12
U+5651,噑,30,口,30.11
U+5652,噒,30,口,30.12
U+5653,噓,30,口,30.11
U+5654,噔,30,口,30.12
U+5655,噕,87,爪,87.11 30.12
U+5656,噖,30,口,30.12
U+5657,噗,30,口,30.12
U+5658,噘,30,口,30.12
U+5659,噙,30,口,30.12
U+565A,噚,30,口,30.12
U+565B,噛,30,口,30.12
U+565C,噜,30,口,30.12
U+565D,噝,30,口,30.12
U+565E,噞,30,口,30.13
U+565F,噟,30,口,30.13
U+5660,噠,30,口,30.13
U+5661,噡,30,口,30.13
U+5662,噢,30,口,30.13
U+5663,噣,30,口,30.13
U+5664,噤,30,口,30.13
U+5665,噥,30,口,30.13
U+5666,噦,30,口,30.13
U+5667,噧,30,口,30.13
U+5668,器,30,口,30.13
U+5669,噩,30,口,30.13
U+566A,噪,30,口,30.13
U+566B,噫,30,口,30.13
U+566C,噬,30,口,30.13
U+566D,噭,30,口,30.13
U+566E,噮,30,口,30.13
U+566F,噯,30,口,30.13
U+5670,噰,30,口,30.13
U+5671,噱,30,口,30.13
U+5672,噲,30,口,30.13
U+5673,噳,30,口,30.13
U+5674,噴,30,口,30.12
U+5675,噵,30,口,30.13
U+5676,噶,30,口,30.13
U+5677,噷,30,口,30.13
U+5678,噸,30,口,30.13
U+5679,噹,30,口,30.13
U+567A,噺,30,口,30.13
U+567B,噻,30,口,30.13
U+567C,噼,30,口,30.13
U+567D,噽,30,口,30.14
U+567E,噾,30,口,30.14
U+567F,噿,30,口,30.14
U+5680,嚀,30,口,30.14
U+5681,嚁,30,口,30.14
U+5682,嚂,30,口,30.14
U+5683,嚃,30,口,30.14
U+5684,嚄,30,口,30.14
U+5685,嚅,30,口,30.14
U+5686,嚆,30,口,30.14
U+5687,嚇,30,口,30.14
U+5688,嚈,30,口,30.14
U+5689,嚉,30,口,30.14
U+568A,嚊,30,口,30.14
U+568B,嚋,30,口,30.14
U+568C,嚌,30,口,30.14
U+568D,嚍,30,口,30.14
U+568E,嚎,30,口,30.14
U+568F,嚏,30,口,30.14
U+5690,嚐,30,口,30.14
U+5691,嚑,30,口,30.14
U+5692,嚒,30,口,30.14
U+5693,嚓,30,口,30.14
U+5694,嚔,30,口,30.15
U+5695,嚕,30,口,30.15
U+5696,嚖,30,口,30.15
U+5697,嚗,30,口,30.15
U+5698,嚘,30,口,30.15
U+5699,嚙,30,口,30.15
U+569A,嚚,30,口,30.15
U+569B,嚛,30,口,30.15
U+569C,嚜,30,口,30.15
U+569D,嚝,30,口,30.15
U+569E,嚞,30,口,30.15
U+569F,嚟,30,口,30.15
U+56A0,嚠,30,口,30.15
U+56A1,嚡,30,口,30.15
U+56A2,嚢,30,口,30.15
U+56A3,嚣,30,口,30.15
U+56A4,嚤,30,口,30.15
U+56A5,嚥,30,口,30.16
U+56A6,嚦,30,口,30.16
U+56A7,嚧,30,口,30.16
U+56A8,嚨,30,口,30.16
U+56A9,嚩,30,口,30.16
U+56AA,嚪,30,口,30.16
U+56AB,嚫,30,口,30.16
U+56AC,嚬,30,口,30.16
U+56AD,嚭,30,口,30.16
U+56AE,嚮,30,口,30.16
U+56AF,嚯,30,口,30.16
U+56B0,嚰,30,口,30.16
U+56B1,嚱,30,口,30.17
U+56B2,嚲,30,口,30.17
U+56B3,嚳,30,口,30.17
U+56B4,嚴,30,口,30.17
U+56B5,嚵,30,口,30.17
U+56B6,嚶,30,口,30.17
U+56B7,嚷,30,口,30.17
U+56B8,嚸,30,口,30.17
U+56B9,嚹,30,口,30.17
U+56BA,嚺,30,口,30.14
U+56BB,嚻,30,口,30.18
U+56BC,嚼,30,口,30.18
U+56BD,嚽,30,口,30.18
U+56BE,嚾,30,口,30.18
U+56BF,嚿,30,口,30.18
U+56C0,囀,30,口,30.18
U+56C1,囁,30,口,30.18
U+56C2,囂,30,口,30.18
U+56C3,囃,30,口,30.18
U+56C4,囄,30,口,30.18
U+56C5,囅,30,口,30.19
U+56C6,囆,30,口,30.19
U+56C7,囇,30,口,30.19
U+56C8,囈,30,口,30.19
U+56C9,囉,30,口,30.19
U+56CA,囊,30,口,30.19 145.17
U+56CB,囋,30,口,30.19
U+56CC,囌,30,口,30.20
U+56CD,囍,30,口,30.18
U+56CE,囎,30,口,30.19
U+56CF,囏,30,口,30.20
U+56D0,囐,30,口,30.20
U+56D1,囑,30,口,30.21
U+56D2,囒,30,口,30.21
U+56D3,囓,30,口,30.21
U+56D4,囔,30,口,30.22
U+56D5,囕,30,口,30.22
U+56D6,囖,30,口,30.25
U+56D7,囗,31,囗,31.0
U+56D8,囘,13,冂,13.3
U+56D9,囙,31,囗,31.2
U+56DA,囚,31,囗,31.2
U+56DB,四,31,囗,31.2
U+56DC,囜,31,囗,31.2
U+56DD,囝,31,囗,31.3
U+56DE,回,31,囗,31.3
U+56DF,囟,31,囗,31.3
U+56E0,因,31,囗,31.3
U+56E1,囡,31,囗,31.3
U+56E2,团,31,囗,31.3
U+56E3,団,31,囗,31.3
U+56E4,囤,31,囗,31.4
U+56E5,囥,31,囗,31.4
U+56E6,囦,31,囗,31.4
U+56E7,囧,31,囗,31.4
U+56E8,囨,31,囗,31.4
U+56E9,囩,31,囗,31.4
U+56EA,囪,31,囗,31.4
U+56EB,囫,31,囗,31.4
U+56EC,囬,31,囗,31.4
U+56ED,园,31,囗,31.4
U+56EE,囮,31,囗,31.4
U+56EF,囯,31,囗,31.4
U+56F0,困,31,囗,31.4
U+56F1,囱,31,囗,31.4
U+56F2,囲,31,囗,31.4
U+56F3,図,31,囗,31.4
U+56F4,围,31,囗,31.4
U+56F5,囵,31,囗,31.4
U+56F6,囶,31,囗,31.5
U+56F7,囷,31,囗,31.5
U+56F8,囸,31,囗,31.5
U+56F9,囹,31,囗,31.5
U+56FA,固,31,囗,31.5
U+56FB,囻,31,囗,31.5
U+56FC,囼,31,囗,31.5
U+56FD,国,31,囗,31.5
U+56FE,图,31,囗,31.5
U+56FF,囿,31,囗,31.6
U+5700,圀,31,囗,31.6
U+5701,圁,31,囗,31.7
U+5702,圂,31,囗,31.7
U+5703,圃,31,囗,31.7
U+5704,圄,31,囗,31.7
U+5705,圅,31,囗,31.7
U+5706,圆,31,囗,31.7
U+5707,圇,31,囗,31.8
U+5708,圈,31,囗,31.8
U+5709,圉,31,囗,31.8
U+570A,圊,31,囗,31.8
U+570B,國,31,囗,31.8
U+570C,圌,31,囗,31.9
U+570D,圍,31,囗,31.9
U+570E,圎,31,囗,31.9
U+570F,圏,31,囗,31.8
U+5710,圐,31,囗,31.9
U+5711,圑,31,囗,31.10
U+5712,園,31,囗,31.10
U+5713,圓,31,囗,31.10
U+5714,圔,31,囗,31.10
U+5715,圕,31,囗,31.10
U+5716,圖,31,囗,31.11
U+5717,圗,31,囗,31.11
U+5718,團,31,囗,31.11
U+5719,圙,31,囗,31.11
U+571A,圚,31,囗,31.12
U+571B,圛,31,囗,31.13
U+571C,圜,31,囗,31.13
U+571D,圝,31,囗,31.19
U+571E,圞,31,囗,31.23
U+571F,土,32,土,32.0
U+5720,圠,32,土,32.1
U+5721,圡,32,土,32.1
U+5722,圢,32,土,32.2
U+5723,圣,32,土,32.2 29.3
U+5724,圤,32,土,32.2
U+5725,圥,32,土,32.2
U+5726,圦,32,土,32.2
U+5727,圧,32,土,32.2
U+5728,在,32,土,32.3
U+5729,圩,32,土,32.3
U+572A,圪,32,土,32.3
U+572B,圫,32,土,32.3
U+572C,圬,32,土,32.3
U+572D,圭,32,土,32.3
U+572E,圮,32,土,32.3
U+572F,圯,32,土,32.3
U+5730,地,32,土,32.3
U+5731,圱,32,土,32.3
U+5732,圲,32,土,32.3
U+5733,圳,32,土,32.3
U+5734,圴,32,土,32.3
U+5735,圵,32,土,32.3
U+5736,圶,32,土,32.3
U+5737,圷,32,土,32.3
U+5738,圸,32,土,32.3
U+5739,圹,32,土,32.3
U+573A,场,32,土,32.3
U+573B,圻,32,土,32.4
U+573C,圼,32,土,32.4
U+573D,圽,32,土,32.4
U+573E,圾,32,土,32.4
U+573F,圿,32,土,32.4
U+5740,址,32,土,32.4
U+5741,坁,32,土,32.4
U+5742,坂,32,土,32.4
U+5743,坃,32,土,32.4
U+5744,坄,32,土,32.4
U+5745,坅,32,土,32.4
U+5746,坆,32,土,32.4
U+5747,均,32,土,32.4
U+5748,坈,32,土,32.4
U+5749,坉,32,土,32.4
U+574A,坊,32,土,32.4
U+574B,坋,32,土,32.4
U+574C,坌,32,土,32.4
U+574D,坍,32,土,32.4
U+574E,坎,32,土,32.4
U+574F,坏,32,土,32.4
U+5750,坐,32,土,32.4
U+5751,坑,32,土,32.4
U+5752,坒,32,土,32.4
U+5753,坓,32,土,32.4
U+5754,坔,32,土,32.4
U+5755,坕,32,土,32.4
U+5756,坖,32,土,32.4
U+5757,块,32,土,32.4
U+5758,坘,32,土,32.4
U+5759,坙,32,土,32.4
U+575A,坚,32,土,32.4
U+575B,坛,32,土,32.4
U+575C,坜,32,土,32.4
U+575D,坝,32,土,32.4
U+575E,坞,32,土,32.4
U+575F,坟,32,土,32.4
U+5760,坠,32,土,32.4
U+5761,坡,32,土,32.5
U+5762,坢,32,土,32.5
U+5763,坣,32,土,32.5
U+5764,坤,32,土,32.5
U+5765,坥,32,土,32.5
U+5766,坦,32,土,32.5
U+5767,坧,32,土,32.5
U+5768,坨,32,土,32.5
U+5769,坩,32,土,32.5
U+576A,坪,32,土,32.5
U+576B,坫,32,土,32.5
U+576C,坬,32,土,32.5
U+576D,坭,32,土,32.5
U+576E,坮,32,土,32.5
U+576F,坯,32,土,32.5
U+5770,坰,32,土,32.5
U+5771,坱,32,土,32.5
U+5772,坲,32,土,32.5
U+5773,坳,32,土,32.5
U+5774,坴,32,土,32.5
U+5775,坵,32,土,32.5
U+5776,坶,32,土,32.5
U+5777,坷,32,土,32.5
U+5778,坸,32,土,32.5
U+5779,坹,32,土,32.5
U+577A,坺,32,土,32.5
U+577B,坻,32,土,32.5
U+577C,坼,32,土,32.5
U+577D,坽,32,土,32.5
U+577E,坾,32,土,32.5
U+577F,坿,32,土,32.5
U+5780,垀,32,土,32.5
U+5781,垁,32,土,32.5
U+5782,垂,32,土,32.5 33.5
U+5783,垃,32,土,32.5
U+5784,垄,32,土,32.5
U+5785,垅,32,土,32.5
U+5786,垆,32,土,32.5
U+5787,垇,32,土,32.5
U+5788,垈,32,土,32.5
U+5789,垉,32,土,32.5
U+578A,垊,32,土,32.5
U+578B,型,32,土,32.6
U+578C,垌,32,土,32.6
U+578D,垍,32,土,32.6
U+578E,垎,32,土,32.6
U+578F,垏,32,土,32.6
U+5790,垐,32,土,32.6
U+5791,垑,32,土,32.6
U+5792,垒,32,土,32.6 28.7
U+5793,垓,32,土,32.6
U+5794,垔,32,土,32.6
U+5795,垕,32,土,32.6
U+5796,垖,32,土,32.6
U+5797,垗,32,土,32.6
U+5798,垘,32,土,32.6
U+5799,垙,32,土,32.6
U+579A,垚,32,土,32.6
U+579B,垛,32,土,32.6
U+579C,垜,32,土,32.6
U+579D,垝,32,土,32.6
U+579E,垞,32,土,32.6
U+579F,垟,32,土,32.6
U+57A0,垠,32,土,32.6
U+57A1,垡,32,土,32.6
U+57A2,垢,32,土,32.6
U+57A3,垣,32,土,32.6
U+57A4,垤,32,土,32.6
U+57A5,垥,32,土,32.6
U+57A6,垦,32,土,32.6
U+57A7,垧,32,土,32.6
U+57A8,垨,32,土,32.6
U+57A9,垩,32,土,32.6
U+57AA,垪,32,土,32.6
U+57AB,垫,32,土,32.6
U+57AC,垬,32,土,32.6
U+57AD,垭,32,土,32.6
U+57AE,垮,32,土,32.6
U+57AF,垯,32,土,32.6
U+57B0,垰,32,土,32.6
U+57B1,垱,32,土,32.6
U+57B2,垲,32,土,32.6
U+57B3,垳,32,土,32.6
U+57B4,垴,32,土,32.6
U+57B5,垵,32,土,32.6
U+57B6,垶,32,土,32.7
U+57B7,垷,32,土,32.7
U+57B8,垸,32,土,32.7
U+57B9,垹,32,土,32.7
U+57BA,垺,32,土,32.7
U+57BB,垻,32,土,32.7
U+57BC,垼,32,土,32.7
U+57BD,垽,32,土,32.7
U+57BE,垾,32,土,32.7
U+57BF,垿,32,土,32.7
U+57C0,埀,32,土,32.7
U+57C1,埁,32,土,32.7
U+57C2,埂,32,土,32.7
U+57C3,埃,32,土,32.7
U+57C4,埄,32,土,32.7
U+57C5,埅,32,土,32.7
U+57C6,埆,32,土,32.7
U+57C7,埇,32,土,32.7
U+57C8,埈,32,土,32.7
U+57C9,埉,32,土,32.7
U+57CA,埊,32,土,32.7 46.7
U+57CB,埋,32,土,32.7
U+57CC,埌,32,土,32.7
U+57CD,埍,32,土,32.7
U+57CE,城,32,土,32.6
U+57CF,埏,32,土,32.7
U+57D0,埐,32,土,32.7
U+57D1,埑,32,土,32.7
U+57D2,埒,32,土,32.7
U+57D3,埓,32,土,32.7
U+57D4,埔,32,土,32.7
U+57D5,埕,32,土,32.7
U+57D6,埖,32,土,32.7
U+57D7,埗,32,土,32.7
U+57D8,埘,32,土,32.7
U+57D9,埙,32,土,32.7
U+57DA,埚,32,土,32.7
U+57DB,埛,32,土,32.7
U+57DC,埜,32,土,32.8
U+57DD,埝,32,土,32.8
U+57DE,埞,32,土,32.8
U+57DF,域,32,土,32.8
U+57E0,埠,32,土,32.8
U+57E1,埡,32,土,32.8
U+57E2,埢,32,土,32.8
U+57E3,埣,32,土,32.8
U+57E4,埤,32,土,32.8
U+57E5,埥,32,土,32.8
U+57E6,埦,32,土,32.8
U+57E7,埧,32,土,32.8
U+57E8,埨,32,土,32.8
U+57E9,埩,32,土,32.8
U+57EA,埪,32,土,32.9
U+57EB,埫,32,土,32.8
U+57EC,埬,32,土,32.8
U+57ED,埭,32,土,32.8
U+57EE,埮,32,土,32.8
U+57EF,埯,32,土,32.8
U+57F0,埰,32,土,32.8
U+57F1,埱,32,土,32.8
U+57F2,埲,32,土,32.8
U+57F3,埳,32,土,32.8
U+57F4,埴,32,土,32.8
U+57F5,埵,32,土,32.8
U+57F6,埶,32,土,32.8
U+57F7,執,32,土,32.8
U+57F8,埸,32,土,32.8
U+57F9,培,32,土,32.8
U+57FA,基,32,土,32.8
U+57FB,埻,32,土,32.8
U+57FC,埼,32,土,32.8
U+57FD,埽,32,土,32.8
U+57FE,埾,32,土,32.8
U+57FF,埿,32,土,32.8
U+5800,堀,32,土,32.8
U+5801,堁,32,土,32.8
U+5802,堂,32,土,32.8
U+5803,堃,32,土,32.8
U+5804,堄,32,土,32.8
U+5805,堅,32,土,32.8
U+5806,堆,32,土,32.8
U+5807,堇,32,土,32.8
U+5808,堈,32,土,32.8
U+5809,堉,32,土,32.8
U+580A,堊,32,土,32.8
U+580B,堋,32,土,32.8
U+580C,堌,32,土,32.8
U+580D,堍,32,土,32.8
U+580E,堎,32,土,32.8
U+580F,堏,32,土,32.8
U+5810,堐,32,土,32.8
U+5811,堑,32,土,32.8
U+5812,堒,32,土,32.8
U+5813,堓,32,土,32.8
U+5814,堔,32,土,32.8
U+5815,堕,32,土,32.9
U+5816,堖,32,土,32.9
U+5817,堗,32,土,32.9
U+5818,堘,32,土,32.9
U+5819,堙,32,土,32.9
U+581A,堚,32,土,32.9
U+581B,堛,32,土,32.9
U+581C,堜,32,土,32.9
U+581D,堝,32,土,32.9
U+581E,堞,32,土,32.9
U+581F,堟,32,土,32.9
U+5820,堠,32,土,32.9
U+5821,堡,32,土,32.9
U+5822,堢,32,土,32.9
U+5823,堣,32,土,32.9
U+5824,堤,32,土,32.9
U+5825,堥,32,土,32.9
U+5826,堦,32,土,32.9
U+5827,堧,32,土,32.9
U+5828,堨,32,土,32.9
U+5829,堩,32,土,32.9
U+582A,堪,32,土,32.9
U+582B,堫,32,土,32.9
U+582C,堬,32,土,32.9
U+582D,堭,32,土,32.9
U+582E,堮,32,土,32.9
U+582F,堯,32,土,32.9
U+5830,堰,32,土,32.9
U+5831,報,32,土,32.9
U+5832,堲,32,土,32.9
U+5833,堳,32,土,32.9
U+5834,場,32,土,32.9
U+5835,堵,32,土,32.9
U+5836,堶,32,土,32.9
U+5837,堷,32,土,32.9
U+5838,堸,32,土,32.9
U+5839,堹,32,土,32.9
U+583A,堺,32,土,32.9
U+583B,堻,32,土,32.9
U+583C,堼,32,土,32.9
U+583D,堽,32,土,32.10
U+583E,堾,32,土,32.9
U+583F,堿,32,土,32.9
U+5840,塀,32,土,32.9
U+5841,塁,32,土,32.9 102.7
U+5842,塂,32,土,32.9
U+5843,塃,32,土,32.10
U+5844,塄,32,土,32.9
U+5845,塅,32,土,32.9
U+5846,塆,32,土,32.9
U+5847,塇,32,土,32.9
U+5848,塈,32,土,32.9
U+5849,塉,32,土,32.10
U+584A,塊,32,土,32.10
U+584B,塋,32,土,32.10
U+584C,塌,32,土,32.10
U+584D,塍,32,土,32.10
U+584E,塎,32,土,32.10
U+584F,塏,32,土,32.10
U+5850,塐,32,土,32.10
U+5851,塑,32,土,32.10
U+5852,塒,32,土,32.10
U+5853,塓,32,土,32.10
U+5854,塔,32,土,32.10
U+5855,塕,32,土,32.10
U+5856,塖,32,土,32.10
U+5857,塗,32,土,32.10
U+5858,塘,32,土,32.10
U+5859,塙,32,土,32.10
U+585A,塚,32,土,32.10
U+585B,塛,32,土,32.10
U+585C,塜,32,土,32.10
U+585D,塝,32,土,32.10
U+585E,塞,32,土,32.10
U+585F,塟,32,土,32.10 140.9
U+5860,塠,32,土,32.10
U+5861,塡,32,土,32.10
U+5862,塢,32,土,32.10
U+5863,塣,32,土,32.10
U+5864,塤,32,土,32.10
U+5865,塥,32,土,32.10
U+5866,塦,32,土,32.10
U+5867,塧,32,土,32.10
U+5868,塨,32,土,32.10
U+5869,塩,32,土,32.10
U+586A,塪,32,土,32.10
U+586B,填,32,土,32.10
U+586C,塬,32,土,32.10
U+586D,塭,32,土,32.10
U+586E,塮,32,土,32.10
U+586F,塯,32,土,32.10
U+5870,塰,32,土,32.10
U+5871,塱,32,土,32.10
U+5872,塲,32,土,32.11
U+5873,塳,32,土,32.11
U+5874,塴,32,土,32.11
U+5875,塵,32,土,32.11
U+5876,塶,32,土,32.11
U+5877,塷,32,土,32.11
U+5878,塸,32,土,32.11
U+5879,塹,32,土,32.11
U+587A,塺,32,土,32.11
U+587B,塻,32,土,32.11
U+587C,塼,32,土,32.11
U+587D,塽,32,土,32.11
U+587E,塾,32,土,32.11
U+587F,塿,32,土,32.11
U+5880,墀,32,土,32.11
U+5881,墁,32,土,32.11
U+5882,墂,32,土,32.11
U+5883,境,32,土,32.11
U+5884,墄,32,土,32.11
U+5885,墅,32,土,32.11
U+5886,墆,32,土,32.11
U+5887,墇,32,土,32.11
U+5888,墈,32,土,32.11
U+5889,墉,32,土,32.11
U+588A,墊,32,土,32.11
U+588B,墋,32,土,32.11
U+588C,墌,32,土,32.11
U+588D,墍,32,土,32.11
U+588E,墎,32,土,32.11
U+588F,墏,32,土,32.11
U+5890,墐,32,土,32.11
U+5891,墑,32,土,32.11
U+5892,墒,32,土,32.11
U+5893,墓,32,土,32.11
U+5894,墔,32,土,32.11
U+5895,墕,32,土,32.11
U+5896,墖,32,土,32.11
U+5897,増,32,土,32.11
U+5898,墘,32,土,32.11
U+5899,墙,32,土,32.11
U+589A,墚,32,土,32.11
U+589B,墛,32,土,32.11
U+589C,墜,32,土,32.12
U+589D,墝,32,土,32.12
U+589E,增,32,土,32.12
U+589F,墟,32,土,32.12
U+58A0,墠,32,土,32.12
U+58A1,墡,32,土,32.12
U+58A2,墢,32,土,32.12
U+58A3,墣,32,土,32.12
U+58A4,墤,32,土,32.12
U+58A5,墥,32,土,32.12
U+58A6,墦,32,土,32.12
U+58A7,墧,32,土,32.12
U+58A8,墨,203,黑,203.3 32.12
U+58A9,墩,32,土,32.12
U+58AA,墪,32,土,32.12
U+58AB,墫,32,土,32.12
U+58AC,墬,32,土,32.12
U+58AD,墭,32,土,32.12
U+58AE,墮,32,土,32.12
U+58AF,墯,32,土,32.12
U+58B0,墰,32,土,32.12
U+58B1,墱,32,土,32.12
U+58B2,墲,32,土,32.12
U+58B3,墳,32,土,32.12
U+58B4,墴,32,土,32.12
U+58B5,墵,32,土,32.12
U+58B6,墶,32,土,32.12
U+58B7,墷,32,土,32.12
U+58B8,墸,32,土,32.12
U+58B9,墹,32,土,32.12
U+58BA,墺,32,土,32.13
U+58BB,墻,32,土,32.13
U+58BC,墼,32,土,32.13
U+58BD,墽,32,土,32.13
U+58BE,墾,32,土,32.13
U+58BF,墿,32,土,32.13
U+58C0,壀,32,土,32.13
U+58C1,壁,32,土,32.13
U+58C2,壂,32,土,32.13
U+58C3,壃,32,土,32.13
U+58C4,壄,32,土,32.13
U+58C5,壅,32,土,32.13
U+58C6,壆,32,土,32.13
U+58C7,壇,32,土,32.13
U+58C8,壈,32,土,32.13
U+58C9,壉,32,土,32.13
U+58CA,壊,32,土,32.13
U+58CB,壋,32,土,32.13
U+58CC,壌,32,土,32.13
U+58CD,壍,32,土,32.14
U+58CE,壎,32,土,32.14
U+58CF,壏,32,土,32.14
U+58D0,壐,32,土,32.14
U+58D1,壑,32,土,32.14
U+58D2,壒,32,土,32.14
U+58D3,壓,32,土,32.14
U+58D4,壔,32,土,32.14
U+58D5,壕,32,土,32.14
U+58D6,壖,32,土,32.14
U+58D7,壗,32,土,32.14
U+58D8,壘,32,土,32.15
U+58D9,壙,32,土,32.15
U+58DA,壚,32,土,32.16
U+58DB,壛,32,土,32.16
U+58DC,壜,32,土,32.16
U+58DD,壝,32,土,32.16
U+58DE,壞,32,土,32.16
U+58DF,壟,32,土,32.16
U+58E0,壠,32,土,32.16
U+58E1,壡,29,又,29.17
U+58E2,壢,32,土,32.16
U+58E3,壣,32,土,32.17
U+58E4,壤,32,土,32.17
U+58E5,壥,32,土,32.17
U+58E6,壦,32,土,32.18
U+58E7,壧,32,土,32.20
U+58E8,壨,32,土,32.20
U+58E9,壩,32,土,32.21
U+58EA,壪,32,土,32.22
U+58EB,士,33,士,33.0
U+58EC,壬,33,士,33.1
U+58ED,壭,33,士,33.2
U+58EE,壮,33,士,33.3
U+58EF,壯,33,士,33.4
U+58F0,声,33,士,33.4
U+58F1,壱,33,士,33.4
U+58F2,売,33,士,33.4
U+58F3,壳,33,士,33.4
U+58F4,壴,33,士,33.6
U+58F5,壵,33,士,33.6
U+58F6,壶,33,士,33.7
U+58F7,壷,33,士,33.8
U+58F8,壸,33,士,33.8
U+58F9,壹,33,士,33.9
U+58FA,壺,33,士,33.9
U+58FB,壻,33,士,33.9
U+58FC,壼,33,士,33.10
U+58FD,壽,33,士,33.11
U+58FE,壾,33,士,33.11
U+58FF,壿,33,士,33.12
U+5900,夀,33,士,33.12
U+5901,夁,33,士,33.13
U+5902,夂,34,夂,34.0
U+5903,夃,34,夂,34.1
U+5904,处,34,夂,34.2
U+5905,夅,34,夂,34.3
U+5906,夆,34,夂,34.4
U+5907,备,34,夂,34.5
U+5908,夈,34,夂,34.6
U+5909,変,35,夊,35.6
U+590A,夊,35,夊,35.0
U+590B,夋,35,夊,35.4
U+590C,夌,35,夊,35.5
U+590D,复,35,夊,35.6
U+590E,夎,35,夊,35.7
U+590F,夏,35,夊,35.7
U+5910,夐,35,夊,35.11
U+5911,夑,35,夊,35.15
U+5912,夒,35,夊,35.16
U+5913,夓,35,夊,35.15
U+5914,夔,35,夊,35.19
U+5915,夕,36,夕,36.0
U+5916,外,36,夕,36.2
U+5917,夗,36,夕,36.2
U+5918,夘,36,夕,36.2
U+5919,夙,36,夕,36.3
U+591A,多,36,夕,36.3
U+591B,夛,36,夕,36.3
U+591C,夜,36,夕,36.5
U+591D,夝,36,夕,36.5
U+591E,夞,36,夕,36.7
U+591F,够,36,夕,36.8
U+5920,夠,36,夕,36.8
U+5921,夡,36,夕,36.9
U+5922,夢,36,夕,36.11
U+5923,夣,36,夕,36.11
U+5924,夤,36,夕,36.11
U+5925,夥,36,夕,36.11
U+5926,夦,36,夕,36.12
U+5927,大,37,大,37.0
U+5928,夨,37,大,37.0
U+5929,天,37,大,37.1
U+592A,太,37,大,37.1
U+592B,夫,37,大,37.1
U+592C,夬,37,大,37.1
U+592D,夭,37,大,37.1
U+592E,央,37,大,37.2
U+592F,夯,37,大,37.2
U+5930,夰,37,大,37.2
U+5931,失,37,大,37.2
U+5932,夲,37,大,37.2
U+5933,夳,37,大,37.2
U+5934,头,37,大,37.2
U+5935,夵,37,大,37.3
U+5936,夶,37,大,37.3
U+5937,夷,37,大,37.3
U+5938,夸,37,大,37.3
U+5939,夹,37,大,37.3
U+593A,夺,37,大,37.3
U+593B,夻,37,大,37.3 30.3
U+593C,夼,37,大,37.3
U+593D,夽,37,大,37.4
U+593E,夾,37,大,37.4
U+593F,夿,37,大,37.4
U+5940,奀,37,大,37.4
U+5941,奁,37,大,37.4
U+5942,奂,37,大,37.4
U+5943,奃,37,大,37.5
U+5944,奄,37,大,37.5
U+5945,奅,37,大,37.5
U+5946,奆,37,大,37.5
U+5947,奇,37,大,37.5
U+5948,奈,37,大,37.5
U+5949,奉,37,大,37.5
U+594A,奊,37,大,37.7
U+594B,奋,37,大,37.5
U+594C,奌,37,大,37.5
U+594D,奍,37,大,37.5
U+594E,奎,37,大,37.6
U+594F,奏,37,大,37.6
U+5950,奐,37,大,37.6
U+5951,契,37,大,37.6
U+5952,奒,37,大,37.6
U+5953,奓,37,大,37.6
U+5954,奔,37,大,37.5
U+5955,奕,37,大,37.6
U+5956,奖,37,大,37.6
U+5957,套,37,大,37.7
U+5958,奘,37,大,37.7
U+5959,奙,37,大,37.7
U+595A,奚,37,大,37.7
U+595B,奛,37,大,37.8
U+595C,奜,37,大,37.8
U+595D,奝,37,大,37.8
U+595E,奞,37,大,37.8
U+595F,奟,37,大,37.8
U+5960,奠,37,大,37.9
U+5961,奡,37,大,37.9
U+5962,奢,37,大,37.9
U+5963,奣,37,大,37.9
U+5964,奤,37,大,37.9
U+5965,奥,37,大,37.9
U+5966,奦,37,大,37.10
U+5967,奧,37,大,37.10
U+5968,奨,37,大,37.10
U+5969,奩,37,大,37.11
U+596A,奪,37,大,37.11
U+596B,奫,37,大,37.11
U+596C,奬,37,大,37.11
U+596D,奭,37,大,37.12
U+596E,奮,37,大,37.13
U+596F,奯,37,大,37.13
U+5970,奰,37,大,37.15
U+5971,奱,37,大,37.19
U+5972,奲,37,大,37.21
U+5973,女,38,女,38.0
U+5974,奴,38,女,38.2
U+5975,奵,38,女,38.2
U+5976,奶,38,女,38.2
U+5977,奷,38,女,38.3
U+5978,奸,38,女,38.3
U+5979,她,38,女,38.3
U+597A,奺,38,女,38.3
U+597B,奻,38,女,38.3
U+597C,奼,38,女,38.3
U+597D,好,38,女,38.3
U+597E,奾,38,女,38.3
U+597F,奿,38,女,38.3
U+5980,妀,38,女,38.3
U+5981,妁,38,女,38.3
U+5982,如,38,女,38.3
U+5983,妃,38,女,38.3
U+5984,妄,38,女,38.3
U+5985,妅,38,女,38.3
U+5986,妆,38,女,38.3 90.3
U+5987,妇,38,女,38.3
U+5988,妈,38,女,38.3
U+5989,妉,38,女,38.4
U+598A,妊,38,女,38.4
U+598B,妋,38,女,38.4
U+598C,妌,38,女,38.4
U+598D,妍,38,女,38.6
U+598E,妎,38,女,38.4
U+598F,妏,38,女,38.4
U+5990,妐,38,女,38.4
U+5991,妑,38,女,38.4
U+5992,妒,38,女,38.4
U+5993,妓,38,女,38.4
U+5994,妔,38,女,38.4
U+5995,妕,38,女,38.4
U+5996,妖,38,女,38.4
U+5997,妗,38,女,38.4
U+5998,妘,38,女,38.4
U+5999,妙,38,女,38.4
U+599A,妚,38,女,38.4
U+599B,妛,38,女,38.4 46.4
U+599C,妜,38,女,38.4
U+599D,妝,38,女,38.4
U+599E,妞,38,女,38.4
U+599F,妟,38,女,38.4
U+59A0,妠,38,女,38.4
U+59A1,妡,38,女,38.4
U+59A2,妢,38,女,38.4
U+59A3,妣,38,女,38.4
U+59A4,妤,38,女,38.4
U+59A5,妥,38,女,38.4
U+59A6,妦,38,女,38.4
U+59A7,妧,38,女,38.4
U+59A8,妨,38,女,38.4
U+59A9,妩,38,女,38.4
U+59AA,妪,38,女,38.4
U+59AB,妫,38,女,38.4
U+59AC,妬,38,女,38.5
U+59AD,妭,38,女,38.5
U+59AE,妮,38,女,38.5
U+59AF,妯,38,女,38.5
U+59B0,妰,38,女,38.5
U+59B1,妱,38,女,38.5
U+59B2,妲,38,女,38.5
U+59B3,妳,38,女,38.5
U+59B4,妴,38,女,38.5
U+59B5,妵,38,女,38.5
U+59B6,妶,38,女,38.5
U+59B7,妷,38,女,38.5
U+59B8,妸,38,女,38.5
U+59B9,妹,38,女,38.5
U+59BA,妺,38,女,38.5
U+59BB,妻,38,女,38.5
U+59BC,妼,38,女,38.5
U+59BD,妽,38,女,38.5
U+59BE,妾,38,女,38.5
U+59BF,妿,38,女,38.5
U+59C0,姀,38,女,38.5
U+59C1,姁,38,女,38.5
U+59C2,姂,38,女,38.5
U+59C3,姃,38,女,38.5
U+59C4,姄,38,女,38.5
U+59C5,姅,38,女,38.5
U+59C6,姆,38,女,38.5
U+59C7,姇,38,女,38.5
U+59C8,姈,38,女,38.5
U+59C9,姉,38,女,38.5
U+59CA,姊,38,女,38.5
U+59CB,始,38,女,38.5
U+59CC,姌,38,女,38.5
U+59CD,姍,38,女,38.5
U+59CE,姎,38,女,38.5
U+59CF,姏,38,女,38.5
U+59D0,姐,38,女,38.5
U+59D1,姑,38,女,38.5
U+59D2,姒,38,女,38.5
U+59D3,姓,38,女,38.5
U+59D4,委,38,女,38.5
U+59D5,姕,38,女,38.5
U+59D6,姖,38,女,38.5
U+59D7,姗,38,女,38.5
U+59D8,姘,38,女,38.6
U+59D9,姙,38,女,38.6
U+59DA,姚,38,女,38.6
U+59DB,姛,38,女,38.6
U+59DC,姜,38,女,38.6
U+59DD,姝,38,女,38.6
U+59DE,姞,38,女,38.6
U+59DF,姟,38,女,38.6
U+59E0,姠,38,女,38.6
U+59E1,姡,38,女,38.6
U+59E2,姢,38,女,38.6
U+59E3,姣,38,女,38.6
U+59E4,姤,38,女,38.6
U+59E5,姥,38,女,38.6
U+59E6,姦,38,女,38.6
U+59E7,姧,38,女,38.6
U+59E8,姨,38,女,38.6
U+59E9,姩,38,女,38.6
U+59EA,姪,38,女,38.6
U+59EB,姫,38,女,38.6
U+59EC,姬,38,女,38.7
U+59ED,姭,38,女,38.6
U+59EE,姮,38,女,38.6
U+59EF,姯,38,女,38.6
U+59F0,姰,38,女,38.6
U+59F1,姱,38,女,38.6
U+59F2,姲,38,女,38.6
U+59F3,姳,38,女,38.6
U+59F4,姴,38,女,38.6
U+59F5,姵,38,女,38.6
U+59F6,姶,38,女,38.6
U+59F7,姷,38,女,38.6
U+59F8,姸,38,女,38.6
U+59F9,姹,38,女,38.6
U+59FA,姺,38,女,38.6
U+59FB,姻,38,女,38.6
U+59FC,姼,38,女,38.6
U+59FD,姽,38,女,38.6
U+59FE,姾,38,女,38.6
U+59FF,姿,38,女,38.6
U+5A00,娀,38,女,38.6
U+5A01,威,38,女,38.6
U+5A02,娂,38,女,38.6
U+5A03,娃,38,女,38.6
U+5A04,娄,119,米,119.3 38.6
U+5A05,娅,38,女,38.6
U+5A06,娆,38,女,38.6
U+5A07,娇,38,女,38.6
U+5A08,娈,38,女,38.6
U+5A09,娉,38,女,38.7
U+5A0A,娊,38,女,38.7
U+5A0B,娋,38,女,38.7
U+5A0C,娌,38,女,38.7
U+5A0D,娍,38,女,38.7
U+5A0E,娎,38,女,38.7
U+5A0F,娏,38,女,38.7
U+5A10,娐,38,女,38.7
U+5A11,娑,38,女,38.7
U+5A12,娒,38,女,38.7
U+5A13,娓,38,女,38.7
U+5A14,娔,38,女,38.7
U+5A15,娕,38,女,38.7
U+5A16,娖,38,女,38.7
U+5A17,娗,38,女,38.7
U+5A18,娘,38,女,38.7
U+5A19,娙,38,女,38.7
U+5A1A,娚,38,女,38.7
U+5A1B,娛,38,女,38.7
U+5A1C,娜,38,女,38.7
U+5A1D,娝,38,女,38.7
U+5A1E,娞,38,女,38.7
U+5A1F,娟,38,女,38.7
U+5A20,娠,38,女,38.7
U+5A21,娡,38,女,38.7
U+5A22,娢,38,女,38.7
U+5A23,娣,38,女,38.7
U+5A24,娤,38,女,38.7
U+5A25,娥,38,女,38.7
U+5A26,娦,38,女,38.7
U+5A27,娧,38,女,38.7
U+5A28,娨,38,女,38.7
U+5A29,娩,38,女,38.7
U+5A2A,娪,38,女,38.7
U+5A2B,娫,38,女,38.7
U+5A2C,娬,38,女,38.8
U+5A2D,娭,38,女,38.7
U+5A2E,娮,38,女,38.7
U+5A2F,娯,38,女,38.7
U+5A30,娰,38,女,38.7
U+5A31,娱,38,女,38.7
U+5A32,娲,38,女,38.7
U+5A33,娳,38,女,38.7
U+5A34,娴,38,女,38.7
U+5A35,娵,38,女,38.8
U+5A36,娶,38,女,38.8
U+5A37,娷,38,女,38.8
U+5A38,娸,38,女,38.8
U+5A39,娹,38,女,38.8
U+5A3A,娺,38,女,38.8
U+5A3B,娻,38,女,38.8
U+5A3C,娼,38,女,38.8
U+5A3D,娽,38,女,38.7
U+5A3E,娾,38,女,38.8
U+5A3F,娿,38,女,38.8
U+5A40,婀,38,女,38.8
U+5A41,婁,38,女,38.8
U+5A42,婂,38,女,38.8
U+5A43,婃,38,女,38.8
U+5A44,婄,38,女,38.8
U+5A45,婅,38,女,38.8
U+5A46,婆,38,女,38.8
U+5A47,婇,38,女,38.8
U+5A48,婈,38,女,38.8
U+5A49,婉,38,女,38.8
U+5A4A,婊,38,女,38.8
U+5A4B,婋,38,女,38.8
U+5A4C,婌,38,女,38.8
U+5A4D,婍,38,女,38.8
U+5A4E,婎,38,女,38.8
U+5A4F,婏,38,女,38.8
U+5A50,婐,38,女,38.8
U+5A51,婑,38,女,38.8
U+5A52,婒,38,女,38.8
U+5A53,婓,38,女,38.8
U+5A54,婔,38,女,38.8
U+5A55,婕,38,女,38.8
U+5A56,婖,38,女,38.8
U+5A57,婗,38,女,38.8
U+5A58,婘,38,女,38.8
U+5A59,婙,38,女,38.8
U+5A5A,婚,38,女,38.8
U+5A5B,婛,38,女,38.8
U+5A5C,婜,38,女,38.8
U+5A5D,婝,38,女,38.8
U+5A5E,婞,38,女,38.8
U+5A5F,婟,38,女,38.8
U+5A60,婠,38,女,38.8
U+5A61,婡,38,女,38.8
U+5A62,婢,38,女,38.8
U+5A63,婣,38,女,38.8
U+5A64,婤,38,女,38.8
U+5A65,婥,38,女,38.8
U+5A66,婦,38,女,38.8
U+5A67,婧,38,女,38.8
U+5A68,婨,38,女,38.8
U+5A69,婩,38,女,38.8
U+5A6A,婪,38,女,38.8
U+5A6B,婫,38,女,38.8
U+5A6C,婬,38,女,38.8
U+5A6D,婭,38,女,38.8
U+5A6E,婮,38,女,38.8
U+5A6F,婯,38,女,38.8
U+5A70,婰,38,女,38.8
U+5A71,婱,38,女,38.8
U+5A72,婲,38,女,38.8
U+5A73,婳,38,女,38.8
U+5A74,婴,38,女,38.8
U+5A75,婵,38,女,38.8
U+5A76,婶,38,女,38.8
U+5A77,婷,38,女,38.9
U+5A78,婸,38,女,38.9
U+5A79,婹,38,女,38.9
U+5A7A,婺,38,女,38.9
U+5A7B,婻,38,女,38.9
U+5A7C,婼,38,女,38.9
U+5A7D,婽,38,女,38.9
U+5A7E,婾,38,女,38.9
U+5A7F,婿,38,女,38.9
U+5A80,媀,38,女,38.9
U+5A81,媁,38,女,38.9
U+5A82,媂,38,女,38.9
U+5A83,媃,38,女,38.9
U+5A84,媄,38,女,38.9
U+5A85,媅,38,女,38.9
U+5A86,媆,38,女,38.9
U+5A87,媇,38,女,38.9
U+5A88,媈,38,女,38.9
U+5A89,媉,38,女,38.9
U+5A8A,媊,38,女,38.9
U+5A8B,媋,38,女,38.9
U+5A8C,媌,38,女,38.9
U+5A8D,媍,38,女,38.9
U+5A8E,媎,38,女,38.9
U+5A8F,媏,38,女,38.9
U+5A90,媐,38,女,38.10
U+5A91,媑,38,女,38.9
U+5A92,媒,38,女,38.9
U+5A93,媓,38,女,38.9
U+5A94,媔,38,女,38.9
U+5A95,媕,38,女,38.9
U+5A96,媖,38,女,38.9
U+5A97,媗,38,女,38.9
U+5A98,媘,38,女,38.9
U+5A99,媙,38,女,38.9
U+5A9A,媚,38,女,38.9
U+5A9B,媛,38,女,38.9
U+5A9C,媜,38,女,38.9
U+5A9D,媝,38,女,38.9
U+5A9E,媞,38,女,38.9
U+5A9F,媟,38,女,38.9
U+5AA0,媠,38,女,38.9
U+5AA1,媡,38,女,38.9
U+5AA2,媢,38,女,38.9
U+5AA3,媣,38,女,38.9
U+5AA4,媤,38,女,38.9
U+5AA5,媥,38,女,38.9
U+5AA6,媦,38,女,38.9
U+5AA7,媧,38,女,38.9
U+5AA8,媨,38,女,38.9
U+5AA9,媩,38,女,38.9
U+5AAA,媪,38,女,38.9
U+5AAB,媫,38,女,38.9
U+5AAC,媬,38,女,38.9
U+5AAD,媭,38,女,38.9
U+5AAE,媮,38,女,38.9
U+5AAF,媯,38,女,38.9
U+5AB0,媰,38,女,38.10
U+5AB1,媱,38,女,38.10
U+5AB2,媲,38,女,38.10
U+5AB3,媳,38,女,38.10
U+5AB4,媴,38,女,38.10
U+5AB5,媵,38,女,38.10
U+5AB6,媶,38,女,38.10
U+5AB7,媷,38,女,38.10
U+5AB8,媸,38,女,38.10
U+5AB9,媹,38,女,38.10
U+5ABA,媺,38,女,38.10
U+5ABB,媻,38,女,38.10
U+5ABC,媼,38,女,38.10
U+5ABD,媽,38,女,38.10
U+5ABE,媾,38,女,38.10
U+5ABF,媿,38,女,38.10
U+5AC0,嫀,38,女,38.10
U+5AC1,嫁,38,女,38.10
U+5AC2,嫂,38,女,38.10
U+5AC3,嫃,38,女,38.10
U+5AC4,嫄,38,女,38.10
U+5AC5,嫅,38,女,38.10
U+5AC6,嫆,38,女,38.10
U+5AC7,嫇,38,女,38.10
U+5AC8,嫈,38,女,38.10
U+5AC9,嫉,38,女,38.10
U+5ACA,嫊,38,女,38.10
U+5ACB,嫋,38,女,38.10
U+5ACC,嫌,38,女,38.10
U+5ACD,嫍,38,女,38.10
U+5ACE,嫎,38,女,38.10
U+5ACF,嫏,38,女,38.9
U+5AD0,嫐,38,女,38.10
U+5AD1,嫑,38,女,38.10
U+5AD2,嫒,38,女,38.10
U+5AD3,嫓,38,女,38.10
U+5AD4,嫔,38,女,38.10
U+5AD5,嫕,38,女,38.11
U+5AD6,嫖,38,女,38.11
U+5AD7,嫗,38,女,38.11
U+5AD8,嫘,38,女,38.11
U+5AD9,嫙,38,女,38.11
U+5ADA,嫚,38,女,38.11
U+5ADB,嫛,38,女,38.11
U+5ADC,嫜,38,女,38.11
U+5ADD,嫝,38,女,38.11
U+5ADE,嫞,38,女,38.11
U+5ADF,嫟,38,女,38.11
U+5AE0,嫠,38,女,38.11
U+5AE1,嫡,38,女,38.11
U+5AE2,嫢,38,女,38.11
U+5AE3,嫣,38,女,38.11
U+5AE4,嫤,38,女,38.11
U+5AE5,嫥,38,女,38.11
U+5AE6,嫦,38,女,38.11
U+5AE7,嫧,38,女,38.11
U+5AE8,嫨,38,女,38.11
U+5AE9,嫩,38,女,38.11
U+5AEA,嫪,38,女,38.11
U+5AEB,嫫,38,女,38.11
U+5AEC,嫬,38,女,38.11
U+5AED,嫭,38,女,38.11
U+5AEE,嫮,38,女,38.11
U+5AEF,嫯,38,女,38.11
U+5AF0,嫰,38,女,38.11
U+5AF1,嫱,38,女,38.11
U+5AF2,嫲,38,女,38.11
U+5AF3,嫳,38,女,38.12
U+5AF4,嫴,38,女,38.12
U+5AF5,嫵,38,女,38.12
U+5AF6,嫶,38,女,38.12
U+5AF7,嫷,38,女,38.12
U+5AF8,嫸,38,女,38.12
U+5AF9,嫹,38,女,38.12
U+5AFA,嫺,38,女,38.12
U+5AFB,嫻,38,女,38.12
U+5AFC,嫼,38,女,38.12
U+5AFD,嫽,38,女,38.12
U+5AFE,嫾,38,女,38.12
U+5AFF,嫿,38,女,38.12
U+5B00,嬀,38,女,38.12
U+5B01,嬁,38,女,38.12
U+5B02,嬂,38,女,38.12
U+5B03,嬃,38,女,38.12
U+5B04,嬄,38,女,38.12
U+5B05,嬅,38,女,38.12
U+5B06,嬆,38,女,38.12
U+5B07,嬇,38,女,38.12
U+5B08,嬈,38,女,38.12
U+5B09,嬉,38,女,38.12
U+5B0A,嬊,38,女,38.12
U+5B0B,嬋,38,女,38.12
U+5B0C,嬌,38,女,38.12
U+5B0D,嬍,38,女,38.12
U+5B0E,嬎,38,女,38.12
U+5B0F,嬏,38,女,38.12
U+5B10,嬐,38,女,38.13
U+5B11,嬑,38,女,38.13
U+5B12,嬒,38,女,38.13
U+5B13,嬓,38,女,38.13
U+5B14,嬔,38,女,38.13
U+5B15,嬕,38,女,38.13
U+5B16,嬖,38,女,38.13
U+5B17,嬗,38,女,38.13
U+5B18,嬘,38,女,38.13
U+5B19,嬙,38,女,38.13
U+5B1A,嬚,38,女,38.13
U+5B1B,嬛,38,女,38.13
U+5B1C,嬜,38,女,38.13
U+5B1D,嬝,38,女,38.13
U+5B1E,嬞,38,女,38.13
U+5B1F,嬟,38,女,38.13
U+5B20,嬠,38,女,38.13
U+5B21,嬡,38,女,38.13
U+5B22,嬢,38,女,38.13
U+5B23,嬣,38,女,38.14
U+5B24,嬤,38,女,38.14
U+5B25,嬥,38,女,38.14
U+5B26,嬦,38,女,38.14
U+5B27,嬧,38,女,38.14
U+5B28,嬨,38,女,38.14
U+5B29,嬩,38,女,38.14
U+5B2A,嬪,38,女,38.14
U+5B2B,嬫,38,女,38.14
U+5B2C,嬬,38,女,38.14
U+5B2D,嬭,38,女,38.14
U+5B2E,嬮,38,女,38.14
U+5B2F,嬯,38,女,38.14
U+5B30,嬰,38,女,38.14
U+5B31,嬱,38,女,38.14
U+5B32,嬲,38,女,38.14
U+5B33,嬳,38,女,38.14
U+5B34,嬴,38,女,38.13
U+5B35,嬵,38,女,38.14
U+5B36,嬶,38,女,38.14
U+5B37,嬷,38,女,38.14
U+5B38,嬸,38,女,38.15
U+5B39,嬹,38,女,38.16
U+5B3A,嬺,38,女,38.15
U+5B3B,嬻,38,女,38.15
U+5B3C,嬼,38,女,38.15
U+5B3D,嬽,38,女,38.15
U+5B3E,嬾,38,女,38.16
U+5B3F,嬿,38,女,38.16
U+5B40,孀,38,女,38.17
U+5B41,孁,38,女,38.17
U+5B42,孂,38,女,38.17
U+5B43,孃,38,女,38.17
U+5B44,孄,38,女,38.17
U+5B45,孅,38,女,38.17
U+5B46,孆,38,女,38.17
U+5B47,孇,38,女,38.18
U+5B48,孈,38,女,38.18
U+5B49,孉,38,女,38.18
U+5B4A,孊,38,女,38.19
U+5B4B,孋,38,女,38.19
U+5B4C,孌,38,女,38.19
U+5B4D,孍,38,女,38.20
U+5B4E,孎,38,女,38.21
U+5B4F,孏,38,女,38.21
U+5B50,子,39,子,39.0
U+5B51,孑,39,子,39.0
U+5B52,孒,39,子,39.0
U+5B53,孓,39,子,39.0
U+5B54,孔,39,子,39.1
U+5B55,孕,39,子,39.2
U+5B56,孖,39,子,39.3
U+5B57,字,39,子,39.3
U+5B58,存,39,子,39.3
U+5B59,孙,39,子,39.3
U+5B5A,孚,39,子,39.4
U+5B5B,孛,39,子,39.4
U+5B5C,孜,39,子,39.4
U+5B5D,孝,39,子,39.4
U+5B5E,孞,39,子,39.4
U+5B5F,孟,39,子,39.5
U+5B60,孠,39,子,39.5
U+5B61,孡,39,子,39.5
U+5B62,孢,39,子,39.5
U+5B63,季,39,子,39.5
U+5B64,孤,39,子,39.5
U+5B65,孥,39,子,39.5
U+5B66,学,39,子,39.5
U+5B67,孧,39,子,39.5
U+5B68,孨,39,子,39.6
U+5B69,孩,39,子,39.6
U+5B6A,孪,39,子,39.6
U+5B6B,孫,39,子,39.7
U+5B6C,孬,39,子,39.7
U+5B6D,孭,39,子,39.7
U+5B6E,孮,39,子,39.8
U+5B6F,孯,39,子,39.8
U+5B70,孰,39,子,39.8
U+5B71,孱,39,子,39.9
U+5B72,孲,39,子,39.8
U+5B73,孳,39,子,39.10
U+5B74,孴,39,子,39.10
U+5B75,孵,39,子,39.11
U+5B76,孶,39,子,39.11
U+5B77,孷,39,子,39.11
U+5B78,學,39,子,39.13
U+5B79,孹,39,子,39.13
U+5B7A,孺,39,子,39.14
U+5B7B,孻,39,子,39.14
U+5B7C,孼,39,子,39.16
U+5B7D,孽,39,子,39.17
U+5B7E,孾,39,子,39.17
U+5B7F,孿,39,子,39.19
U+5B80,宀,40,宀,40.0
U+5B81,宁,40,宀,40.2
U+5B82,宂,40,宀,40.2
U+5B83,它,40,宀,40.2
U+5B84,宄,40,宀,40.2
U+5B85,宅,40,宀,40.3
U+5B86,宆,40,宀,40.3
U+5B87,宇,40,宀,40.3
U+5B88,守,40,宀,40.3
U+5B89,安,40,宀,40.3
U+5B8A,宊,40,宀,40.4
U+5B8B,宋,40,宀,40.4
U+5B8C,完,40,宀,40.4
U+5B8D,宍,40,宀,40.4
U+5B8E,宎,40,宀,40.4
U+5B8F,宏,40,宀,40.4
U+5B90,宐,40,宀,40.4
U+5B91,宑,40,宀,40.4
U+5B92,宒,40,宀,40.4
U+5B93,宓,40,宀,40.5
U+5B94,宔,40,宀,40.5
U+5B95,宕,40,宀,40.5
U+5B96,宖,40,宀,40.5
U+5B97,宗,40,宀,40.5
U+5B98,官,40,宀,40.5
U+5B99,宙,40,宀,40.5
U+5B9A,定,40,宀,40.5
U+5B9B,宛,40,宀,40.5
U+5B9C,宜,40,宀,40.5
U+5B9D,宝,40,宀,40.5
U+5B9E,实,40,宀,40.5
U+5B9F,実,40,宀,40.5
U+5BA0,宠,40,宀,40.5
U+5BA1,审,40,宀,40.5
U+5BA2,客,40,宀,40.6
U+5BA3,宣,40,宀,40.6
U+5BA4,室,40,宀,40.6
U+5BA5,宥,40,宀,40.6
U+5BA6,宦,40,宀,40.6
U+5BA7,宧,40,宀,40.7
U+5BA8,宨,40,宀,40.6
U+5BA9,宩,40,宀,40.6
U+5BAA,宪,40,宀,40.6
U+5BAB,宫,40,宀,40.6
U+5BAC,宬,40,宀,40.7
U+5BAD,宭,40,宀,40.7
U+5BAE,宮,40,宀,40.7
U+5BAF,宯,40,宀,40.7
U+5BB0,宰,40,宀,40.7
U+5BB1,宱,40,宀,40.7
U+5BB2,宲,40,宀,40.7
U+5BB3,害,40,宀,40.7
U+5BB4,宴,40,宀,40.7
U+5BB5,宵,40,宀,40.7
U+5BB6,家,40,宀,40.7
U+5BB7,宷,40,宀,40.7
U+5BB8,宸,40,宀,40.7
U+5BB9,容,40,宀,40.7
U+5BBA,宺,40,宀,40.7
U+5BBB,宻,40,宀,40.7
U+5BBC,宼,40,宀,40.7
U+5BBD,宽,40,宀,40.7
U+5BBE,宾,40,宀,40.7
U+5BBF,宿,40,宀,40.8
U+5BC0,寀,40,宀,40.8
U+5BC1,寁,40,宀,40.8
U+5BC2,寂,40,宀,40.8
U+5BC3,寃,40,宀,40.8
U+5BC4,寄,40,宀,40.8
U+5BC5,寅,40,宀,40.8
U+5BC6,密,40,宀,40.8
U+5BC7,寇,40,宀,40.8
U+5BC8,寈,40,宀,40.8
U+5BC9,寉,40,宀,40.8
U+5BCA,寊,40,宀,40.9
U+5BCB,寋,40,宀,40.9
U+5BCC,富,40,宀,40.9
U+5BCD,寍,40,宀,40.9
U+5BCE,寎,40,宀,40.9
U+5BCF,寏,40,宀,40.9
U+5BD0,寐,40,宀,40.9
U+5BD1,寑,40,宀,40.9
U+5BD2,寒,40,宀,40.9
U+5BD3,寓,40,宀,40.9
U+5BD4,寔,40,宀,40.9
U+5BD5,寕,40,宀,40.9
U+5BD6,寖,40,宀,40.10
U+5BD7,寗,40,宀,40.10
U+5BD8,寘,40,宀,40.10
U+5BD9,寙,40,宀,40.10
U+5BDA,寚,40,宀,40.10
U+5BDB,寛,40,宀,40.10
U+5BDC,寜,40,宀,40.10
U+5BDD,寝,40,宀,40.10
U+5BDE,寞,40,宀,40.11
U+5BDF,察,40,宀,40.11
U+5BE0,寠,40,宀,40.11
U+5BE1,寡,40,宀,40.11
U+5BE2,寢,40,宀,40.11
U+5BE3,寣,40,宀,40.11
U+5BE4,寤,40,宀,40.11
U+5BE5,寥,40,宀,40.11
U+5BE6,實,40,宀,40.11
U+5BE7,寧,40,宀,40.11
U+5BE8,寨,40,宀,40.11
U+5BE9,審,40,宀,40.12
U+5BEA,寪,40,宀,40.9
U+5BEB,寫,40,宀,40.12
U+5BEC,寬,40,宀,40.12
U+5BED,寭,40,宀,40.12
U+5BEE,寮,40,宀,40.12
U+5BEF,寯,40,宀,40.13
U+5BF0,寰,40,宀,40.13
U+5BF1,寱,40,宀,40.14
U+5BF2,寲,40,宀,40.14
U+5BF3,寳,40,宀,40.16
U+5BF4,寴,40,宀,40.16
U+5BF5,寵,40,宀,40.16
U+5BF6,寶,40,宀,40.17
U+5BF7,寷,40,宀,40.18
U+5BF8,寸,41,寸,41.0
U+5BF9,对,41,寸,41.2 29.3
U+5BFA,寺,41,寸,41.3
U+5BFB,寻,41,寸,41.3
U+5BFC,导,41,寸,41.3
U+5BFD,寽,41,寸,41.4
U+5BFE,対,41,寸,41.4
U+5BFF,寿,41,寸,41.4
U+5C00,尀,41,寸,41.5
U+5C01,封,41,寸,41.6
U+5C02,専,41,寸,41.6
U+5C03,尃,41,寸,41.7
U+5C04,射,41,寸,41.7
U+5C05,尅,41,寸,41.7
U+5C06,将,41,寸,41.6 90'.6
U+5C07,將,41,寸,41.8
U+5C08,專,41,寸,41.8
U+5C09,尉,41,寸,41.8
U+5C0A,尊,41,寸,41.9
U+5C0B,尋,41,寸,41.9
U+5C0C,尌,41,寸,41.9
U+5C0D,對,41,寸,41.11
U+5C0E,導,41,寸,41.12
U+5C0F,小,42,小,42.0
U+5C10,尐,42,小,42.1
U+5C11,少,42,小,42.1
U+5C12,尒,42,小,42.2
U+5C13,尓,42,小,42.2
U+5C14,尔,42,小,42.2
U+5C15,尕,42,小,42.2
U+5C16,尖,42,小,42.3
U+5C17,尗,42,小,42.3
U+5C18,尘,42,小,42.3 32.3
U+5C19,尙,42,小,42.5
U+5C1A,尚,42,小,42.5
U+5C1B,尛,42,小,42.6
U+5C1C,尜,42,小,42.6
U+5C1D,尝,42,小,42.6 28.7
U+5C1E,尞,42,小,42.9
U+5C1F,尟,42,小,42.10
U+5C20,尠,42,小,42.10
U+5C21,尡,42,小,42.11 10.12
U+5C22,尢,43,尢,43.0
U+5C23,尣,43,尢,43.0
U+5C24,尤,43,尢,43.1
U+5C25,尥,43,尢,43.3
U+5C26,尦,43,尢,43.3
U+5C27,尧,43,尢,43.3 10.4
U+5C28,尨,43,尢,43.4
U+5C29,尩,43,尢,43.4
U+5C2A,尪,43,尢,43.4
U+5C2B,尫,43,尢,43.4
U+5C2C,尬,43,尢,43.4
U+5C2D,尭,43,尢,43.5 10.6
U+5C2E,尮,43,尢,43.6
U+5C2F,尯,43,尢,43.6
U+5C30,尰,43,尢,43.9
U+5C31,就,43,尢,43.9
U+5C32,尲,43,尢,43.10
U+5C33,尳,43,尢,43.10
U+5C34,尴,43,尢,43.10
U+5C35,尵,43,尢,43.12
U+5C36,尶,43,尢,43.14
U+5C37,尷,43,尢,43.14
U+5C38,尸,44,尸,44.0
U+5C39,尹,4,丿,4.3 44.1
U+5C3A,尺,44,尸,44.1
U+5C3B,尻,44,尸,44.2
U+5C3C,尼,44,尸,44.2
U+5C3D,尽,44,尸,44.3
U+5C3E,尾,44,尸,44.4
U+5C3F,尿,44,尸,44.4
U+5C40,局,44,尸,44.4
U+5C41,屁,44,尸,44.4
U+5C42,层,44,尸,44.4
U+5C43,屃,44,尸,44.4
U+5C44,屄,44,尸,44.5
U+5C45,居,44,尸,44.5
U+5C46,屆,44,尸,44.5
U+5C47,屇,44,尸,44.5
U+5C48,屈,44,尸,44.5
U+5C49,屉,44,尸,44.5
U+5C4A,届,44,尸,44.5
U+5C4B,屋,44,尸,44.6
U+5C4C,屌,44,尸,44.6
U+5C4D,屍,44,尸,44.6
U+5C4E,屎,44,尸,44.6
U+5C4F,屏,44,尸,44.6
U+5C50,屐,44,尸,44.7
U+5C51,屑,44,尸,44.7
U+5C52,屒,44,尸,44.7
U+5C53,屓,44,尸,44.7
U+5C54,屔,44,尸,44.7
U+5C55,展,44,尸,44.7
U+5C56,屖,44,尸,44.7
U+5C57,屗,44,尸,44.7 41.7
U+5C58,屘,44,尸,44.7 39.7
U+5C59,屙,44,尸,44.8
U+5C5A,屚,44,尸,44.8
U+5C5B,屛,44,尸,44.8
U+5C5C,屜,44,尸,44.8
U+5C5D,屝,44,尸,44.8
U+5C5E,属,44,尸,44.9
U+5C5F,屟,44,尸,44.9
U+5C60,屠,44,尸,44.9
U+5C61,屡,44,尸,44.9
U+5C62,屢,44,尸,44.11
U+5C63,屣,44,尸,44.11
U+5C64,層,44,尸,44.12
U+5C65,履,44,尸,44.12
U+5C66,屦,44,尸,44.12
U+5C67,屧,44,尸,44.12
U+5C68,屨,44,尸,44.14
U+5C69,屩,44,尸,44.15
U+5C6A,屪,44,尸,44.15
U+5C6B,屫,44,尸,44.16
U+5C6C,屬,44,尸,44.18
U+5C6D,屭,44,尸,44.21
U+5C6E,屮,45,屮,45.0
U+5C6F,屯,45,屮,45.1
U+5C70,屰,45,屮,45.3
U+5C71,山,46,山,46.0
U+5C72,屲,46,山,46.1
U+5C73,屳,46,山,46.2
U+5C74,屴,46,山,46.2
U+5C75,屵,46,山,46.2
U+5C76,屶,46,山,46.2
U+5C77,屷,46,山,46.2
U+5C78,屸,46,山,46.3
U+5C79,屹,46,山,46.3
U+5C7A,屺,46,山,46.3
U+5C7B,屻,46,山,46.3
U+5C7C,屼,46,山,46.3
U+5C7D,屽,46,山,46.3
U+5C7E,屾,46,山,46.3
U+5C7F,屿,46,山,46.3
U+5C80,岀,46,山,46.3
U+5C81,岁,46,山,46.3
U+5C82,岂,46,山,46.3
U+5C83,岃,46,山,46.3
U+5C84,岄,46,山,46.4
U+5C85,岅,46,山,46.4
U+5C86,岆,46,山,46.4
U+5C87,岇,46,山,46.4
U+5C88,岈,46,山,46.4
U+5C89,岉,46,山,46.4
U+5C8A,岊,46,山,46.4
U+5C8B,岋,46,山,46.4
U+5C8C,岌,46,山,46.4
U+5C8D,岍,46,山,46.6
U+5C8E,岎,46,山,46.4
U+5C8F,岏,46,山,46.4
U+5C90,岐,46,山,46.4
U+5C91,岑,46,山,46.4
U+5C92,岒,46,山,46.4
U+5C93,岓,46,山,46.4
U+5C94,岔,46,山,46.4
U+5C95,岕,46,山,46.4
U+5C96,岖,46,山,46.4
U+5C97,岗,46,山,46.4
U+5C98,岘,46,山,46.4
U+5C99,岙,46,山,46.4
U+5C9A,岚,46,山,46.4
U+5C9B,岛,46,山,46.4
U+5C9C,岜,46,山,46.4
U+5C9D,岝,46,山,46.5
U+5C9E,岞,46,山,46.5
U+5C9F,岟,46,山,46.5
U+5CA0,岠,46,山,46.5
U+5CA1,岡,46,山,46.5
U+5CA2,岢,46,山,46.5
U+5CA3,岣,46,山,46.5
U+5CA4,岤,46,山,46.5
U+5CA5,岥,46,山,46.5
U+5CA6,岦,46,山,46.5
U+5CA7,岧,46,山,46.5
U+5CA8,岨,46,山,46.5
U+5CA9,岩,46,山,46.5
U+5CAA,岪,46,山,46.5
U+5CAB,岫,46,山,46.5
U+5CAC,岬,46,山,46.5
U+5CAD,岭,46,山,46.5
U+5CAE,岮,46,山,46.5
U+5CAF,岯,46,山,46.5
U+5CB0,岰,46,山,46.5
U+5CB1,岱,46,山,46.5
U+5CB2,岲,46,山,46.5
U+5CB3,岳,46,山,46.5
U+5CB4,岴,46,山,46.5
U+5CB5,岵,46,山,46.5
U+5CB6,岶,46,山,46.5
U+5CB7,岷,46,山,46.5
U+5CB8,岸,46,山,46.5
U+5CB9,岹,46,山,46.5
U+5CBA,岺,46,山,46.5
U+5CBB,岻,46,山,46.5
U+5CBC,岼,46,山,46.5
U+5CBD,岽,46,山,46.5
U+5CBE,岾,46,山,46.5
U+5CBF,岿,46,山,46.5
U+5CC0,峀,46,山,46.5
U+5CC1,峁,46,山,46.5
U+5CC2,峂,46,山,46.5
U+5CC3,峃,46,山,46.5
U+5CC4,峄,46,山,46.5
U+5CC5,峅,46,山,46.5
U+5CC6,峆,46,山,46.6
U+5CC7,峇,46,山,46.6
U+5CC8,峈,46,山,46.6
U+5CC9,峉,46,山,46.6
U+5CCA,峊,46,山,46.6
U+5CCB,峋,46,山,46.6
U+5CCC,峌,46,山,46.6
U+5CCD,峍,46,山,46.6
U+5CCE,峎,46,山,46.6
U+5CCF,峏,46,山,46.6
U+5CD0,峐,46,山,46.6
U+5CD1,峑,46,山,46.6
U+5CD2,峒,46,山,46.6
U+5CD3,峓,46,山,46.6
U+5CD4,峔,46,山,46.6
U+5CD5,峕,46,山,46.6
U+5CD6,峖,46,山,46.6
U+5CD7,峗,46,山,46.6
U+5CD8,峘,46,山,46.6
U+5CD9,峙,46,山,46.6
U+5CDA,峚,46,山,46.6
U+5CDB,峛,46,山,46.6
U+5CDC,峜,46,山,46.6
U+5CDD,峝,46,山,46.6
U+5CDE,峞,46,山,46.6
U+5CDF,峟,46,山,46.6
U+5CE0,峠,46,山,46.6
U+5CE1,峡,46,山,46.6
U+5CE2,峢,46,山,46.6
U+5CE3,峣,46,山,46.6
U+5CE4,峤,46,山,46.6
U+5CE5,峥,46,山,46.6
U+5CE6,峦,46,山,46.6
U+5CE7,峧,46,山,46.6
U+5CE8,峨,46,山,46.7
U+5CE9,峩,46,山,46.7
U+5CEA,峪,46,山,46.7
U+5CEB,峫,46,山,46.7
U+5CEC,峬,46,山,46.7
U+5CED,峭,46,山,46.7
U+5CEE,峮,46,山,46.7
U+5CEF,峯,46,山,46.7
U+5CF0,峰,46,山,46.7
U+5CF1,峱,46,山,46.7
U+5CF2,峲,46,山,46.7
U+5CF3,峳,46,山,46.7
U+5CF4,峴,46,山,46.7
U+5CF5,峵,46,山,46.7
U+5CF6,島,46,山,46.7
U+5CF7,峷,46,山,46.7
U+5CF8,峸,46,山,46.7
U+5CF9,峹,46,山,46.7
U+5CFA,峺,46,山,46.7
U+5CFB,峻,46,山,46.7
U+5CFC,峼,46,山,46.7
U+5CFD,峽,46,山,46.7
U+5CFE,峾,46,山,46.7
U+5CFF,峿,46,山,46.7
U+5D00,崀,46,山,46.7
U+5D01,崁,46,山,46.7
U+5D02,崂,46,山,46.7
U+5D03,崃,46,山,46.7
U+5D04,崄,46,山,46.7
U+5D05,崅,46,山,46.7
U+5D06,崆,46,山,46.8
U+5D07,崇,46,山,46.8
U+5D08,崈,46,山,46.8
U+5D09,崉,46,山,46.8
U+5D0A,崊,46,山,46.8
U+5D0B,崋,46,山,46.8
U+5D0C,崌,46,山,46.8
U+5D0D,崍,46,山,46.8
U+5D0E,崎,46,山,46.8
U+5D0F,崏,46,山,46.8
U+5D10,崐,46,山,46.8
U+5D11,崑,46,山,46.8
U+5D12,崒,46,山,46.8
U+5D13,崓,46,山,46.8
U+5D14,崔,46,山,46.8
U+5D15,崕,46,山,46.8
U+5D16,崖,46,山,46.8
U+5D17,崗,46,山,46.8
U+5D18,崘,46,山,46.8
U+5D19,崙,46,山,46.8
U+5D1A,崚,46,山,46.8
U+5D1B,崛,46,山,46.8
U+5D1C,崜,46,山,46.8
U+5D1D,崝,46,山,46.8
U+5D1E,崞,46,山,46.8
U+5D1F,崟,46,山,46.8
U+5D20,崠,46,山,46.8
U+5D21,崡,46,山,46.8
U+5D22,崢,46,山,46.8
U+5D23,崣,46,山,46.8
U+5D24,崤,46,山,46.8
U+5D25,崥,46,山,46.8
U+5D26,崦,46,山,46.8
U+5D27,崧,46,山,46.8
U+5D28,崨,46,山,46.8
U+5D29,崩,46,山,46.8
U+5D2A,崪,46,山,46.8
U+5D2B,崫,46,山,46.8
U+5D2C,崬,46,山,46.8
U+5D2D,崭,46,山,46.8
U+5D2E,崮,46,山,46.8
U+5D2F,崯,46,山,46.8
U+5D30,崰,46,山,46.8
U+5D31,崱,46,山,46.9
U+5D32,崲,46,山,46.9
U+5D33,崳,46,山,46.9
U+5D34,崴,46,山,46.9
U+5D35,崵,46,山,46.9
U+5D36,崶,46,山,46.9
U+5D37,崷,46,山,46.9
U+5D38,崸,46,山,46.9
U+5D39,崹,46,山,46.9
U+5D3A,崺,46,山,46.9
U+5D3B,崻,46,山,46.9
U+5D3C,崼,46,山,46.9
U+5D3D,崽,46,山,46.9
U+5D3E,崾,46,山,46.9
U+5D3F,崿,46,山,46.9
U+5D40,嵀,46,山,46.9
U+5D41,嵁,46,山,46.9
U+5D42,嵂,46,山,46.9
U+5D43,嵃,46,山,46.9
U+5D44,嵄,46,山,46.9
U+5D45,嵅,46,山,46.9
U+5D46,嵆,46,山,46.9
U+5D47,嵇,46,山,46.9
U+5D48,嵈,46,山,46.9
U+5D49,嵉,46,山,46.9
U+5D4A,嵊,46,山,46.10
U+5D4B,嵋,46,山,46.9
U+5D4C,嵌,46,山,46.9
U+5D4D,嵍,46,山,46.9
U+5D4E,嵎,46,山,46.9
U+5D4F,嵏,46,山,46.9
U+5D50,嵐,46,山,46.9
U+5D51,嵑,46,山,46.9
U+5D52,嵒,46,山,46.9
U+5D53,嵓,46,山,46.9
U+5D54,嵔,46,山,46.9
U+5D55,嵕,46,山,46.9
U+5D56,嵖,46,山,46.9
U+5D57,嵗,46,山,46.9
U+5D58,嵘,46,山,46.9
U+5D59,嵙,46,山,46.9
U+5D5A,嵚,46,山,46.9
U+5D5B,嵛,46,山,46.9
U+5D5C,嵜,46,山,46.9
U+5D5D,嵝,46,山,46.9
U+5D5E,嵞,46,山,46.10
U+5D5F,嵟,46,山,46.10
U+5D60,嵠,46,山,46.10
U+5D61,嵡,46,山,46.10
U+5D62,嵢,46,山,46.10
U+5D63,嵣,46,山,46.10
U+5D64,嵤,46,山,46.10
U+5D65,嵥,46,山,46.10
U+5D66,嵦,46,山,46.10
U+5D67,嵧,46,山,46.10
U+5D68,嵨,46,山,46.10
U+5D69,嵩,46,山,46.10
U+5D6A,嵪,46,山,46.10
U+5D6B,嵫,46,山,46.10
U+5D6C,嵬,46,山,46.10
U+5D6D,嵭,46,山,46.10
U+5D6E,嵮,46,山,46.10
U+5D6F,嵯,46,山,46.10
U+5D70,嵰,46,山,46.10
U+5D71,嵱,46,山,46.10
U+5D72,嵲,46,山,46.10
U+5D73,嵳,46,山,46.10
U+5D74,嵴,46,山,46.10
U+5D75,嵵,46,山,46.10
U+5D76,嵶,46,山,46.10
U+5D77,嵷,46,山,46.11
U+5D78,嵸,46,山,46.11
U+5D79,嵹,46,山,46.11
U+5D7A,嵺,46,山,46.11
U+5D7B,嵻,46,山,46.11
U+5D7C,嵼,46,山,46.11
U+5D7D,嵽,46,山,46.11
U+5D7E,嵾,46,山,46.11
U+5D7F,嵿,46,山,46.11
U+5D80,嶀,46,山,46.11
U+5D81,嶁,46,山,46.11
U+5D82,嶂,46,山,46.11
U+5D83,嶃,46,山,46.11
U+5D84,嶄,46,山,46.11
U+5D85,嶅,46,山,46.11
U+5D86,嶆,46,山,46.11
U+5D87,嶇,46,山,46.11
U+5D88,嶈,46,山,46.11
U+5D89,嶉,46,山,46.11
U+5D8A,嶊,46,山,46.11
U+5D8B,嶋,46,山,46.11
U+5D8C,嶌,46,山,46.11
U+5D8D,嶍,46,山,46.11
U+5D8E,嶎,46,山,46.11
U+5D8F,嶏,46,山,46.12
U+5D90,嶐,46,山,46.12
U+5D91,嶑,46,山,46.12
U+5D92,嶒,46,山,46.12
U+5D93,嶓,46,山,46.12
U+5D94,嶔,46,山,46.12
U+5D95,嶕,46,山,46.12
U+5D96,嶖,46,山,46.12
U+5D97,嶗,46,山,46.12
U+5D98,嶘,46,山,46.12
U+5D99,嶙,46,山,46.12
U+5D9A,嶚,46,山,46.12
U+5D9B,嶛,46,山,46.12
U+5D9C,嶜,46,山,46.12
U+5D9D,嶝,46,山,46.12
U+5D9E,嶞,46,山,46.12
U+5D9F,嶟,46,山,46.12
U+5DA0,嶠,46,山,46.12
U+5DA1,嶡,46,山,46.12
U+5DA2,嶢,46,山,46.12
U+5DA3,嶣,46,山,46.12
U+5DA4,嶤,46,山,46.12
U+5DA5,嶥,46,山,46.12
U+5DA6,嶦,46,山,46.13
U+5DA7,嶧,46,山,46.13
U+5DA8,嶨,46,山,46.13
U+5DA9,嶩,46,山,46.13
U+5DAA,嶪,46,山,46.13
U+5DAB,嶫,46,山,46.13
U+5DAC,嶬,46,山,46.13
U+5DAD,嶭,46,山,46.13
U+5DAE,嶮,46,山,46.13
U+5DAF,嶯,46,山,46.13
U+5DB0,嶰,46,山,46.13
U+5DB1,嶱,46,山,46.13
U+5DB2,嶲,46,山,46.13
U+5DB3,嶳,46,山,46.13
U+5DB4,嶴,46,山,46.13
U+5DB5,嶵,46,山,46.13
U+5DB6,嶶,46,山,46.13
U+5DB7,嶷,46,山,46.14
U+5DB8,嶸,46,山,46.14
U+5DB9,嶹,46,山,46.14
U+5DBA,嶺,46,山,46.14
U+5DBB,嶻,46,山,46.16
U+5DBC,嶼,46,山,46.14
U+5DBD,嶽,46,山,46.14
U+5DBE,嶾,46,山,46.14
U+5DBF,嶿,46,山,46.14
U+5DC0,巀,46,山,46.15
U+5DC1,巁,46,山,46.15
U+5DC2,巂,46,山,46.15
U+5DC3,巃,46,山,46.16
U+5DC4,巄,46,山,46.16
U+5DC5,巅,46,山,46.16
U+5DC6,巆,46,山,46.17
U+5DC7,巇,46,山,46.17
U+5DC8,巈,46,山,46.17
U+5DC9,巉,46,山,46.17
U+5DCA,巊,46,山,46.17
U+5DCB,巋,46,山,46.17
U+5DCC,巌,46,山,46.17
U+5DCD,巍,46,山,46.18
U+5DCE,巎,46,山,46.19
U+5DCF,巏,46,山,46.18
U+5DD0,巐,46,山,46.18
U+5DD1,巑,46,山,46.19
U+5DD2,巒,46,山,46.19
U+5DD3,巓,46,山,46.19
U+5DD4,巔,46,山,46.19
U+5DD5,巕,46,山,46.19
U+5DD6,巖,46,山,46.20
U+5DD7,巗,46,山,46.19 46.20
U+5DD8,巘,46,山,46.20
U+5DD9,巙,46,山,46.20
U+5DDA,巚,46,山,46.20
U+5DDB,巛,47,巛,47.0
U+5DDC,巜,47,巛,47.-1
U+5DDD,川,47,巛,47.0
U+5DDE,州,47,巛,47.3
U+5DDF,巟,47,巛,47.3
U+5DE0,巠,47,巛,47.4
U+5DE1,巡,162,辵,162.3 47.4
U+5DE2,巢,47,巛,47.8
U+5DE3,巣,47,巛,47.8
U+5DE4,巤,47,巛,47.12
U+5DE5,工,48,工,48.0
U+5DE6,左,48,工,48.2
U+5DE7,巧,48,工,48.2
U+5DE8,巨,48,工,48.2
U+5DE9,巩,48,工,48.3
U+5DEA,巪,48,工,48.3
U+5DEB,巫,48,工,48.4
U+5DEC,巬,48,工,48.6
U+5DED,巭,48,工,48.6
U+5DEE,差,48,工,48.7
U+5DEF,巯,48,工,48.9
U+5DF0,巰,48,工,48.10
U+5DF1,己,49,己,49.0
U+5DF2,已,49,己,49.0
U+5DF3,巳,49,己,49.0
U+5DF4,巴,49,己,49.1
U+5DF5,巵,49,己,49.4
U+5DF6,巶,49,己,49.5
U+5DF7,巷,49,己,49.6
U+5DF8,巸,49,己,49.6
U+5DF9,巹,49,己,49.6
U+5DFA,巺,49,己,49.6
U+5DFB,巻,49,己,49.6
U+5DFC,巼,49,己,49.7
U+5DFD,巽,49,己,49.9
U+5DFE,巾,50,巾,50.0
U+5DFF,巿,50,巾,50.1
U+5E00,帀,50,巾,50.1
U+5E01,币,50,巾,50.1
U+5E02,市,50,巾,50.2
U+5E03,布,50,巾,50.2
U+5E04,帄,50,巾,50.2
U+5E05,帅,50,巾,50.2
U+5E06,帆,50,巾,50.3
U+5E07,帇,50,巾,50.3
U+5E08,师,50,巾,50.3
U+5E09,帉,50,巾,50.4
U+5E0A,帊,50,巾,50.4
U+5E0B,帋,50,巾,50.4
U+5E0C,希,50,巾,50.4
U+5E0D,帍,50,巾,50.4
U+5E0E,帎,50,巾,50.4
U+5E0F,帏,50,巾,50.4
U+5E10,帐,50,巾,50.4
U+5E11,帑,50,巾,50.5
U+5E12,帒,50,巾,50.5
U+5E13,帓,50,巾,50.5
U+5E14,帔,50,巾,50.5
U+5E15,帕,50,巾,50.5
U+5E16,帖,50,巾,50.5
U+5E17,帗,50,巾,50.5
U+5E18,帘,50,巾,50.5
U+5E19,帙,50,巾,50.5
U+5E1A,帚,50,巾,50.5
U+5E1B,帛,50,巾,50.5
U+5E1C,帜,50,巾,50.5
U+5E1D,帝,50,巾,50.6
U+5E1E,帞,50,巾,50.6
U+5E1F,帟,50,巾,50.6
U+5E20,帠,50,巾,50.6
U+5E21,帡,50,巾,50.6
U+5E22,帢,50,巾,50.6
U+5E23,帣,50,巾,50.6
U+5E24,帤,50,巾,50.6
U+5E25,帥,50,巾,50.6
U+5E26,带,50,巾,50.6
U+5E27,帧,50,巾,50.6
U+5E28,帨,50,巾,50.7
U+5E29,帩,50,巾,50.7
U+5E2A,帪,50,巾,50.7
U+5E2B,師,50,巾,50.7
U+5E2C,帬,50,巾,50.7
U+5E2D,席,50,巾,50.7
U+5E2E,帮,50,巾,50.7
U+5E2F,帯,50,巾,50.7
U+5E30,帰,50,巾,50.7
U+5E31,帱,50,巾,50.7
U+5E32,帲,50,巾,50.8
U+5E33,帳,50,巾,50.8
U+5E34,帴,50,巾,50.8
U+5E35,帵,50,巾,50.8
U+5E36,帶,50,巾,50.8
U+5E37,帷,50,巾,50.8
U+5E38,常,50,巾,50.8
U+5E39,帹,50,巾,50.8
U+5E3A,帺,50,巾,50.8
U+5E3B,帻,50,巾,50.8
U+5E3C,帼,50,巾,50.8
U+5E3D,帽,50,巾,50.9
U+5E3E,帾,50,巾,50.9
U+5E3F,帿,50,巾,50.9
U+5E40,幀,50,巾,50.9
U+5E41,幁,50,巾,50.9
U+5E42,幂,50,巾,50.9 14.10
U+5E43,幃,50,巾,50.9
U+5E44,幄,50,巾,50.9
U+5E45,幅,50,巾,50.9
U+5E46,幆,50,巾,50.9
U+5E47,幇,50,巾,50.9
U+5E48,幈,50,巾,50.11
U+5E49,幉,50,巾,50.9
U+5E4A,幊,50,巾,50.10
U+5E4B,幋,50,巾,50.10
U+5E4C,幌,50,巾,50.10
U+5E4D,幍,50,巾,50.10
U+5E4E,幎,50,巾,50.10
U+5E4F,幏,50,巾,50.10
U+5E50,幐,130,肉,130.9
U+5E51,幑,50,巾,50.11
U+5E52,幒,50,巾,50.11
U+5E53,幓,50,巾,50.11
U+5E54,幔,50,巾,50.11
U+5E55,幕,50,巾,50.11
U+5E56,幖,50,巾,50.11
U+5E57,幗,50,巾,50.11
U+5E58,幘,50,巾,50.11
U+5E59,幙,50,巾,50.11
U+5E5A,幚,50,巾,50.12
U+5E5B,幛,50,巾,50.11
U+5E5C,幜,50,巾,50.12
U+5E5D,幝,50,巾,50.12
U+5E5E,幞,50,巾,50.12
U+5E5F,幟,50,巾,50.12
U+5E60,幠,50,巾,50.12
U+5E61,幡,50,巾,50.12
U+5E62,幢,50,巾,50.12
U+5E63,幣,50,巾,50.12
U+5E64,幤,50,巾,50.12
U+5E65,幥,50,巾,50.12
U+5E66,幦,50,巾,50.13
U+5E67,幧,50,巾,50.13
U+5E68,幨,50,巾,50.13
U+5E69,幩,50,巾,50.13
U+5E6A,幪,50,巾,50.14
U+5E6B,幫,50,巾,50.14
U+5E6C,幬,50,巾,50.14
U+5E6D,幭,50,巾,50.15
U+5E6E,幮,50,巾,50.15
U+5E6F,幯,50,巾,50.15
U+5E70,幰,50,巾,50.16
U+5E71,幱,50,巾,50.17
U+5E72,干,51,干,51.0
U+5E73,平,51,干,51.2
U+5E74,年,51,干,51.3
U+5E75,幵,51,干,51.3
U+5E76,并,51,干,51.5
U+5E77,幷,51,干,51.5
U+5E78,幸,51,干,51.5
U+5E79,幹,51,干,51.10
U+5E7A,幺,52,幺,52.0
U+5E7B,幻,52,幺,52.1
U+5E7C,幼,52,幺,52.2
U+5E7D,幽,52,幺,52.6
U+5E7E,幾,52,幺,52.9
U+5E7F,广,53,广,53.0
U+5E80,庀,53,广,53.2
U+5E81,庁,53,广,53.2
U+5E82,庂,53,广,53.2
U+5E83,広,53,广,53.2
U+5E84,庄,53,广,53.3
U+5E85,庅,53,广,53.3
U+5E86,庆,53,广,53.3
U+5E87,庇,53,广,53.4
U+5E88,庈,53,广,53.4
U+5E89,庉,53,广,53.4
U+5E8A,床,53,广,53.4
U+5E8B,庋,53,广,53.4
U+5E8C,庌,53,广,53.4
U+5E8D,庍,53,广,53.4
U+5E8E,庎,53,广,53.4
U+5E8F,序,53,广,53.4
U+5E90,庐,53,广,53.4
U+5E91,庑,53,广,53.4
U+5E92,庒,53,广,53.4
U+5E93,库,53,广,53.4
U+5E94,应,53,广,53.4
U+5E95,底,53,广,53.5
U+5E96,庖,53,广,53.5
U+5E97,店,53,广,53.5
U+5E98,庘,53,广,53.4
U+5E99,庙,53,广,53.5
U+5E9A,庚,53,广,53.5
U+5E9B,庛,53,广,53.5
U+5E9C,府,53,广,53.5
U+5E9D,庝,53,广,53.5
U+5E9E,庞,53,广,53.5
U+5E9F,废,53,广,53.5
U+5EA0,庠,53,广,53.6
U+5EA1,庡,53,广,53.6
U+5EA2,庢,53,广,53.6
U+5EA3,庣,53,广,53.6
U+5EA4,庤,53,广,53.6
U+5EA5,庥,53,广,53.6
U+5EA6,度,53,广,53.6
U+5EA7,座,53,广,53.7
U+5EA8,庨,53,广,53.7
U+5EA9,庩,53,广,53.7
U+5EAA,庪,53,广,53.7
U+5EAB,庫,53,广,53.7
U+5EAC,庬,53,广,53.7
U+5EAD,庭,53,广,53.7
U+5EAE,庮,53,广,53.7
U+5EAF,庯,53,广,53.7
U+5EB0,庰,53,广,53.8
U+5EB1,庱,53,广,53.8
U+5EB2,庲,53,广,53.8
U+5EB3,庳,53,广,53.8
U+5EB4,庴,53,广,53.8
U+5EB5,庵,53,广,53.8
U+5EB6,庶,53,广,53.8
U+5EB7,康,53,广,53.8
U+5EB8,庸,53,广,53.8
U+5EB9,庹,53,广,53.8
U+5EBA,庺,53,广,53.8
U+5EBB,庻,53,广,53.8
U+5EBC,庼,53,广,53.8
U+5EBD,庽,53,广,53.9
U+5EBE,庾,53,广,53.9
U+5EBF,庿,53,广,53.9
U+5EC0,廀,53,广,53.9
U+5EC1,廁,53,广,53.9
U+5EC2,廂,53,广,53.9
U+5EC3,廃,53,广,53.9
U+5EC4,廄,53,广,53.11
U+5EC5,廅,53,广,53.10
U+5EC6,廆,53,广,53.10
U+5EC7,廇,53,广,53.10
U+5EC8,廈,53,广,53.10
U+5EC9,廉,53,广,53.10
U+5ECA,廊,53,广,53.9
U+5ECB,廋,53,广,53.10
U+5ECC,廌,53,广,53.10
U+5ECD,廍,53,广,53.11
U+5ECE,廎,53,广,53.11
U+5ECF,廏,53,广,53.11
U+5ED0,廐,53,广,53.11
U+5ED1,廑,53,广,53.11
U+5ED2,廒,53,广,53.11
U+5ED3,廓,53,广,53.11
U+5ED4,廔,53,广,53.11
U+5ED5,廕,53,广,53.11
U+5ED6,廖,53,广,53.11
U+5ED7,廗,53,广,53.11
U+5ED8,廘,53,广,53.11
U+5ED9,廙,53,广,53.12
U+5EDA,廚,53,广,53.12
U+5EDB,廛,53,广,53.12
U+5EDC,廜,53,广,53.12
U+5EDD,廝,53,广,53.12
U+5EDE,廞,53,广,53.12
U+5EDF,廟,53,广,53.12
U+5EE0,廠,53,广,53.12
U+5EE1,廡,53,广,53.12
U+5EE2,廢,53,广,53.12
U+5EE3,廣,53,广,53.12
U+5EE4,廤,53,广,53.12
U+5EE5,廥,53,广,53.13
U+5EE6,廦,53,广,53.13
U+5EE7,廧,53,广,53.13
U+5EE8,廨,53,广,53.13
U+5EE9,廩,53,广,53.13
U+5EEA,廪,53,广,53.13
U+5EEB,廫,53,广,53.15
U+5EEC,廬,53,广,53.16
U+5EED,廭,53,广,53.16
U+5EEE,廮,53,广,53.17
U+5EEF,廯,53,广,53.17
U+5EF0,廰,53,广,53.17
U+5EF1,廱,53,广,53.18
U+5EF2,廲,53,广,53.19
U+5EF3,廳,53,广,53.22
U+5EF4,廴,54,廴,54.0
U+5EF5,廵,54,廴,54.3
U+5EF6,延,54,廴,54.4
U+5EF7,廷,54,廴,54.4
U+5EF8,廸,54,廴,54.5
U+5EF9,廹,54,廴,54.5
U+5EFA,建,54,廴,54.6
U+5EFB,廻,54,廴,54.6
U+5EFC,廼,54,廴,54.6
U+5EFD,廽,54,廴,54.7
U+5EFE,廾,55,廾,55.0
U+5EFF,廿,55,廾,55.1
U+5F00,开,55,廾,55.1 1.3
U+5F01,弁,55,廾,55.2
U+5F02,异,55,廾,55.3
U+5F03,弃,55,廾,55.4 8.5
U+5F04,弄,55,廾,55.4
U+5F05,弅,55,廾,55.4
U+5F06,弆,55,廾,55.5
U+5F07,弇,55,廾,55.6
U+5F08,弈,55,廾,55.6
U+5F09,弉,55,廾,55.7
U+5F0A,弊,55,廾,55.12
U+5F0B,弋,56,弋,56.0
U+5F0C,弌,56,弋,56.1
U+5F0D,弍,56,弋,56.2
U+5F0E,弎,56,弋,56.3
U+5F0F,式,56,弋,56.3
U+5F10,弐,56,弋,56.3
U+5F11,弑,56,弋,56.9
U+5F12,弒,56,弋,56.10
U+5F13,弓,57,弓,57.0
U+5F14,弔,57,弓,57.1
U+5F15,引,57,弓,57.1
U+5F16,弖,57,弓,57.1
U+5F17,弗,57,弓,57.2
U+5F18,弘,57,弓,57.2
U+5F19,弙,57,弓,57.3
U+5F1A,弚,57,弓,57.3
U+5F1B,弛,57,弓,57.3
U+5F1C,弜,57,弓,57.3
U+5F1D,弝,57,弓,57.4
U+5F1E,弞,57,弓,57.4
U+5F1F,弟,57,弓,57.4
U+5F20,张,57,弓,57.4
U+5F21,弡,57,弓,57.5
U+5F22,弢,57,弓,57.5
U+5F23,弣,57,弓,57.5
U+5F24,弤,57,弓,57.5
U+5F25,弥,57,弓,57.5
U+5F26,弦,57,弓,57.5
U+5F27,弧,57,弓,57.5
U+5F28,弨,57,弓,57.5
U+5F29,弩,57,弓,57.5
U+5F2A,弪,57,弓,57.5
U+5F2B,弫,57,弓,57.6
U+5F2C,弬,57,弓,57.6
U+5F2D,弭,57,弓,57.6
U+5F2E,弮,57,弓,57.6
U+5F2F,弯,57,弓,57.6 8.7
U+5F30,弰,57,弓,57.7
U+5F31,弱,57,弓,57.7
U+5F32,弲,57,弓,57.7
U+5F33,弳,57,弓,57.7
U+5F34,弴,57,弓,57.8
U+5F35,張,57,弓,57.8
U+5F36,弶,57,弓,57.8
U+5F37,強,57,弓,57.8
U+5F38,弸,57,弓,57.8
U+5F39,弹,57,弓,57.8
U+5F3A,强,57,弓,57.9
U+5F3B,弻,57,弓,57.9
U+5F3C,弼,57,弓,57.9
U+5F3D,弽,57,弓,57.9
U+5F3E,弾,57,弓,57.9
U+5F3F,弿,57,弓,57.10
U+5F40,彀,57,弓,57.10
U+5F41,彁,57,弓,57.10
U+5F42,彂,57,弓,57.10
U+5F43,彃,57,弓,57.11
U+5F44,彄,57,弓,57.11
U+5F45,彅,57,弓,57.11
U+5F46,彆,57,弓,57.12
U+5F47,彇,57,弓,57.12
U+5F48,彈,57,弓,57.12
U+5F49,彉,57,弓,57.12
U+5F4A,彊,57,弓,57.13
U+5F4B,彋,57,弓,57.13
U+5F4C,彌,57,弓,57.14
U+5F4D,彍,57,弓,57.15
U+5F4E,彎,57,弓,57.19
U+5F4F,彏,57,弓,57.20
U+5F50,彐,58,彐,58.0
U+5F51,彑,58,彐,58.0
U+5F52,归,58,彐,58.2
U+5F53,当,58,彐,58.3
U+5F54,彔,58,彐,58.5
U+5F55,录,58,彐,58.5
U+5F56,彖,58,彐,58.6
U+5F57,彗,58,彐,58.8
U+5F58,彘,58,彐,58.9
U+5F59,彙,58,彐,58.10
U+5F5A,彚,58,彐,58.10
U+5F5B,彛,58,彐,58.13
U+5F5C,彜,58,彐,58.13
U+5F5D,彝,58,彐,58.15
U+5F5E,彞,58,彐,58.15
U+5F5F,彟,58,彐,58.16
U+5F60,彠,58,彐,58.23
U+5F61,彡,59,彡,59.0
U+5F62,形,59,彡,59.4
U+5F63,彣,59,彡,59.4
U+5F64,彤,59,彡,59.4
U+5F65,彥,59,彡,59.6
U+5F66,彦,59,彡,59.6
U+5F67,彧,59,彡,59.7
U+5F68,彨,59,彡,59.7
U+5F69,彩,59,彡,59.8
U+5F6A,彪,141,虍,141.5 59.8
U+5F6B,彫,59,彡,59.8
U+5F6C,彬,59,彡,59.8
U+5F6D,彭,59,彡,59.9
U+5F6E,彮,59,彡,59.10
U+5F6F,彯,59,彡,59.11
U+5F70,彰,59,彡,59.11
U+5F71,影,59,彡,59.12
U+5F72,彲,59,彡,59.19
U+5F73,彳,60,彳,60.0
U+5F74,彴,60,彳,60.3
U+5F75,彵,60,彳,60.3
U+5F76,彶,60,彳,60.4
U+5F77,彷,60,彳,60.4
U+5F78,彸,60,彳,60.4
U+5F79,役,60,彳,60.4
U+5F7A,彺,60,彳,60.4
U+5F7B,彻,60,彳,60.4
U+5F7C,彼,60,彳,60.5
U+5F7D,彽,60,彳,60.5
U+5F7E,彾,60,彳,60.5
U+5F7F,彿,60,彳,60.5
U+5F80,往,60,彳,60.5
U+5F81,征,60,彳,60.5
U+5F82,徂,60,彳,60.5
U+5F83,徃,60,彳,60.5
U+5F84,径,60,彳,60.5
U+5F85,待,60,彳,60.6
U+5F86,徆,60,彳,60.6
U+5F87,徇,60,彳,60.6
U+5F88,很,60,彳,60.6
U+5F89,徉,60,彳,60.6
U+5F8A,徊,60,彳,60.6
U+5F8B,律,60,彳,60.6
U+5F8C,後,60,彳,60.6
U+5F8D,徍,60,彳,60.6
U+5F8E,徎,60,彳,60.7
U+5F8F,徏,60,彳,60.7
U+5F90,徐,60,彳,60.7
U+5F91,徑,60,彳,60.7
U+5F92,徒,60,彳,60.7
U+5F93,従,60,彳,60.7
U+5F94,徔,60,彳,60.6
U+5F95,徕,60,彳,60.7
U+5F96,徖,60,彳,60.8
U+5F97,得,60,彳,60.8
U+5F98,徘,60,彳,60.8
U+5F99,徙,60,彳,60.8
U+5F9A,徚,60,彳,60.9
U+5F9B,徛,60,彳,60.8
U+5F9C,徜,60,彳,60.8
U+5F9D,徝,60,彳,60.8
U+5F9E,從,60,彳,60.8
U+5F9F,徟,60,彳,60.8
U+5FA0,徠,60,彳,60.8
U+5FA1,御,60,彳,60.8
U+5FA2,徢,60,彳,60.8
U+5FA3,徣,60,彳,60.8
U+5FA4,徤,60,彳,60.9
U+5FA5,徥,60,彳,60.9
U+5FA6,徦,60,彳,60.9
U+5FA7,徧,60,彳,60.9
U+5FA8,徨,60,彳,60.9
U+5FA9,復,60,彳,60.9
U+5FAA,循,60,彳,60.9
U+5FAB,徫,60,彳,60.9
U+5FAC,徬,60,彳,60.10
U+5FAD,徭,60,彳,60.10
U+5FAE,微,60,彳,60.10
U+5FAF,徯,60,彳,60.10
U+5FB0,徰,60,彳,60.10
U+5FB1,徱,60,彳,60.11
U+5FB2,徲,60,彳,60.12
U+5FB3,徳,60,彳,60.11
U+5FB4,徴,60,彳,60.11
U+5FB5,徵,60,彳,60.12
U+5FB6,徶,60,彳,60.12
U+5FB7,德,60,彳,60.12
U+5FB8,徸,60,彳,60.12
U+5FB9,徹,60,彳,60.12
U+5FBA,徺,60,彳,60.12
U+5FBB,徻,60,彳,60.13
U+5FBC,徼,60,彳,60.13
U+5FBD,徽,60,彳,60.14
U+5FBE,徾,60,彳,60.14
U+5FBF,徿,60,彳,60.16
U+5FC0,忀,60,彳,60.17
U+5FC1,忁,60,彳,60.17
U+5FC2,忂,60,彳,60.18
U+5FC3,心,61,心,61.0
U+5FC4,忄,61,心,61.0
U+5FC5,必,61,心,61.1
U+5FC6,忆,61,心,61.1
U+5FC7,忇,61,心,61.2
U+5FC8,忈,61,心,61.2
U+5FC9,忉,61,心,61.2
U+5FCA,忊,61,心,61.2
U+5FCB,忋,61,心,61.3
U+5FCC,忌,61,心,61.3
U+5FCD,忍,61,心,61.3
U+5FCE,忎,61,心,61.3
U+5FCF,忏,61,心,61.3
U+5FD0,忐,61,心,61.3
U+5FD1,忑,61,心,61.3
U+5FD2,忒,61,心,61.3
U+5FD3,忓,61,心,61.3
U+5FD4,忔,61,心,61.3
U+5FD5,忕,61,心,61.3
U+5FD6,忖,61,心,61.3
U+5FD7,志,61,心,61.3
U+5FD8,忘,61,心,61.3
U+5FD9,忙,61,心,61.3
U+5FDA,忚,61,心,61.3
U+5FDB,忛,61,心,61.3
U+5FDC,応,61,心,61.3
U+5FDD,忝,61,心,61.4
U+5FDE,忞,61,心,61.4
U+5FDF,忟,61,心,61.4
U+5FE0,忠,61,心,61.4
U+5FE1,忡,61,心,61.4
U+5FE2,忢,61,心,61.4
U+5FE3,忣,61,心,61.4
U+5FE4,忤,61,心,61.4
U+5FE5,忥,61,心,61.4
U+5FE6,忦,61,心,61.4
U+5FE7,忧,61,心,61.4
U+5FE8,忨,61,心,61.4
U+5FE9,忩,61,心,61.4
U+5FEA,忪,61,心,61.4
U+5FEB,快,61,心,61.4
U+5FEC,忬,61,心,61.4
U+5FED,忭,61,心,61.4
U+5FEE,忮,61,心,61.4
U+5FEF,忯,61,心,61.4
U+5FF0,忰,61,心,61.4
U+5FF1,忱,61,心,61.4
U+5FF2,忲,61,心,61.4
U+5FF3,忳,61,心,61.4
U+5FF4,忴,61,心,61.4
U+5FF5,念,61,心,61.4
U+5FF6,忶,61,心,61.4
U+5FF7,忷,61,心,61.4
U+5FF8,忸,61,心,61.4
U+5FF9,忹,61,心,61.4
U+5FFA,忺,61,心,61.4
U+5FFB,忻,61,心,61.4
U+5FFC,忼,61,心,61.4
U+5FFD,忽,61,心,61.4
U+5FFE,忾,61,心,61.4
U+5FFF,忿,61,心,61.4
U+6000,怀,61,心,61.4
U+6001,态,61,心,61.4
U+6002,怂,61,心,61.4
U+6003,怃,61,心,61.4
U+6004,怄,61,心,61.4
U+6005,怅,61,心,61.4
U+6006,怆,61,心,61.4
U+6007,怇,61,心,61.5
U+6008,怈,61,心,61.5
U+6009,怉,61,心,61.5
U+600A,怊,61,心,61.5
U+600B,怋,61,心,61.5
U+600C,怌,61,心,61.5
U+600D,怍,61,心,61.5
U+600E,怎,61,心,61.5
U+600F,怏,61,心,61.5
U+6010,怐,61,心,61.5
U+6011,怑,61,心,61.5
U+6012,怒,61,心,61.5
U+6013,怓,61,心,61.5
U+6014,怔,61,心,61.5
U+6015,怕,61,心,61.5
U+6016,怖,61,心,61.5
U+6017,怗,61,心,61.5
U+6018,怘,61,心,61.5
U+6019,怙,61,心,61.5
U+601A,怚,61,心,61.5
U+601B,怛,61,心,61.5
U+601C,怜,61,心,61.5
U+601D,思,61,心,61.5
U+601E,怞,61,心,61.5
U+601F,怟,61,心,61.5
U+6020,怠,61,心,61.5
U+6021,怡,61,心,61.5
U+6022,怢,61,心,61.5
U+6023,怣,61,心,61.5
U+6024,怤,61,心,61.5
U+6025,急,61,心,61.5
U+6026,怦,61,心,61.5
U+6027,性,61,心,61.5
U+6028,怨,61,心,61.5
U+6029,怩,61,心,61.5
U+602A,怪,61,心,61.5
U+602B,怫,61,心,61.5
U+602C,怬,61,心,61.5
U+602D,怭,61,心,61.5
U+602E,怮,61,心,61.5
U+602F,怯,61,心,61.5
U+6030,怰,61,心,61.5
U+6031,怱,61,心,61.5
U+6032,怲,61,心,61.5
U+6033,怳,61,心,61.5
U+6034,怴,61,心,61.5
U+6035,怵,61,心,61.5
U+6036,怶,61,心,61.5
U+6037,怷,61,心,61.5
U+6038,怸,61,心,61.5
U+6039,怹,61,心,61.5
U+603A,怺,61,心,61.5
U+603B,总,61,心,61.5
U+603C,怼,61,心,61.5
U+603D,怽,61,心,61.5
U+603E,怾,61,心,61.5
U+603F,怿,61,心,61.5
U+6040,恀,61,心,61.6
U+6041,恁,61,心,61.6
U+6042,恂,61,心,61.6
U+6043,恃,61,心,61.6
U+6044,恄,61,心,61.6
U+6045,恅,61,心,61.6
U+6046,恆,61,心,61.6
U+6047,恇,61,心,61.6
U+6048,恈,61,心,61.6
U+6049,恉,61,心,61.6
U+604A,恊,61,心,61.6
U+604B,恋,61,心,61.6 8.8
U+604C,恌,61,心,61.6
U+604D,恍,61,心,61.6
U+604E,恎,61,心,61.6
U+604F,恏,61,心,61.6
U+6050,恐,61,心,61.6
U+6051,恑,61,心,61.6
U+6052,恒,61,心,61.6
U+6053,恓,61,心,61.6
U+6054,恔,61,心,61.6
U+6055,恕,61,心,61.6
U+6056,恖,61,心,61.6
U+6057,恗,61,心,61.6
U+6058,恘,61,心,61.6
U+6059,恙,61,心,61.6
U+605A,恚,61,心,61.6
U+605B,恛,61,心,61.6
U+605C,恜,61,心,61.6
U+605D,恝,61,心,61.6
U+605E,恞,61,心,61.6
U+605F,恟,61,心,61.6
U+6060,恠,61,心,61.6
U+6061,恡,61,心,61.6
U+6062,恢,61,心,61.6
U+6063,恣,61,心,61.6
U+6064,恤,61,心,61.6
U+6065,恥,61,心,61.6
U+6066,恦,61,心,61.6
U+6067,恧,61,心,61.6
U+6068,恨,61,心,61.6
U+6069,恩,61,心,61.6
U+606A,恪,61,心,61.6
U+606B,恫,61,心,61.6
U+606C,恬,61,心,61.6
U+606D,恭,61,心,61.6
U+606E,恮,61,心,61.6
U+606F,息,61,心,61.6
U+6070,恰,61,心,61.6
U+6071,恱,61,心,61.6
U+6072,恲,61,心,61.6
U+6073,恳,61,心,61.6
U+6074,恴,61,心,61.6
U+6075,恵,61,心,61.6
U+6076,恶,61,心,61.6
U+6077,恷,61,心,61.6
U+6078,恸,61,心,61.6
U+6079,恹,61,心,61.6
U+607A,恺,61,心,61.6
U+607B,恻,61,心,61.6
U+607C,恼,61,心,61.6
U+607D,恽,61,心,61.6
U+607E,恾,61,心,61.7
U+607F,恿,61,心,61.7
U+6080,悀,61,心,61.7
U+6081,悁,61,心,61.7
U+6082,悂,61,心,61.7
U+6083,悃,61,心,61.7
U+6084,悄,61,心,61.7
U+6085,悅,61,心,61.7
U+6086,悆,61,心,61.7
U+6087,悇,61,心,61.7
U+6088,悈,61,心,61.7
U+6089,悉,61,心,61.7
U+608A,悊,61,心,61.7
U+608B,悋,61,心,61.7
U+608C,悌,61,心,61.7
U+608D,悍,61,心,61.7
U+608E,悎,61,心,61.7
U+608F,悏,61,心,61.7
U+6090,悐,61,心,61.7
U+6091,悑,61,心,61.7
U+6092,悒,61,心,61.7
U+6093,悓,61,心,61.7
U+6094,悔,61,心,61.7
U+6095,悕,61,心,61.7
U+6096,悖,61,心,61.7
U+6097,悗,61,心,61.7
U+6098,悘,61,心,61.7
U+6099,悙,61,心,61.7
U+609A,悚,61,心,61.7
U+609B,悛,61,心,61.7
U+609C,悜,61,心,61.7
U+609D,悝,61,心,61.7
U+609E,悞,61,心,61.7
U+609F,悟,61,心,61.7
U+60A0,悠,61,心,61.7
U+60A1,悡,61,心,61.7
U+60A2,悢,61,心,61.7
U+60A3,患,61,心,61.7
U+60A4,悤,61,心,61.7
U+60A5,悥,61,心,61.7
U+60A6,悦,61,心,61.7
U+60A7,悧,61,心,61.7
U+60A8,您,61,心,61.7
U+60A9,悩,61,心,61.7
U+60AA,悪,61,心,61.7
U+60AB,悫,61,心,61.7
U+60AC,悬,61,心,61.7
U+60AD,悭,61,心,61.7
U+60AE,悮,61,心,61.7
U+60AF,悯,61,心,61.7
U+60B0,悰,61,心,61.8
U+60B1,悱,61,心,61.8
U+60B2,悲,61,心,61.8
U+60B3,悳,61,心,61.8
U+60B4,悴,61,心,61.8
U+60B5,悵,61,心,61.8
U+60B6,悶,61,心,61.8
U+60B7,悷,61,心,61.8
U+60B8,悸,61,心,61.8
U+60B9,悹,61,心,61.8
U+60BA,悺,61,心,61.8
U+60BB,悻,61,心,61.8
U+60BC,悼,61,心,61.8
U+60BD,悽,61,心,61.8
U+60BE,悾,61,心,61.8
U+60BF,悿,61,心,61.8
U+60C0,惀,61,心,61.8
U+60C1,惁,61,心,61.8
U+60C2,惂,61,心,61.8
U+60C3,惃,61,心,61.8
U+60C4,惄,61,心,61.8
U+60C5,情,61,心,61.8
U+60C6,惆,61,心,61.8
U+60C7,惇,61,心,61.8
U+60C8,惈,61,心,61.8
U+60C9,惉,61,心,61.8
U+60CA,惊,61,心,61.8
U+60CB,惋,61,心,61.8
U+60CC,惌,61,心,61.8
U+60CD,惍,61,心,61.8
U+60CE,惎,61,心,61.8
U+60CF,惏,61,心,61.8
U+60D0,惐,61,心,61.8
U+60D1,惑,61,心,61.8
U+60D2,惒,61,心,61.8
U+60D3,惓,61,心,61.8
U+60D4,惔,61,心,61.8
U+60D5,惕,61,心,61.8
U+60D6,惖,61,心,61.8
U+60D7,惗,61,心,61.8
U+60D8,惘,61,心,61.8
U+60D9,惙,61,心,61.8
U+60DA,惚,61,心,61.8
U+60DB,惛,61,心,61.8
U+60DC,惜,61,心,61.8
U+60DD,惝,61,心,61.8
U+60DE,惞,61,心,61.8
U+60DF,惟,61,心,61.8
U+60E0,惠,61,心,61.8
U+60E1,惡,61,心,61.8
U+60E2,惢,61,心,61.8
U+60E3,惣,61,心,61.8
U+60E4,惤,61,心,61.8
U+60E5,惥,61,心,61.8
U+60E6,惦,61,心,61.8
U+60E7,惧,61,心,61.8
U+60E8,惨,61,心,61.8
U+60E9,惩,61,心,61.8
U+60EA,惪,61,心,61.8
U+60EB,惫,61,心,61.8
U+60EC,惬,61,心,61.8
U+60ED,惭,61,心,61.8
U+60EE,惮,61,心,61.8
U+60EF,惯,61,心,61.8
U+60F0,惰,61,心,61.9
U+60F1,惱,61,心,61.9
U+60F2,惲,61,心,61.9
U+60F3,想,61,心,61.9
U+60F4,惴,61,心,61.9
U+60F5,惵,61,心,61.9
U+60F6,惶,61,心,61.9
U+60F7,惷,61,心,61.9
U+60F8,惸,61,心,61.9
U+60F9,惹,61,心,61.9
U+60FA,惺,61,心,61.9
U+60FB,惻,61,心,61.9
U+60FC,惼,61,心,61.9
U+60FD,惽,61,心,61.9
U+60FE,惾,61,心,61.9
U+60FF,惿,61,心,61.9
U+6100,愀,61,心,61.9
U+6101,愁,61,心,61.9
U+6102,愂,61,心,61.9
U+6103,愃,61,心,61.9
U+6104,愄,61,心,61.9
U+6105,愅,61,心,61.9
U+6106,愆,61,心,61.9
U+6107,愇,61,心,61.9
U+6108,愈,61,心,61.9
U+6109,愉,61,心,61.9
U+610A,愊,61,心,61.9
U+610B,愋,61,心,61.9
U+610C,愌,61,心,61.9
U+610D,愍,61,心,61.9
U+610E,愎,61,心,61.9
U+610F,意,61,心,61.9
U+6110,愐,61,心,61.9
U+6111,愑,61,心,61.9
U+6112,愒,61,心,61.9
U+6113,愓,61,心,61.9
U+6114,愔,61,心,61.9
U+6115,愕,61,心,61.9
U+6116,愖,61,心,61.9
U+6117,愗,61,心,61.9
U+6118,愘,61,心,61.9
U+6119,愙,61,心,61.9
U+611A,愚,61,心,61.9
U+611B,愛,61,心,61.9
U+611C,愜,61,心,61.9
U+611D,愝,61,心,61.9
U+611E,愞,61,心,61.9
U+611F,感,61,心,61.9
U+6120,愠,61,心,61.9
U+6121,愡,61,心,61.9
U+6122,愢,61,心,61.9
U+6123,愣,61,心,61.9
U+6124,愤,61,心,61.9
U+6125,愥,61,心,61.9
U+6126,愦,61,心,61.9
U+6127,愧,61,心,61.10
U+6128,愨,61,心,61.10
U+6129,愩,61,心,61.10
U+612A,愪,61,心,61.10
U+612B,愫,61,心,61.10
U+612C,愬,61,心,61.10
U+612D,愭,61,心,61.10
U+612E,愮,61,心,61.10
U+612F,愯,61,心,61.10
U+6130,愰,61,心,61.10
U+6131,愱,61,心,61.10
U+6132,愲,61,心,61.10
U+6133,愳,61,心,61.10
U+6134,愴,61,心,61.10
U+6135,愵,61,心,61.10
U+6136,愶,61,心,61.10
U+6137,愷,61,心,61.10
U+6138,愸,61,心,61.10
U+6139,愹,61,心,61.10
U+613A,愺,61,心,61.10
U+613B,愻,61,心,61.10
U+613C,愼,61,心,61.10
U+613D,愽,61,心,61.10
U+613E,愾,61,心,61.10
U+613F,愿,61,心,61.10
U+6140,慀,61,心,61.10
U+6141,慁,61,心,61.10
U+6142,慂,61,心,61.10
U+6143,慃,61,心,61.10
U+6144,慄,61,心,61.10
U+6145,慅,61,心,61.10
U+6146,慆,61,心,61.10
U+6147,慇,61,心,61.10
U+6148,慈,61,心,61.10
U+6149,慉,61,心,61.10
U+614A,慊,61,心,61.10
U+614B,態,61,心,61.10
U+614C,慌,61,心,61.10
U+614D,慍,61,心,61.10
U+614E,慎,61,心,61.10
U+614F,慏,61,心,61.10
U+6150,慐,61,心,61.10
U+6151,慑,61,心,61.10
U+6152,慒,61,心,61.11
U+6153,慓,61,心,61.11
U+6154,慔,61,心,61.11
U+6155,慕,61,心,61.11
U+6156,慖,61,心,61.11
U+6157,慗,61,心,61.11
U+6158,慘,61,心,61.11
U+6159,慙,61,心,61.11
U+615A,慚,61,心,61.11
U+615B,慛,61,心,61.11
U+615C,慜,61,心,61.11
U+615D,慝,61,心,61.11
U+615E,慞,61,心,61.11
U+615F,慟,61,心,61.11
U+6160,慠,61,心,61.11
U+6161,慡,61,心,61.11
U+6162,慢,61,心,61.11
U+6163,慣,61,心,61.11
U+6164,慤,61,心,61.11
U+6165,慥,61,心,61.11
U+6166,慦,61,心,61.11
U+6167,慧,61,心,61.11
U+6168,慨,61,心,61.9
U+6169,慩,61,心,61.11
U+616A,慪,61,心,61.11
U+616B,慫,61,心,61.11
U+616C,慬,61,心,61.11
U+616D,慭,61,心,61.11
U+616E,慮,61,心,61.11
U+616F,慯,61,心,61.11
U+6170,慰,61,心,61.11
U+6171,慱,61,心,61.11
U+6172,慲,61,心,61.11
U+6173,慳,61,心,61.11
U+6174,慴,61,心,61.11
U+6175,慵,61,心,61.11
U+6176,慶,61,心,61.11
U+6177,慷,61,心,61.11
U+6178,慸,61,心,61.11
U+6179,慹,61,心,61.11
U+617A,慺,61,心,61.11
U+617B,慻,61,心,61.11
U+617C,慼,61,心,61.11
U+617D,慽,61,心,61.11
U+617E,慾,61,心,61.11
U+617F,慿,61,心,61.11
U+6180,憀,61,心,61.11
U+6181,憁,61,心,61.11
U+6182,憂,61,心,61.11
U+6183,憃,61,心,61.11
U+6184,憄,61,心,61.11
U+6185,憅,61,心,61.11
U+6186,憆,61,心,61.11
U+6187,憇,61,心,61.11
U+6188,憈,61,心,61.11
U+6189,憉,61,心,61.12
U+618A,憊,61,心,61.12
U+618B,憋,61,心,61.12
U+618C,憌,61,心,61.12
U+618D,憍,61,心,61.12
U+618E,憎,61,心,61.12
U+618F,憏,61,心,61.12
U+6190,憐,61,心,61.12
U+6191,憑,61,心,61.12
U+6192,憒,61,心,61.12
U+6193,憓,61,心,61.12
U+6194,憔,61,心,61.12
U+6195,憕,61,心,61.12
U+6196,憖,61,心,61.12
U+6197,憗,61,心,61.12
U+6198,憘,61,心,61.12
U+6199,憙,61,心,61.12
U+619A,憚,61,心,61.12
U+619B,憛,61,心,61.12
U+619C,憜,61,心,61.12
U+619D,憝,61,心,61.12
U+619E,憞,61,心,61.12
U+619F,憟,61,心,61.12
U+61A0,憠,61,心,61.12
U+61A1,憡,61,心,61.12
U+61A2,憢,61,心,61.12
U+61A3,憣,61,心,61.12
U+61A4,憤,61,心,61.12
U+61A5,憥,61,心,61.12
U+61A6,憦,61,心,61.12
U+61A7,憧,61,心,61.12
U+61A8,憨,61,心,61.12
U+61A9,憩,61,心,61.12
U+61AA,憪,61,心,61.12
U+61AB,憫,61,心,61.12
U+61AC,憬,61,心,61.12
U+61AD,憭,61,心,61.12
U+61AE,憮,61,心,61.12
U+61AF,憯,61,心,61.12
U+61B0,憰,61,心,61.12
U+61B1,憱,61,心,61.12
U+61B2,憲,61,心,61.12
U+61B3,憳,61,心,61.12
U+61B4,憴,61,心,61.13
U+61B5,憵,61,心,61.13
U+61B6,憶,61,心,61.13
U+61B7,憷,61,心,61.13
U+61B8,憸,61,心,61.13
U+61B9,憹,61,心,61.13
U+61BA,憺,61,心,61.13
U+61BB,憻,61,心,61.14
U+61BC,憼,61,心,61.13
U+61BD,憽,61,心,61.13
U+61BE,憾,61,心,61.13
U+61BF,憿,61,心,61.13
U+61C0,懀,61,心,61.13
U+61C1,懁,61,心,61.13
U+61C2,懂,61,心,61.13
U+61C3,懃,61,心,61.13
U+61C4,懄,61,心,61.13
U+61C5,懅,61,心,61.13
U+61C6,懆,61,心,61.13
U+61C7,懇,61,心,61.13
U+61C8,懈,61,心,61.13
U+61C9,應,61,心,61.13
U+61CA,懊,61,心,61.13
U+61CB,懋,61,心,61.13
U+61CC,懌,61,心,61.13
U+61CD,懍,61,心,61.13
U+61CE,懎,61,心,61.13
U+61CF,懏,61,心,61.13
U+61D0,懐,61,心,61.13
U+61D1,懑,61,心,61.13
U+61D2,懒,61,心,61.13
U+61D3,懓,61,心,61.13
U+61D4,懔,61,心,61.13
U+61D5,懕,61,心,61.14
U+61D6,懖,61,心,61.14
U+61D7,懗,61,心,61.14
U+61D8,懘,61,心,61.14
U+61D9,懙,61,心,61.14
U+61DA,懚,61,心,61.14
U+61DB,懛,61,心,61.14
U+61DC,懜,61,心,61.14
U+61DD,懝,61,心,61.14
U+61DE,懞,61,心,61.14
U+61DF,懟,61,心,61.14
U+61E0,懠,61,心,61.14
U+61E1,懡,61,心,61.14
U+61E2,懢,61,心,61.14
U+61E3,懣,61,心,61.14
U+61E4,懤,61,心,61.14
U+61E5,懥,61,心,61.14
U+61E6,懦,61,心,61.14
U+61E7,懧,61,心,61.14
U+61E8,懨,61,心,61.14
U+61E9,懩,61,心,61.15
U+61EA,懪,61,心,61.15
U+61EB,懫,61,心,61.15
U+61EC,懬,61,心,61.15
U+61ED,懭,61,心,61.15
U+61EE,懮,61,心,61.15
U+61EF,懯,61,心,61.15
U+61F0,懰,61,心,61.15
U+61F1,懱,61,心,61.15
U+61F2,懲,61,心,61.15
U+61F3,懳,61,心,61.15
U+61F4,懴,61,心,61.15
U+61F5,懵,61,心,61.16
U+61F6,懶,61,心,61.16
U+61F7,懷,61,心,61.16
U+61F8,懸,61,心,61.16
U+61F9,懹,61,心,61.17
U+61FA,懺,61,心,61.17
U+61FB,懻,61,心,61.17
U+61FC,懼,61,心,61.18
U+61FD,懽,61,心,61.18
U+61FE,懾,61,心,61.18
U+61FF,懿,61,心,61.18
U+6200,戀,61,心,61.19
U+6201,戁,61,心,61.19
U+6202,戂,61,心,61.19
U+6203,戃,61,心,61.20
U+6204,戄,61,心,61.20
U+6205,戅,61,心,61.21
U+6206,戆,61,心,61.21
U+6207,戇,61,心,61.24
U+6208,戈,62,戈,62.0
U+6209,戉,62,戈,62.1
U+620A,戊,62,戈,62.1
U+620B,戋,62,戈,62.1
U+620C,戌,62,戈,62.2
U+620D,戍,62,戈,62.2
U+620E,戎,62,戈,62.2
U+620F,戏,62,戈,62.2 29.4
U+6210,成,62,戈,62.2
U+6211,我,62,戈,62.3
U+6212,戒,62,戈,62.3
U+6213,戓,62,戈,62.3
U+6214,戔,62,戈,62.4
U+6215,戕,62,戈,62.4
U+6216,或,62,戈,62.4
U+6217,戗,62,戈,62.4
U+6218,战,62,戈,62.5
U+6219,戙,62,戈,62.6
U+621A,戚,62,戈,62.7
U+621B,戛,62,戈,62.7
U+621C,戜,62,戈,62.7
U+621D,戝,62,戈,62.7
U+621E,戞,62,戈,62.8
U+621F,戟,62,戈,62.8
U+6220,戠,62,戈,62.9
U+6221,戡,62,戈,62.9
U+6222,戢,62,戈,62.9
U+6223,戣,62,戈,62.9
U+6224,戤,62,戈,62.9
U+6225,戥,62,戈,62.9
U+6226,戦,62,戈,62.8
U+6227,戧,62,戈,62.10
U+6228,戨,62,戈,62.10
U+6229,戩,62,戈,62.10
U+622A,截,62,戈,62.10
U+622B,戫,62,戈,62.10
U+622C,戬,62,戈,62.10
U+622D,戭,62,戈,62.11
U+622E,戮,62,戈,62.11
U+622F,戯,62,戈,62.11
U+6230,戰,62,戈,62.12
U+6231,戱,62,戈,62.11
U+6232,戲,62,戈,62.13
U+6233,戳,62,戈,62.14
U+6234,戴,62,戈,62.13
U+6235,戵,62,戈,62.18
U+6236,戶,63,戶,63.0
U+6237,户,63,戶,63.0
U+6238,戸,63,戶,63.0
U+6239,戹,63,戶,63.1
U+623A,戺,63,戶,63.3
U+623B,戻,63,戶,63.3
U+623C,戼,63,戶,63.3
U+623D,戽,63,戶,63.4
U+623E,戾,63,戶,63.4
U+623F,房,63,戶,63.4
U+6240,所,63,戶,63.4
U+6241,扁,63,戶,63.5
U+6242,扂,63,戶,63.5
U+6243,扃,63,戶,63.5
U+6244,扄,63,戶,63.6
U+6245,扅,63,戶,63.6
U+6246,扆,63,戶,63.6
U+6247,扇,63,戶,63.6
U+6248,扈,63,戶,63.7
U+6249,扉,63,戶,63.8
U+624A,扊,63,戶,63.8
U+624B,手,64,手,64.0
U+624C,扌,64,手,64.0
U+624D,才,64,手,64.0
U+624E,扎,64,手,64.1
U+624F,扏,64,手,64.3
U+6250,扐,64,手,64.2
U+6251,扑,64,手,64.2
U+6252,扒,64,手,64.2
U+6253,打,64,手,64.2
U+6254,扔,64,手,64.2
U+6255,払,64,手,64.2
U+6256,扖,64,手,64.2
U+6257,扗,64,手,64.3
U+6258,托,64,手,64.3
U+6259,扙,64,手,64.3
U+625A,扚,64,手,64.3
U+625B,扛,64,手,64.3
U+625C,扜,64,手,64.3
U+625D,扝,64,手,64.3
U+625E,扞,64,手,64.3
U+625F,扟,64,手,64.4
U+6260,扠,64,手,64.3
U+6261,扡,64,手,64.3
U+6262,扢,64,手,64.3
U+6263,扣,64,手,64.3
U+6264,扤,64,手,64.3
U+6265,扥,64,手,64.3
U+6266,扦,64,手,64.3
U+6267,执,64,手,64.3
U+6268,扨,64,手,64.3
U+6269,扩,64,手,64.3
U+626A,扪,64,手,64.3
U+626B,扫,64,手,64.3
U+626C,扬,64,手,64.3
U+626D,扭,64,手,64.4
U+626E,扮,64,手,64.4
U+626F,扯,64,手,64.4
U+6270,扰,64,手,64.4
U+6271,扱,64,手,64.4
U+6272,扲,64,手,64.4
U+6273,扳,64,手,64.4
U+6274,扴,64,手,64.4
U+6275,扵,64,手,64.4
U+6276,扶,64,手,64.4
U+6277,扷,64,手,64.4
U+6278,扸,64,手,64.5
U+6279,批,64,手,64.4
U+627A,扺,64,手,64.4
U+627B,扻,64,手,64.4
U+627C,扼,64,手,64.4
U+627D,扽,64,手,64.4
U+627E,找,64,手,64.4
U+627F,承,64,手,64.4
U+6280,技,64,手,64.4
U+6281,抁,64,手,64.4
U+6282,抂,64,手,64.4
U+6283,抃,64,手,64.4
U+6284,抄,64,手,64.4
U+6285,抅,64,手,64.4
U+6286,抆,64,手,64.4
U+6287,抇,64,手,64.4
U+6288,抈,64,手,64.4
U+6289,抉,64,手,64.4
U+628A,把,64,手,64.4
U+628B,抋,64,手,64.4
U+628C,抌,64,手,64.4
U+628D,抍,64,手,64.4
U+628E,抎,64,手,64.4
U+628F,抏,64,手,64.4
U+6290,抐,64,手,64.4
U+6291,抑,64,手,64.4
U+6292,抒,64,手,64.4
U+6293,抓,64,手,64.4
U+6294,抔,64,手,64.4
U+6295,投,64,手,64.4
U+6296,抖,64,手,64.4
U+6297,抗,64,手,64.4
U+6298,折,64,手,64.4
U+6299,抙,64,手,64.4
U+629A,抚,64,手,64.4
U+629B,抛,64,手,64.4
U+629C,抜,64,手,64.4
U+629D,抝,64,手,64.4
U+629E,択,64,手,64.4
U+629F,抟,64,手,64.4
U+62A0,抠,64,手,64.4
U+62A1,抡,64,手,64.4
U+62A2,抢,64,手,64.4
U+62A3,抣,64,手,64.4
U+62A4,护,64,手,64.4
U+62A5,报,64,手,64.4
U+62A6,抦,64,手,64.5
U+62A7,抧,64,手,64.5
U+62A8,抨,64,手,64.5
U+62A9,抩,64,手,64.5
U+62AA,抪,64,手,64.5
U+62AB,披,64,手,64.5
U+62AC,抬,64,手,64.5
U+62AD,抭,64,手,64.5
U+62AE,抮,64,手,64.5
U+62AF,抯,64,手,64.5
U+62B0,抰,64,手,64.5
U+62B1,抱,64,手,64.5
U+62B2,抲,64,手,64.5
U+62B3,抳,64,手,64.5
U+62B4,抴,64,手,64.5
U+62B5,抵,64,手,64.5
U+62B6,抶,64,手,64.5
U+62B7,抷,64,手,64.5
U+62B8,抸,64,手,64.5
U+62B9,抹,64,手,64.5
U+62BA,抺,64,手,64.5
U+62BB,抻,64,手,64.5
U+62BC,押,64,手,64.5
U+62BD,抽,64,手,64.5
U+62BE,抾,64,手,64.5
U+62BF,抿,64,手,64.5
U+62C0,拀,64,手,64.5
U+62C1,拁,64,手,64.5
U+62C2,拂,64,手,64.5
U+62C3,拃,64,手,64.5
U+62C4,拄,64,手,64.5
U+62C5,担,64,手,64.5
U+62C6,拆,64,手,64.5
U+62C7,拇,64,手,64.5
U+62C8,拈,64,手,64.5
U+62C9,拉,64,手,64.5
U+62CA,拊,64,手,64.5
U+62CB,拋,64,手,64.5
U+62CC,拌,64,手,64.5
U+62CD,拍,64,手,64.5
U+62CE,拎,64,手,64.5
U+62CF,拏,64,手,64.5
U+62D0,拐,64,手,64.5
U+62D1,拑,64,手,64.5
U+62D2,拒,64,手,64.5
U+62D3,拓,64,手,64.5
U+62D4,拔,64,手,64.5
U+62D5,拕,64,手,64.5
U+62D6,拖,64,手,64.5
U+62D7,拗,64,手,64.5
U+62D8,拘,64,手,64.5
U+62D9,拙,64,手,64.5
U+62DA,拚,64,手,64.5
U+62DB,招,64,手,64.5
U+62DC,拜,64,手,64.5
U+62DD,拝,64,手,64.5
U+62DE,拞,64,手,64.5
U+62DF,拟,64,手,64.5
U+62E0,拠,64,手,64.5
U+62E1,拡,64,手,64.5
U+62E2,拢,64,手,64.5
U+62E3,拣,64,手,64.5
U+62E4,拤,64,手,64.5
U+62E5,拥,64,手,64.5
U+62E6,拦,64,手,64.5
U+62E7,拧,64,手,64.5
U+62E8,拨,64,手,64.5
U+62E9,择,64,手,64.5
U+62EA,拪,64,手,64.6
U+62EB,拫,64,手,64.6
U+62EC,括,64,手,64.6
U+62ED,拭,64,手,64.6
U+62EE,拮,64,手,64.6
U+62EF,拯,64,手,64.6
U+62F0,拰,64,手,64.6
U+62F1,拱,64,手,64.6
U+62F2,拲,64,手,64.6
U+62F3,拳,64,手,64.6
U+62F4,拴,64,手,64.6
U+62F5,拵,64,手,64.6
U+62F6,拶,64,手,64.6
U+62F7,拷,64,手,64.6
U+62F8,拸,64,手,64.6
U+62F9,拹,64,手,64.6
U+62FA,拺,64,手,64.6
U+62FB,拻,64,手,64.6
U+62FC,拼,64,手,64.6
U+62FD,拽,64,手,64.6
U+62FE,拾,64,手,64.6
U+62FF,拿,64,手,64.6
U+6300,挀,64,手,64.6
U+6301,持,64,手,64.6
U+6302,挂,64,手,64.6
U+6303,挃,64,手,64.6
U+6304,挄,64,手,64.6
U+6305,挅,64,手,64.6
U+6306,挆,64,手,64.6
U+6307,指,64,手,64.6
U+6308,挈,64,手,64.6
U+6309,按,64,手,64.6
U+630A,挊,64,手,64.6
U+630B,挋,64,手,64.6
U+630C,挌,64,手,64.6
U+630D,挍,64,手,64.6
U+630E,挎,64,手,64.6
U+630F,挏,64,手,64.6
U+6310,挐,64,手,64.6
U+6311,挑,64,手,64.6
U+6312,挒,64,手,64.6
U+6313,挓,64,手,64.6
U+6314,挔,64,手,64.6
U+6315,挕,64,手,64.6
U+6316,挖,64,手,64.6
U+6317,挗,64,手,64.6
U+6318,挘,64,手,64.6
U+6319,挙,64,手,64.6
U+631A,挚,64,手,64.6
U+631B,挛,64,手,64.6 8.8
U+631C,挜,64,手,64.6
U+631D,挝,64,手,64.6
U+631E,挞,64,手,64.6
U+631F,挟,64,手,64.6
U+6320,挠,64,手,64.6
U+6321,挡,64,手,64.6
U+6322,挢,64,手,64.6
U+6323,挣,64,手,64.6
U+6324,挤,64,手,64.6
U+6325,挥,64,手,64.6
U+6326,挦,64,手,64.6
U+6327,挧,64,手,64.6
U+6328,挨,64,手,64.7
U+6329,挩,64,手,64.7
U+632A,挪,64,手,64.7
U+632B,挫,64,手,64.7
U+632C,挬,64,手,64.7
U+632D,挭,64,手,64.7
U+632E,挮,64,手,64.7
U+632F,振,64,手,64.7
U+6330,挰,64,手,64.7
U+6331,挱,64,手,64.7
U+6332,挲,64,手,64.7
U+6333,挳,64,手,64.7
U+6334,挴,64,手,64.7
U+6335,挵,64,手,64.7
U+6336,挶,64,手,64.7
U+6337,挷,64,手,64.7
U+6338,挸,64,手,64.7
U+6339,挹,64,手,64.7
U+633A,挺,64,手,64.7
U+633B,挻,64,手,64.7
U+633C,挼,64,手,64.7
U+633D,挽,64,手,64.7
U+633E,挾,64,手,64.7
U+633F,挿,64,手,64.7
U+6340,捀,64,手,64.7
U+6341,捁,64,手,64.7
U+6342,捂,64,手,64.7
U+6343,捃,64,手,64.7
U+6344,捄,64,手,64.7
U+6345,捅,64,手,64.7
U+6346,捆,64,手,64.7
U+6347,捇,64,手,64.7
U+6348,捈,64,手,64.7
U+6349,捉,64,手,64.7
U+634A,捊,64,手,64.7
U+634B,捋,64,手,64.7
U+634C,捌,64,手,64.7
U+634D,捍,64,手,64.7
U+634E,捎,64,手,64.7
U+634F,捏,64,手,64.7
U+6350,捐,64,手,64.7
U+6351,捑,64,手,64.7
U+6352,捒,64,手,64.7
U+6353,捓,64,手,64.7
U+6354,捔,64,手,64.7
U+6355,捕,64,手,64.7
U+6356,捖,64,手,64.7
U+6357,捗,64,手,64.7
U+6358,捘,64,手,64.7
U+6359,捙,64,手,64.7
U+635A,捚,64,手,64.7
U+635B,捛,64,手,64.7
U+635C,捜,64,手,64.7
U+635D,捝,64,手,64.7
U+635E,捞,64,手,64.7
U+635F,损,64,手,64.7
U+6360,捠,64,手,64.7
U+6361,捡,64,手,64.7
U+6362,换,64,手,64.7
U+6363,捣,64,手,64.7
U+6364,捤,64,手,64.7
U+6365,捥,64,手,64.8
U+6366,捦,64,手,64.8
U+6367,捧,64,手,64.8
U+6368,捨,64,手,64.8
U+6369,捩,64,手,64.8
U+636A,捪,64,手,64.8
U+636B,捫,64,手,64.8
U+636C,捬,64,手,64.8
U+636D,捭,64,手,64.8
U+636E,据,64,手,64.8
U+636F,捯,64,手,64.8
U+6370,捰,64,手,64.8
U+6371,捱,64,手,64.8
U+6372,捲,64,手,64.8
U+6373,捳,64,手,64.8
U+6374,捴,64,手,64.8
U+6375,捵,64,手,64.8
U+6376,捶,64,手,64.8 64.9
U+6377,捷,64,手,64.8
U+6378,捸,64,手,64.8
U+6379,捹,64,手,64.8
U+637A,捺,64,手,64.8
U+637B,捻,64,手,64.8
U+637C,捼,64,手,64.8
U+637D,捽,64,手,64.8
U+637E,捾,64,手,64.8
U+637F,捿,64,手,64.8
U+6380,掀,64,手,64.8
U+6381,掁,64,手,64.8
U+6382,掂,64,手,64.8
U+6383,掃,64,手,64.8
U+6384,掄,64,手,64.8
U+6385,掅,64,手,64.8
U+6386,掆,64,手,64.8
U+6387,掇,64,手,64.8
U+6388,授,64,手,64.8
U+6389,掉,64,手,64.8
U+638A,掊,64,手,64.8
U+638B,掋,64,手,64.8
U+638C,掌,64,手,64.8
U+638D,掍,64,手,64.8
U+638E,掎,64,手,64.8
U+638F,掏,64,手,64.8
U+6390,掐,64,手,64.8
U+6391,掑,64,手,64.8
U+6392,排,64,手,64.8
U+6393,掓,64,手,64.8
U+6394,掔,64,手,64.8
U+6395,掕,64,手,64.8
U+6396,掖,64,手,64.8
U+6397,掗,64,手,64.8
U+6398,掘,64,手,64.8
U+6399,掙,64,手,64.8
U+639A,掚,64,手,64.8
U+639B,掛,64,手,64.8
U+639C,掜,64,手,64.8
U+639D,掝,64,手,64.8
U+639E,掞,64,手,64.8
U+639F,掟,64,手,64.8
U+63A0,掠,64,手,64.8
U+63A1,採,64,手,64.8
U+63A2,探,64,手,64.8
U+63A3,掣,64,手,64.8
U+63A4,掤,64,手,64.8
U+63A5,接,64,手,64.8
U+63A6,掦,64,手,64.8
U+63A7,控,64,手,64.8
U+63A8,推,64,手,64.8
U+63A9,掩,64,手,64.8
U+63AA,措,64,手,64.8
U+63AB,掫,64,手,64.8
U+63AC,掬,64,手,64.8
U+63AD,掭,64,手,64.8
U+63AE,掮,64,手,64.8
U+63AF,掯,64,手,64.8
U+63B0,掰,64,手,64.8
U+63B1,掱,64,手,64.8
U+63B2,掲,64,手,64.9
U+63B3,掳,64,手,64.8
U+63B4,掴,64,手,64.8
U+63B5,掵,64,手,64.8
U+63B6,掶,64,手,64.8
U+63B7,掷,64,手,64.8
U+63B8,掸,64,手,64.8
U+63B9,掹,64,手,64.8
U+63BA,掺,64,手,64.8
U+63BB,掻,64,手,64.8
U+63BC,掼,64,手,64.8
U+63BD,掽,64,手,64.8
U+63BE,掾,64,手,64.9
U+63BF,掿,64,手,64.9
U+63C0,揀,64,手,64.9
U+63C1,揁,64,手,64.9
U+63C2,揂,64,手,64.9
U+63C3,揃,64,手,64.9
U+63C4,揄,64,手,64.9
U+63C5,揅,64,手,64.11
U+63C6,揆,64,手,64.9
U+63C7,揇,64,手,64.9
U+63C8,揈,64,手,64.9
U+63C9,揉,64,手,64.9
U+63CA,揊,64,手,64.9
U+63CB,揋,64,手,64.9
U+63CC,揌,64,手,64.9
U+63CD,揍,64,手,64.9
U+63CE,揎,64,手,64.9
U+63CF,描,64,手,64.9
U+63D0,提,64,手,64.9
U+63D1,揑,64,手,64.9
U+63D2,插,64,手,64.9
U+63D3,揓,64,手,64.9
U+63D4,揔,64,手,64.9
U+63D5,揕,64,手,64.9
U+63D6,揖,64,手,64.9
U+63D7,揗,64,手,64.9
U+63D8,揘,64,手,64.9
U+63D9,揙,64,手,64.9
U+63DA,揚,64,手,64.9
U+63DB,換,64,手,64.9
U+63DC,揜,64,手,64.9
U+63DD,揝,64,手,64.9
U+63DE,揞,64,手,64.9
U+63DF,揟,64,手,64.9
U+63E0,揠,64,手,64.9
U+63E1,握,64,手,64.9
U+63E2,揢,64,手,64.9
U+63E3,揣,64,手,64.9
U+63E4,揤,64,手,64.9
U+63E5,揥,64,手,64.9
U+63E6,揦,64,手,64.9
U+63E7,揧,64,手,64.9
U+63E8,揨,64,手,64.9
U+63E9,揩,64,手,64.9
U+63EA,揪,64,手,64.9
U+63EB,揫,64,手,64.9
U+63EC,揬,64,手,64.9
U+63ED,揭,64,手,64.9
U+63EE,揮,64,手,64.9
U+63EF,揯,64,手,64.9
U+63F0,揰,64,手,64.9
U+63F1,揱,64,手,64.9
U+63F2,揲,64,手,64.9
U+63F3,揳,64,手,64.9
U+63F4,援,64,手,64.9
U+63F5,揵,64,手,64.9
U+63F6,揶,64,手,64.9
U+63F7,揷,64,手,64.9
U+63F8,揸,64,手,64.9
U+63F9,揹,64,手,64.9
U+63FA,揺,64,手,64.9
U+63FB,揻,64,手,64.9
U+63FC,揼,64,手,64.9
U+63FD,揽,64,手,64.9
U+63FE,揾,64,手,64.9
U+63FF,揿,64,手,64.9
U+6400,搀,64,手,64.9
U+6401,搁,64,手,64.9
U+6402,搂,64,手,64.9
U+6403,搃,64,手,64.9
U+6404,搄,64,手,64.9
U+6405,搅,64,手,64.9
U+6406,搆,64,手,64.10
U+6407,搇,64,手,64.10
U+6408,搈,64,手,64.10
U+6409,搉,64,手,64.10
U+640A,搊,64,手,64.10
U+640B,搋,64,手,64.10
U+640C,搌,64,手,64.10
U+640D,損,64,手,64.10
U+640E,搎,64,手,64.10
U+640F,搏,64,手,64.10
U+6410,搐,64,手,64.10
U+6411,搑,64,手,64.10
U+6412,搒,64,手,64.10
U+6413,搓,64,手,64.10
U+6414,搔,64,手,64.10
U+6415,搕,64,手,64.10
U+6416,搖,64,手,64.10
U+6417,搗,64,手,64.10
U+6418,搘,64,手,64.10
U+6419,搙,64,手,64.10
U+641A,搚,64,手,64.10
U+641B,搛,64,手,64.10
U+641C,搜,64,手,64.9
U+641D,搝,64,手,64.10
U+641E,搞,64,手,64.10
U+641F,搟,64,手,64.10
U+6420,搠,64,手,64.10
U+6421,搡,64,手,64.10
U+6422,搢,64,手,64.10
U+6423,搣,64,手,64.10
U+6424,搤,64,手,64.10
U+6425,搥,64,手,64.10
U+6426,搦,64,手,64.10
U+6427,搧,64,手,64.10
U+6428,搨,64,手,64.10
U+6429,搩,64,手,64.10
U+642A,搪,64,手,64.10
U+642B,搫,64,手,64.10
U+642C,搬,64,手,64.10
U+642D,搭,64,手,64.10
U+642E,搮,64,手,64.10
U+642F,搯,64,手,64.10
U+6430,搰,64,手,64.10
U+6431,搱,64,手,64.12
U+6432,搲,64,手,64.10
U+6433,搳,64,手,64.10
U+6434,搴,64,手,64.10
U+6435,搵,64,手,64.10
U+6436,搶,64,手,64.10
U+6437,搷,64,手,64.10
U+6438,搸,64,手,64.10
U+6439,搹,64,手,64.10
U+643A,携,64,手,64.10
U+643B,搻,64,手,64.10
U+643C,搼,64,手,64.10
U+643D,搽,64,手,64.10
U+643E,搾,64,手,64.10
U+643F,搿,64,手,64.10
U+6440,摀,64,手,64.10
U+6441,摁,64,手,64.10
U+6442,摂,64,手,64.10
U+6443,摃,64,手,64.10
U+6444,摄,64,手,64.10
U+6445,摅,64,手,64.10
U+6446,摆,64,手,64.10
U+6447,摇,64,手,64.10
U+6448,摈,64,手,64.10
U+6449,摉,64,手,64.10
U+644A,摊,64,手,64.10
U+644B,摋,64,手,64.11
U+644C,摌,64,手,64.11
U+644D,摍,64,手,64.11
U+644E,摎,64,手,64.11
U+644F,摏,64,手,64.11
U+6450,摐,64,手,64.11
U+6451,摑,64,手,64.11
U+6452,摒,64,手,64.11
U+6453,摓,64,手,64.11
U+6454,摔,64,手,64.11
U+6455,摕,64,手,64.11
U+6456,摖,64,手,64.12
U+6457,摗,64,手,64.11
U+6458,摘,64,手,64.11
U+6459,摙,64,手,64.11
U+645A,摚,64,手,64.11
U+645B,摛,64,手,64.11
U+645C,摜,64,手,64.11
U+645D,摝,64,手,64.11
U+645E,摞,64,手,64.11
U+645F,摟,64,手,64.11
U+6460,摠,64,手,64.11
U+6461,摡,64,手,64.11
U+6462,摢,64,手,64.11
U+6463,摣,64,手,64.11
U+6464,摤,64,手,64.11
U+6465,摥,64,手,64.11
U+6466,摦,64,手,64.11
U+6467,摧,64,手,64.11
U+6468,摨,64,手,64.11
U+6469,摩,64,手,64.11
U+646A,摪,64,手,64.11
U+646B,摫,64,手,64.11
U+646C,摬,64,手,64.11
U+646D,摭,64,手,64.11
U+646E,摮,64,手,64.11
U+646F,摯,64,手,64.11
U+6470,摰,64,手,64.11
U+6471,摱,64,手,64.11
U+6472,摲,64,手,64.11
U+6473,摳,64,手,64.11
U+6474,摴,64,手,64.11
U+6475,摵,64,手,64.11
U+6476,摶,64,手,64.11
U+6477,摷,64,手,64.11
U+6478,摸,64,手,64.11
U+6479,摹,64,手,64.11
U+647A,摺,64,手,64.11
U+647B,摻,64,手,64.11
U+647C,摼,64,手,64.11
U+647D,摽,64,手,64.11
U+647E,摾,64,手,64.11
U+647F,摿,64,手,64.11
U+6480,撀,64,手,64.11
U+6481,撁,64,手,64.11
U+6482,撂,64,手,64.11
U+6483,撃,64,手,64.11
U+6484,撄,64,手,64.11
U+6485,撅,64,手,64.12
U+6486,撆,64,手,64.12
U+6487,撇,64,手,64.11
U+6488,撈,64,手,64.12
U+6489,撉,64,手,64.12
U+648A,撊,64,手,64.12
U+648B,撋,64,手,64.12
U+648C,撌,64,手,64.12
U+648D,撍,64,手,64.12
U+648E,撎,64,手,64.12
U+648F,撏,64,手,64.12
U+6490,撐,64,手,64.12
U+6491,撑,64,手,64.12
U+6492,撒,64,手,64.12
U+6493,撓,64,手,64.12
U+6494,撔,64,手,64.12
U+6495,撕,64,手,64.12
U+6496,撖,64,手,64.12
U+6497,撗,64,手,64.12
U+6498,撘,64,手,64.12
U+6499,撙,64,手,64.12
U+649A,撚,64,手,64.12
U+649B,撛,64,手,64.12
U+649C,撜,64,手,64.12
U+649D,撝,64,手,64.12
U+649E,撞,64,手,64.12
U+649F,撟,64,手,64.12
U+64A0,撠,64,手,64.12
U+64A1,撡,64,手,64.12
U+64A2,撢,64,手,64.12
U+64A3,撣,64,手,64.12
U+64A4,撤,64,手,64.12
U+64A5,撥,64,手,64.12
U+64A6,撦,64,手,64.12
U+64A7,撧,64,手,64.12
U+64A8,撨,64,手,64.12
U+64A9,撩,64,手,64.12
U+64AA,撪,64,手,64.12
U+64AB,撫,64,手,64.12
U+64AC,撬,64,手,64.12
U+64AD,播,64,手,64.12
U+64AE,撮,64,手,64.12
U+64AF,撯,64,手,64.12
U+64B0,撰,64,手,64.12
U+64B1,撱,64,手,64.12
U+64B2,撲,64,手,64.12
U+64B3,撳,64,手,64.12
U+64B4,撴,64,手,64.12
U+64B5,撵,64,手,64.12
U+64B6,撶,64,手,64.12
U+64B7,撷,64,手,64.12
U+64B8,撸,64,手,64.12
U+64B9,撹,64,手,64.12
U+64BA,撺,64,手,64.12
U+64BB,撻,64,手,64.13
U+64BC,撼,64,手,64.13
U+64BD,撽,64,手,64.13
U+64BE,撾,64,手,64.13
U+64BF,撿,64,手,64.13
U+64C0,擀,64,手,64.13
U+64C1,擁,64,手,64.13
U+64C2,擂,64,手,64.13
U+64C3,擃,64,手,64.13
U+64C4,擄,64,手,64.13
U+64C5,擅,64,手,64.13
U+64C6,擆,64,手,64.12
U+64C7,擇,64,手,64.13
U+64C8,擈,64,手,64.13
U+64C9,擉,64,手,64.13
U+64CA,擊,64,手,64.13
U+64CB,擋,64,手,64.13
U+64CC,擌,64,手,64.13
U+64CD,操,64,手,64.13
U+64CE,擎,64,手,64.13
U+64CF,擏,64,手,64.13
U+64D0,擐,64,手,64.13
U+64D1,擑,64,手,64.13
U+64D2,擒,64,手,64.13
U+64D3,擓,64,手,64.13
U+64D4,擔,64,手,64.13
U+64D5,擕,64,手,64.13
U+64D6,擖,64,手,64.13
U+64D7,擗,64,手,64.13
U+64D8,擘,64,手,64.13
U+64D9,擙,64,手,64.13
U+64DA,據,64,手,64.13
U+64DB,擛,64,手,64.13
U+64DC,擜,64,手,64.13
U+64DD,擝,64,手,64.13
U+64DE,擞,64,手,64.13
U+64DF,擟,64,手,64.14
U+64E0,擠,64,手,64.14
U+64E1,擡,64,手,64.14
U+64E2,擢,64,手,64.14
U+64E3,擣,64,手,64.14
U+64E4,擤,64,手,64.14
U+64E5,擥,64,手,64.15
U+64E6,擦,64,手,64.14
U+64E7,擧,64,手,64.14
U+64E8,擨,64,手,64.14
U+64E9,擩,64,手,64.14
U+64EA,擪,64,手,64.14
U+64EB,擫,64,手,64.14
U+64EC,擬,64,手,64.14
U+64ED,擭,64,手,64.14
U+64EE,擮,64,手,64.14
U+64EF,擯,64,手,64.14
U+64F0,擰,64,手,64.14
U+64F1,擱,64,手,64.14
U+64F2,擲,64,手,64.15
U+64F3,擳,64,手,64.15
U+64F4,擴,64,手,64.15
U+64F5,擵,64,手,64.15
U+64F6,擶,64,手,64.15
U+64F7,擷,64,手,64.15
U+64F8,擸,64,手,64.15
U+64F9,擹,64,手,64.15
U+64FA,擺,64,手,64.15
U+64FB,擻,64,手,64.15
U+64FC,擼,64,手,64.15
U+64FD,擽,64,手,64.15
U+64FE,擾,64,手,64.15
U+64FF,擿,64,手,64.15
U+6500,攀,64,手,64.15
U+6501,攁,64,手,64.15
U+6502,攂,64,手,64.15
U+6503,攃,64,手,64.15
U+6504,攄,64,手,64.15
U+6505,攅,64,手,64.15
U+6506,攆,64,手,64.15
U+6507,攇,64,手,64.16
U+6508,攈,64,手,64.16
U+6509,攉,64,手,64.16
U+650A,攊,64,手,64.16
U+650B,攋,64,手,64.16
U+650C,攌,64,手,64.16
U+650D,攍,64,手,64.16
U+650E,攎,64,手,64.16
U+650F,攏,64,手,64.16
U+6510,攐,64,手,64.16
U+6511,攑,64,手,64.17
U+6512,攒,64,手,64.16
U+6513,攓,64,手,64.17
U+6514,攔,64,手,64.17
U+6515,攕,64,手,64.17
U+6516,攖,64,手,64.17
U+6517,攗,64,手,64.17
U+6518,攘,64,手,64.17
U+6519,攙,64,手,64.17
U+651A,攚,64,手,64.17
U+651B,攛,64,手,64.18
U+651C,攜,64,手,64.18
U+651D,攝,64,手,64.18
U+651E,攞,64,手,64.19
U+651F,攟,64,手,64.19
U+6520,攠,64,手,64.19
U+6521,攡,64,手,64.19
U+6522,攢,64,手,64.19
U+6523,攣,64,手,64.19
U+6524,攤,64,手,64.19
U+6525,攥,64,手,64.20
U+6526,攦,64,手,64.19
U+6527,攧,64,手,64.19
U+6528,攨,64,手,64.20
U+6529,攩,64,手,64.20
U+652A,攪,64,手,64.20
U+652B,攫,64,手,64.20
U+652C,攬,64,手,64.21
U+652D,攭,64,手,64.21
U+652E,攮,64,手,64.22
U+652F,支,65,支,65.0
U+6530,攰,65,支,65.2 19.4
U+6531,攱,65,支,65.5
U+6532,攲,65,支,65.8
U+6533,攳,65,支,65.12
U+6534,攴,66,攴,66.0
U+6535,攵,66,攴,66.0
U+6536,收,66,攴,66.2
U+6537,攷,66,攴,66.2
U+6538,攸,66,攴,66.3
U+6539,改,66,攴,66.3
U+653A,攺,66,攴,66.3
U+653B,攻,66,攴,66.3
U+653C,攼,66,攴,66.3
U+653D,攽,66,攴,66.4
U+653E,放,66,攴,66.4
U+653F,政,66,攴,66.4
U+6540,敀,66,攴,66.5
U+6541,敁,66,攴,66.5
U+6542,敂,66,攴,66.5
U+6543,敃,66,攴,66.5
U+6544,敄,66,攴,66.5
U+6545,故,66,攴,66.5
U+6546,敆,66,攴,66.6
U+6547,敇,66,攴,66.6
U+6548,效,66,攴,66.6
U+6549,敉,66,攴,66.6
U+654A,敊,66,攴,66.6
U+654B,敋,66,攴,66.6
U+654C,敌,66,攴,66.6 135.4
U+654D,敍,66,攴,66.7
U+654E,敎,66,攴,66.7
U+654F,敏,66,攴,66.7
U+6550,敐,66,攴,66.7
U+6551,救,66,攴,66.7
U+6552,敒,66,攴,66.7
U+6553,敓,66,攴,66.7
U+6554,敔,66,攴,66.7
U+6555,敕,66,攴,66.7
U+6556,敖,66,攴,66.7
U+6557,敗,66,攴,66.7
U+6558,敘,66,攴,66.7
U+6559,教,66,攴,66.7
U+655A,敚,66,攴,66.7
U+655B,敛,66,攴,66.7
U+655C,敜,66,攴,66.8
U+655D,敝,66,攴,66.8
U+655E,敞,66,攴,66.8
U+655F,敟,66,攴,66.8
U+6560,敠,66,攴,66.8
U+6561,敡,66,攴,66.8
U+6562,敢,66,攴,66.8
U+6563,散,66,攴,66.8
U+6564,敤,66,攴,66.8
U+6565,敥,66,攴,66.8
U+6566,敦,66,攴,66.8
U+6567,敧,66,攴,66.8
U+6568,敨,66,攴,66.8
U+6569,敩,66,攴,66.8
U+656A,敪,66,攴,66.8
U+656B,敫,66,攴,66.9
U+656C,敬,66,攴,66.9
U+656D,敭,66,攴,66.8
U+656E,敮,66,攴,66.9
U+656F,敯,66,攴,66.9
U+6570,数,66,攴,66.9
U+6571,敱,66,攴,66.10
U+6572,敲,66,攴,66.10
U+6573,敳,66,攴,66.10
U+6574,整,66,攴,66.11
U+6575,敵,66,攴,66.11
U+6576,敶,66,攴,66.11
U+6577,敷,66,攴,66.11
U+6578,數,66,攴,66.11
U+6579,敹,66,攴,66.11
U+657A,敺,66,攴,66.11
U+657B,敻,66,攴,66.11
U+657C,敼,66,攴,66.12
U+657D,敽,66,攴,66.12
U+657E,敾,66,攴,66.12
U+657F,敿,66,攴,66.12
U+6580,斀,66,攴,66.13
U+6581,斁,66,攴,66.13
U+6582,斂,66,攴,66.13
U+6583,斃,66,攴,66.14
U+6584,斄,66,攴,66.15
U+6585,斅,66,攴,66.16
U+6586,斆,66,攴,66.16
U+6587,文,67,文,67.0
U+6588,斈,67,文,67.3 39.4
U+6589,斉,67,文,67.4 210''.0
U+658A,斊,67,文,67.6
U+658B,斋,67,文,67.6
U+658C,斌,67,文,67.7
U+658D,斍,67,文,67.7
U+658E,斎,67,文,67.7
U+658F,斏,67,文,67.7
U+6590,斐,67,文,67.8
U+6591,斑,67,文,67.8
U+6592,斒,67,文,67.9
U+6593,斓,67,文,67.12
U+6594,斔,67,文,67.15
U+6595,斕,67,文,67.17
U+6596,斖,67,文,67.19
U+6597,斗,68,斗,68.0
U+6598,斘,68,斗,68.3
U+6599,料,68,斗,68.6
U+659A,斚,68,斗,68.6
U+659B,斛,68,斗,68.7
U+659C,斜,68,斗,68.7
U+659D,斝,68,斗,68.8
U+659E,斞,68,斗,68.9
U+659F,斟,68,斗,68.9
U+65A0,斠,68,斗,68.10
U+65A1,斡,68,斗,68.10
U+65A2,斢,68,斗,68.12
U+65A3,斣,68,斗,68.13
U+65A4,斤,69,斤,69.0
U+65A5,斥,69,斤,69.1
U+65A6,斦,69,斤,69.4
U+65A7,斧,69,斤,69.4
U+65A8,斨,69,斤,69.4
U+65A9,斩,69,斤,69.4
U+65AA,斪,69,斤,69.5
U+65AB,斫,69,斤,69.5
U+65AC,斬,69,斤,69.7
U+65AD,断,69,斤,69.7
U+65AE,斮,69,斤,69.8
U+65AF,斯,69,斤,69.8
U+65B0,新,69,斤,69.9
U+65B1,斱,69,斤,69.9
U+65B2,斲,69,斤,69.10
U+65B3,斳,69,斤,69.11
U+65B4,斴,69,斤,69.12
U+65B5,斵,69,斤,69.13
U+65B6,斶,69,斤,69.13
U+65B7,斷,69,斤,69.14
U+65B8,斸,69,斤,69.21
U+65B9,方,70,方,70.0
U+65BA,斺,70,方,70.4
U+65BB,斻,70,方,70.4
U+65BC,於,70,方,70.4
U+65BD,施,70,方,70.5
U+65BE,斾,70,方,70.5
U+65BF,斿,70,方,70.5
U+65C0,旀,70,方,70.5
U+65C1,旁,70,方,70.6
U+65C2,旂,70,方,70.6
U+65C3,旃,70,方,70.6
U+65C4,旄,70,方,70.6
U+65C5,旅,70,方,70.6
U+65C6,旆,70,方,70.6
U+65C7,旇,70,方,70.7
U+65C8,旈,70,方,70.7
U+65C9,旉,70,方,70.7
U+65CA,旊,70,方,70.6
U+65CB,旋,70,方,70.7
U+65CC,旌,70,方,70.7
U+65CD,旍,70,方,70.7
U+65CE,旎,70,方,70.7
U+65CF,族,70,方,70.7
U+65D0,旐,70,方,70.8
U+65D1,旑,70,方,70.8
U+65D2,旒,70,方,70.9
U+65D3,旓,70,方,70.9
U+65D4,旔,70,方,70.9
U+65D5,旕,70,方,70.9
U+65D6,旖,70,方,70.10
U+65D7,旗,70,方,70.10
U+65D8,旘,70,方,70.12
U+65D9,旙,70,方,70.12
U+65DA,旚,70,方,70.13
U+65DB,旛,70,方,70.14
U+65DC,旜,70,方,70.15
U+65DD,旝,70,方,70.15
U+65DE,旞,70,方,70.15
U+65DF,旟,70,方,70.16
U+65E0,无,71,无,71.0
U+65E1,旡,71,无,71.1
U+65E2,既,71,无,71.5
U+65E3,旣,71,无,71.7
U+65E4,旤,71,无,71.9
U+65E5,日,72,日,72.0
U+65E6,旦,72,日,72.1
U+65E7,旧,72,日,72.1
U+65E8,旨,72,日,72.2
U+65E9,早,72,日,72.2
U+65EA,旪,72,日,72.2
U+65EB,旫,72,日,72.2
U+65EC,旬,72,日,72.2
U+65ED,旭,72,日,72.2
U+65EE,旮,72,日,72.2
U+65EF,旯,72,日,72.2
U+65F0,旰,72,日,72.3
U+65F1,旱,72,日,72.3
U+65F2,旲,72,日,72.3
U+65F3,旳,72,日,72.3
U+65F4,旴,72,日,72.3
U+65F5,旵,72,日,72.3
U+65F6,时,72,日,72.3
U+65F7,旷,72,日,72.3
U+65F8,旸,72,日,72.3
U+65F9,旹,72,日,72.4
U+65FA,旺,72,日,72.4
U+65FB,旻,72,日,72.4
U+65FC,旼,72,日,72.4
U+65FD,旽,72,日,72.4
U+65FE,旾,72,日,72.4
U+65FF,旿,72,日,72.4
U+6600,昀,72,日,72.4
U+6601,昁,72,日,72.4
U+6602,昂,72,日,72.4
U+6603,昃,72,日,72.4
U+6604,昄,72,日,72.4
U+6605,昅,72,日,72.4
U+6606,昆,72,日,72.4
U+6607,昇,72,日,72.4
U+6608,昈,72,日,72.4
U+6609,昉,72,日,72.4
U+660A,昊,72,日,72.4
U+660B,昋,72,日,72.4
U+660C,昌,72,日,72.4
U+660D,昍,72,日,72.4
U+660E,明,72,日,72.4
U+660F,昏,72,日,72.4
U+6610,昐,72,日,72.4
U+6611,昑,72,日,72.4
U+6612,昒,72,日,72.4
U+6613,易,72,日,72.4
U+6614,昔,72,日,72.4
U+6615,昕,72,日,72.4
U+6616,昖,72,日,72.4
U+6617,昗,72,日,72.4
U+6618,昘,72,日,72.4
U+6619,昙,72,日,72.4
U+661A,昚,72,日,72.5
U+661B,昛,72,日,72.5
U+661C,昜,72,日,72.5
U+661D,昝,72,日,72.5
U+661E,昞,72,日,72.5
U+661F,星,72,日,72.5
U+6620,映,72,日,72.5
U+6621,昡,72,日,72.5
U+6622,昢,72,日,72.5
U+6623,昣,72,日,72.5
U+6624,昤,72,日,72.5
U+6625,春,72,日,72.5
U+6626,昦,72,日,72.5
U+6627,昧,72,日,72.5
U+6628,昨,72,日,72.5
U+6629,昩,72,日,72.5
U+662A,昪,72,日,72.5
U+662B,昫,72,日,72.5
U+662C,昬,72,日,72.5
U+662D,昭,72,日,72.5
U+662E,昮,72,日,72.5
U+662F,是,72,日,72.5
U+6630,昰,72,日,72.5
U+6631,昱,72,日,72.5
U+6632,昲,72,日,72.5
U+6633,昳,72,日,72.5
U+6634,昴,72,日,72.5
U+6635,昵,72,日,72.5
U+6636,昶,72,日,72.5
U+6637,昷,72,日,72.5
U+6638,昸,72,日,72.5
U+6639,昹,72,日,72.5
U+663A,昺,72,日,72.5
U+663B,昻,72,日,72.5
U+663C,昼,72,日,72.5 44.6
U+663D,昽,72,日,72.5
U+663E,显,72,日,72.5
U+663F,昿,72,日,72.5
U+6640,晀,72,日,72.6
U+6641,晁,72,日,72.6
U+6642,時,72,日,72.6
U+6643,晃,72,日,72.6
U+6644,晄,72,日,72.6
U+6645,晅,72,日,72.6
U+6646,晆,72,日,72.6
U+6647,晇,72,日,72.6
U+6648,晈,72,日,72.6
U+6649,晉,72,日,72.6
U+664A,晊,72,日,72.6
U+664B,晋,72,日,72.6
U+664C,晌,72,日,72.6
U+664D,晍,72,日,72.6
U+664E,晎,72,日,72.6
U+664F,晏,72,日,72.6
U+6650,晐,72,日,72.6
U+6651,晑,72,日,72.6
U+6652,晒,72,日,72.6
U+6653,晓,72,日,72.6
U+6654,晔,72,日,72.6
U+6655,晕,72,日,72.6
U+6656,晖,72,日,72.6
U+6657,晗,72,日,72.7
U+6658,晘,72,日,72.7
U+6659,晙,72,日,72.7
U+665A,晚,72,日,72.7
U+665B,晛,72,日,72.7
U+665C,晜,72,日,72.7
U+665D,晝,72,日,72.7
U+665E,晞,72,日,72.7
U+665F,晟,72,日,72.7
U+6660,晠,72,日,72.7
U+6661,晡,72,日,72.7
U+6662,晢,72,日,72.7
U+6663,晣,72,日,72.7
U+6664,晤,72,日,72.7
U+6665,晥,72,日,72.7
U+6666,晦,72,日,72.7
U+6667,晧,72,日,72.7
U+6668,晨,72,日,72.7
U+6669,晩,72,日,72.7
U+666A,晪,72,日,72.8
U+666B,晫,72,日,72.8
U+666C,晬,72,日,72.8
U+666D,晭,72,日,72.8
U+666E,普,72,日,72.8
U+666F,景,72,日,72.8
U+6670,晰,72,日,72.8
U+6671,晱,72,日,72.8
U+6672,晲,72,日,72.8
U+6673,晳,72,日,72.8
U+6674,晴,72,日,72.8
U+6675,晵,72,日,72.8
U+6676,晶,72,日,72.8
U+6677,晷,72,日,72.8
U+6678,晸,72,日,72.8
U+6679,晹,72,日,72.8
U+667A,智,72,日,72.8
U+667B,晻,72,日,72.8
U+667C,晼,72,日,72.8
U+667D,晽,72,日,72.8
U+667E,晾,72,日,72.8
U+667F,晿,72,日,72.8
U+6680,暀,72,日,72.8
U+6681,暁,72,日,72.8
U+6682,暂,72,日,72.8
U+6683,暃,72,日,72.8
U+6684,暄,72,日,72.9
U+6685,暅,72,日,72.9
U+6686,暆,72,日,72.9
U+6687,暇,72,日,72.9
U+6688,暈,72,日,72.9
U+6689,暉,72,日,72.9
U+668A,暊,72,日,72.9
U+668B,暋,72,日,72.9
U+668C,暌,72,日,72.9
U+668D,暍,72,日,72.9
U+668E,暎,72,日,72.9
U+668F,暏,72,日,72.9
U+6690,暐,72,日,72.9
U+6691,暑,72,日,72.8
U+6692,暒,72,日,72.9
U+6693,暓,72,日,72.9
U+6694,暔,72,日,72.9
U+6695,暕,72,日,72.9
U+6696,暖,72,日,72.9
U+6697,暗,72,日,72.9
U+6698,暘,72,日,72.9
U+6699,暙,72,日,72.9
U+669A,暚,72,日,72.10
U+669B,暛,72,日,72.10
U+669C,暜,72,日,72.10
U+669D,暝,72,日,72.10
U+669E,暞,72,日,72.10
U+669F,暟,72,日,72.10
U+66A0,暠,72,日,72.10
U+66A1,暡,72,日,72.10
U+66A2,暢,72,日,72.10
U+66A3,暣,72,日,72.10
U+66A4,暤,72,日,72.10
U+66A5,暥,72,日,72.10
U+66A6,暦,72,日,72.10
U+66A7,暧,72,日,72.10
U+66A8,暨,72,日,72.10
U+66A9,暩,72,日,72.11
U+66AA,暪,72,日,72.11
U+66AB,暫,72,日,72.11
U+66AC,暬,72,日,72.11
U+66AD,暭,72,日,72.11
U+66AE,暮,72,日,72.11
U+66AF,暯,72,日,72.11
U+66B0,暰,72,日,72.11
U+66B1,暱,72,日,72.11
U+66B2,暲,72,日,72.11
U+66B3,暳,72,日,72.11
U+66B4,暴,72,日,72.11
U+66B5,暵,72,日,72.11
U+66B6,暶,72,日,72.11
U+66B7,暷,72,日,72.11
U+66B8,暸,72,日,72.12
U+66B9,暹,72,日,72.12
U+66BA,暺,72,日,72.12
U+66BB,暻,72,日,72.12
U+66BC,暼,72,日,72.12
U+66BD,暽,72,日,72.12
U+66BE,暾,72,日,72.12
U+66BF,暿,72,日,72.12
U+66C0,曀,72,日,72.12
U+66C1,曁,72,日,72.12
U+66C2,曂,72,日,72.12
U+66C3,曃,72,日,72.12
U+66C4,曄,72,日,72.12
U+66C5,曅,72,日,72.12
U+66C6,曆,72,日,72.12
U+66C7,曇,72,日,72.12
U+66C8,曈,72,日,72.12
U+66C9,曉,72,日,72.12
U+66CA,曊,72,日,72.12
U+66CB,曋,72,日,72.12
U+66CC,曌,72,日,72.12
U+66CD,曍,72,日,72.12
U+66CE,曎,72,日,72.13
U+66CF,曏,72,日,72.13
U+66D0,曐,72,日,72.13
U+66D1,曑,72,日,72.13
U+66D2,曒,72,日,72.13
U+66D3,曓,72,日,72.13
U+66D4,曔,72,日,72.13
U+66D5,曕,72,日,72.13
U+66D6,曖,72,日,72.13
U+66D7,曗,72,日,72.13
U+66D8,曘,72,日,72.14
U+66D9,曙,72,日,72.14
U+66DA,曚,72,日,72.13
U+66DB,曛,72,日,72.14
U+66DC,曜,72,日,72.14
U+66DD,曝,72,日,72.15
U+66DE,曞,72,日,72.15
U+66DF,曟,72,日,72.15
U+66E0,曠,72,日,72.15
U+66E1,曡,72,日,72.15
U+66E2,曢,72,日,72.15
U+66E3,曣,72,日,72.16
U+66E4,曤,72,日,72.16
U+66E5,曥,72,日,72.16
U+66E6,曦,72,日,72.16
U+66E7,曧,72,日,72.16
U+66E8,曨,72,日,72.16
U+66E9,曩,72,日,72.17
U+66EA,曪,72,日,72.19
U+66EB,曫,72,日,72.19
U+66EC,曬,72,日,72.19
U+66ED,曭,72,日,72.20
U+66EE,曮,72,日,72.20
U+66EF,曯,72,日,72.21
U+66F0,曰,73,曰,73.0
U+66F1,曱,73,曰,73.1 102.0
U+66F2,曲,73,曰,73.2
U+66F3,曳,73,曰,73.2
U+66F4,更,73,曰,73.3
U+66F5,曵,73,曰,73.3
U+66F6,曶,73,曰,73.4
U+66F7,曷,73,曰,73.5
U+66F8,書,73,曰,73.6
U+66F9,曹,73,曰,73.7
U+66FA,曺,73,曰,73.6
U+66FB,曻,73,曰,73.7
U+66FC,曼,73,曰,73.7
U+66FD,曽,72,日,72.7
U+66FE,曾,73,曰,73.8
U+66FF,替,73,曰,73.8
U+6700,最,13,冂,13.10 73.8
U+6701,朁,73,曰,73.8
U+6702,朂,73,曰,73.8
U+6703,會,73,曰,73.9
U+6704,朄,73,曰,73.10
U+6705,朅,73,曰,73.10
U+6706,朆,73,曰,73.12
U+6707,朇,73,曰,73.17
U+6708,月,74,月,74.0
U+6709,有,74,月,74.2
U+670A,朊,74,月,74.4
U+670B,朋,74,月,74.4
U+670C,朌,74,月,74.4
U+670D,服,74,月,74.4
U+670E,朎,74,月,74.5
U+670F,朏,74,月,74.5
U+6710,朐,74,月,74.5
U+6711,朑,130,肉,130.5
U+6712,朒,74,月,74.6
U+6713,朓,74,月,74.6
U+6714,朔,74,月,74.6
U+6715,朕,74,月,74.6
U+6716,朖,74,月,74.7
U+6717,朗,74,月,74.7
U+6718,朘,74,月,74.7
U+6719,朙,74,月,74.7
U+671A,朚,74,月,74.7
U+671B,望,74,月,74.7
U+671C,朜,74,月,74.8
U+671D,朝,74,月,74.8
U+671E,朞,74,月,74.8
U+671F,期,74,月,74.8
U+6720,朠,74,月,74.9
U+6721,朡,130,肉,130.9 74.9
U+6722,朢,74,月,74.10
U+6723,朣,74,月,74.12
U+6724,朤,74,月,74.12
U+6725,朥,130,肉,130.12
U+6726,朦,74,月,74.14
U+6727,朧,74,月,74.16
U+6728,木,75,木,75.0
U+6729,朩,75,木,75.0
U+672A,未,75,木,75.1
U+672B,末,75,木,75.1
U+672C,本,75,木,75.1
U+672D,札,75,木,75.1
U+672E,朮,75,木,75.1
U+672F,术,75,木,75.1
U+6730,朰,75,木,75.1 5.4
U+6731,朱,75,木,75.2
U+6732,朲,75,木,75.2
U+6733,朳,75,木,75.2
U+6734,朴,75,木,75.2
U+6735,朵,75,木,75.2
U+6736,朶,75,木,75.2
U+6737,朷,75,木,75.2
U+6738,朸,75,木,75.2
U+6739,朹,75,木,75.2
U+673A,机,75,木,75.2
U+673B,朻,75,木,75.2
U+673C,朼,75,木,75.2
U+673D,朽,75,木,75.2
U+673E,朾,75,木,75.2
U+673F,朿,75,木,75.2
U+6740,杀,75,木,75.2
U+6741,杁,75,木,75.2
U+6742,杂,75,木,75.2
U+6743,权,75,木,75.2
U+6744,杄,75,木,75.3
U+6745,杅,75,木,75.3
U+6746,杆,75,木,75.3
U+6747,杇,75,木,75.3
U+6748,杈,75,木,75.3
U+6749,杉,75,木,75.3
U+674A,杊,75,木,75.3
U+674B,杋,75,木,75.3
U+674C,杌,75,木,75.3
U+674D,杍,75,木,75.3
U+674E,李,75,木,75.3
U+674F,杏,75,木,75.3
U+6750,材,75,木,75.3
U+6751,村,75,木,75.3
U+6752,杒,75,木,75.3
U+6753,杓,75,木,75.3
U+6754,杔,75,木,75.3
U+6755,杕,75,木,75.3
U+6756,杖,75,木,75.3
U+6757,杗,75,木,75.3
U+6758,杘,75,木,75.3
U+6759,杙,75,木,75.3
U+675A,杚,75,木,75.3
U+675B,杛,75,木,75.3
U+675C,杜,75,木,75.3
U+675D,杝,75,木,75.3
U+675E,杞,75,木,75.3
U+675F,束,75,木,75.3
U+6760,杠,75,木,75.3
U+6761,条,75,木,75.3
U+6762,杢,75,木,75.3
U+6763,杣,75,木,75.3
U+6764,杤,75,木,75.3
U+6765,来,75,木,75.3 1.6
U+6766,杦,75,木,75.3
U+6767,杧,75,木,75.3
U+6768,杨,75,木,75.3
U+6769,杩,75,木,75.3
U+676A,杪,75,木,75.4
U+676B,杫,75,木,75.4
U+676C,杬,75,木,75.4
U+676D,杭,75,木,75.4
U+676E,杮,75,木,75.4
U+676F,杯,75,木,75.4
U+6770,杰,75,木,75.4
U+6771,東,75,木,75.4
U+6772,杲,75,木,75.4
U+6773,杳,75,木,75.4
U+6774,杴,75,木,75.4
U+6775,杵,75,木,75.4
U+6776,杶,75,木,75.4
U+6777,杷,75,木,75.4
U+6778,杸,75,木,75.4
U+6779,杹,75,木,75.4
U+677A,杺,75,木,75.4
U+677B,杻,75,木,75.4
U+677C,杼,75,木,75.4
U+677D,杽,75,木,75.4
U+677E,松,75,木,75.4
U+677F,板,75,木,75.4
U+6780,枀,75,木,75.4
U+6781,极,75,木,75.3
U+6782,枂,75,木,75.4
U+6783,枃,75,木,75.4
U+6784,构,75,木,75.4
U+6785,枅,75,木,75.4
U+6786,枆,75,木,75.4
U+6787,枇,75,木,75.4
U+6788,枈,75,木,75.4
U+6789,枉,75,木,75.4
U+678A,枊,75,木,75.4
U+678B,枋,75,木,75.4
U+678C,枌,75,木,75.4
U+678D,枍,75,木,75.4
U+678E,枎,75,木,75.4
U+678F,枏,75,木,75.4
U+6790,析,75,木,75.4
U+6791,枑,75,木,75.4
U+6792,枒,75,木,75.4
U+6793,枓,75,木,75.4
U+6794,枔,75,木,75.4
U+6795,枕,75,木,75.4
U+6796,枖,75,木,75.4
U+6797,林,75,木,75.4
U+6798,枘,75,木,75.4
U+6799,枙,75,木,75.4
U+679A,枚,75,木,75.4
U+679B,枛,75,木,75.4
U+679C,果,75,木,75.4
U+679D,枝,75,木,75.4
U+679E,枞,75,木,75.4
U+679F,枟,75,木,75.4
U+67A0,枠,75,木,75.4
U+67A1,枡,75,木,75.4
U+67A2,枢,75,木,75.4
U+67A3,枣,75,木,75.4
U+67A4,枤,75,木,75.4
U+67A5,枥,75,木,75.4
U+67A6,枦,75,木,75.4
U+67A7,枧,75,木,75.4
U+67A8,枨,75,木,75.4
U+67A9,枩,75,木,75.4
U+67AA,枪,75,木,75.4
U+67AB,枫,75,木,75.4
U+67AC,枬,75,木,75.4
U+67AD,枭,75,木,75.4
U+67AE,枮,75,木,75.5
U+67AF,枯,75,木,75.5
U+67B0,枰,75,木,75.5
U+67B1,枱,75,木,75.5
U+67B2,枲,75,木,75.5
U+67B3,枳,75,木,75.5
U+67B4,枴,75,木,75.5
U+67B5,枵,75,木,75.5
U+67B6,架,75,木,75.5
U+67B7,枷,75,木,75.5
U+67B8,枸,75,木,75.5
U+67B9,枹,75,木,75.5
U+67BA,枺,75,木,75.5
U+67BB,枻,75,木,75.5
U+67BC,枼,75,木,75.5
U+67BD,枽,75,木,75.5
U+67BE,枾,75,木,75.5
U+67BF,枿,75,木,75.5
U+67C0,柀,75,木,75.5
U+67C1,柁,75,木,75.5
U+67C2,柂,75,木,75.5
U+67C3,柃,75,木,75.5
U+67C4,柄,75,木,75.5
U+67C5,柅,75,木,75.5
U+67C6,柆,75,木,75.5
U+67C7,柇,75,木,75.5
U+67C8,柈,75,木,75.5
U+67C9,柉,75,木,75.5
U+67CA,柊,75,木,75.5
U+67CB,柋,75,木,75.5
U+67CC,柌,75,木,75.5
U+67CD,柍,75,木,75.5
U+67CE,柎,75,木,75.5
U+67CF,柏,75,木,75.5
U+67D0,某,75,木,75.5
U+67D1,柑,75,木,75.5
U+67D2,柒,75,木,75.5
U+67D3,染,75,木,75.5
U+67D4,柔,75,木,75.5
U+67D5,柕,75,木,75.5
U+67D6,柖,75,木,75.5
U+67D7,柗,75,木,75.5
U+67D8,柘,75,木,75.5
U+67D9,柙,75,木,75.5
U+67DA,柚,75,木,75.5
U+67DB,柛,75,木,75.5
U+67DC,柜,75,木,75.5
U+67DD,柝,75,木,75.5
U+67DE,柞,75,木,75.5
U+67DF,柟,75,木,75.5
U+67E0,柠,75,木,75.5
U+67E1,柡,75,木,75.5
U+67E2,柢,75,木,75.5
U+67E3,柣,75,木,75.5
U+67E4,柤,75,木,75.5
U+67E5,查,75,木,75.5
U+67E6,柦,75,木,75.5
U+67E7,柧,75,木,75.5
U+67E8,柨,75,木,75.5
U+67E9,柩,75,木,75.5
U+67EA,柪,75,木,75.5
U+67EB,柫,75,木,75.5
U+67EC,柬,75,木,75.5
U+67ED,柭,75,木,75.5
U+67EE,柮,75,木,75.5
U+67EF,柯,75,木,75.5
U+67F0,柰,75,木,75.5
U+67F1,柱,75,木,75.5
U+67F2,柲,75,木,75.5
U+67F3,柳,75,木,75.5
U+67F4,柴,75,木,75.5
U+67F5,柵,75,木,75.5
U+67F6,柶,75,木,75.5
U+67F7,柷,75,木,75.5
U+67F8,柸,75,木,75.5
U+67F9,柹,75,木,75.5
U+67FA,柺,75,木,75.5
U+67FB,査,75,木,75.5
U+67FC,柼,75,木,75.5
U+67FD,柽,75,木,75.5
U+67FE,柾,75,木,75.5
U+67FF,柿,75,木,75.5
U+6800,栀,75,木,75.5
U+6801,栁,75,木,75.5
U+6802,栂,75,木,75.5
U+6803,栃,75,木,75.5
U+6804,栄,75,木,75.5
U+6805,栅,75,木,75.5
U+6806,栆,75,木,75.5
U+6807,标,75,木,75.5
U+6808,栈,75,木,75.5
U+6809,栉,75,木,75.5
U+680A,栊,75,木,75.5
U+680B,栋,75,木,75.5
U+680C,栌,75,木,75.5
U+680D,栍,75,木,75.5
U+680E,栎,75,木,75.5
U+680F,栏,75,木,75.5
U+6810,栐,75,木,75.5
U+6811,树,75,木,75.5
U+6812,栒,75,木,75.6
U+6813,栓,75,木,75.6
U+6814,栔,75,木,75.6
U+6815,栕,75,木,75.6
U+6816,栖,75,木,75.6
U+6817,栗,75,木,75.6
U+6818,栘,75,木,75.6
U+6819,栙,75,木,75.6
U+681A,栚,75,木,75.6
U+681B,栛,75,木,75.6
U+681C,栜,75,木,75.6
U+681D,栝,75,木,75.6
U+681E,栞,75,木,75.6
U+681F,栟,75,木,75.6
U+6820,栠,75,木,75.6
U+6821,校,75,木,75.6
U+6822,栢,75,木,75.6
U+6823,栣,75,木,75.6
U+6824,栤,75,木,75.6
U+6825,栥,75,木,75.6
U+6826,栦,75,木,75.6
U+6827,栧,75,木,75.6
U+6828,栨,75,木,75.6
U+6829,栩,75,木,75.6
U+682A,株,75,木,75.6
U+682B,栫,75,木,75.6
U+682C,栬,75,木,75.6
U+682D,栭,75,木,75.6
U+682E,栮,75,木,75.6
U+682F,栯,75,木,75.6
U+6830,栰,75,木,75.6
U+6831,栱,75,木,75.6
U+6832,栲,75,木,75.6
U+6833,栳,75,木,75.6
U+6834,栴,75,木,75.6
U+6835,栵,75,木,75.6
U+6836,栶,75,木,75.6
U+6837,样,75,木,75.6
U+6838,核,75,木,75.6
U+6839,根,75,木,75.6
U+683A,栺,75,木,75.6
U+683B,栻,75,木,75.6
U+683C,格,75,木,75.6
U+683D,栽,75,木,75.6
U+683E,栾,75,木,75.6 8.8
U+683F,栿,75,木,75.6
U+6840,桀,75,木,75.6
U+6841,桁,75,木,75.6
U+6842,桂,75,木,75.6
U+6843,桃,75,木,75.6
U+6844,桄,75,木,75.6
U+6845,桅,75,木,75.6
U+6846,框,75,木,75.6
U+6847,桇,75,木,75.6
U+6848,案,75,木,75.6
U+6849,桉,75,木,75.6
U+684A,桊,75,木,75.6
U+684B,桋,75,木,75.6
U+684C,桌,75,木,75.6
U+684D,桍,75,木,75.6
U+684E,桎,75,木,75.6
U+684F,桏,75,木,75.6
U+6850,桐,75,木,75.6
U+6851,桑,75,木,75.6
U+6852,桒,75,木,75.6
U+6853,桓,75,木,75.6
U+6854,桔,75,木,75.6
U+6855,桕,75,木,75.6
U+6856,桖,75,木,75.6
U+6857,桗,75,木,75.6
U+6858,桘,75,木,75.6
U+6859,桙,75,木,75.6
U+685A,桚,75,木,75.6
U+685B,桛,75,木,75.6
U+685C,桜,75,木,75.6
U+685D,桝,75,木,75.6
U+685E,桞,75,木,75.6
U+685F,桟,75,木,75.6
U+6860,桠,75,木,75.6
U+6861,桡,75,木,75.6
U+6862,桢,75,木,75.6
U+6863,档,75,木,75.6
U+6864,桤,75,木,75.6
U+6865,桥,75,木,75.6
U+6866,桦,75,木,75.6
U+6867,桧,75,木,75.6
U+6868,桨,75,木,75.6
U+6869,桩,75,木,75.6
U+686A,桪,75,木,75.6
U+686B,桫,75,木,75.7
U+686C,桬,75,木,75.7
U+686D,桭,75,木,75.7
U+686E,桮,75,木,75.7
U+686F,桯,75,木,75.7
U+6870,桰,75,木,75.7
U+6871,桱,75,木,75.7
U+6872,桲,75,木,75.7
U+6873,桳,75,木,75.7
U+6874,桴,75,木,75.7
U+6875,桵,75,木,75.7
U+6876,桶,75,木,75.7
U+6877,桷,75,木,75.7
U+6878,桸,75,木,75.7
U+6879,桹,75,木,75.7
U+687A,桺,75,木,75.7
U+687B,桻,75,木,75.7
U+687C,桼,75,木,75.7
U+687D,桽,75,木,75.7
U+687E,桾,75,木,75.7
U+687F,桿,75,木,75.7
U+6880,梀,75,木,75.7
U+6881,梁,75,木,75.7
U+6882,梂,75,木,75.7
U+6883,梃,75,木,75.7
U+6884,梄,75,木,75.7
U+6885,梅,75,木,75.7
U+6886,梆,75,木,75.7
U+6887,梇,75,木,75.7
U+6888,梈,75,木,75.7
U+6889,梉,75,木,75.7
U+688A,梊,75,木,75.7
U+688B,梋,75,木,75.7
U+688C,梌,75,木,75.7
U+688D,梍,75,木,75.7
U+688E,梎,75,木,75.7
U+688F,梏,75,木,75.7
U+6890,梐,75,木,75.7
U+6891,梑,75,木,75.7
U+6892,梒,75,木,75.7
U+6893,梓,75,木,75.7
U+6894,梔,75,木,75.7
U+6895,梕,75,木,75.7
U+6896,梖,75,木,75.7
U+6897,梗,75,木,75.7
U+6898,梘,75,木,75.7
U+6899,梙,75,木,75.7
U+689A,梚,75,木,75.7
U+689B,梛,75,木,75.7
U+689C,梜,75,木,75.7
U+689D,條,75,木,75.7
U+689E,梞,75,木,75.7
U+689F,梟,75,木,75.7
U+68A0,梠,75,木,75.7
U+68A1,梡,75,木,75.7
U+68A2,梢,75,木,75.7
U+68A3,梣,75,木,75.7
U+68A4,梤,75,木,75.7
U+68A5,梥,75,木,75.7
U+68A6,梦,75,木,75.7 36.8
U+68A7,梧,75,木,75.7
U+68A8,梨,75,木,75.7
U+68A9,梩,75,木,75.7
U+68AA,梪,75,木,75.7
U+68AB,梫,75,木,75.7
U+68AC,梬,75,木,75.7
U+68AD,梭,75,木,75.7
U+68AE,梮,75,木,75.7
U+68AF,梯,75,木,75.7
U+68B0,械,75,木,75.7
U+68B1,梱,75,木,75.7
U+68B2,梲,75,木,75.7
U+68B3,梳,75,木,75.7
U+68B4,梴,75,木,75.7
U+68B5,梵,75,木,75.7
U+68B6,梶,75,木,75.7
U+68B7,梷,75,木,75.7
U+68B8,梸,75,木,75.7
U+68B9,梹,75,木,75.7
U+68BA,梺,75,木,75.7
U+68BB,梻,75,木,75.7
U+68BC,梼,75,木,75.7
U+68BD,梽,75,木,75.7
U+68BE,梾,75,木,75.7
U+68BF,梿,75,木,75.7
U+68C0,检,75,木,75.7
U+68C1,棁,75,木,75.7
U+68C2,棂,75,木,75.7
U+68C3,棃,75,木,75.8
U+68C4,棄,75,木,75.8
U+68C5,棅,75,木,75.8
U+68C6,棆,75,木,75.8
U+68C7,棇,75,木,75.8
U+68C8,棈,75,木,75.8
U+68C9,棉,75,木,75.8
U+68CA,棊,75,木,75.8
U+68CB,棋,75,木,75.8
U+68CC,棌,75,木,75.8
U+68CD,棍,75,木,75.8
U+68CE,棎,75,木,75.8
U+68CF,棏,75,木,75.8
U+68D0,棐,75,木,75.8
U+68D1,棑,75,木,75.8
U+68D2,棒,75,木,75.8
U+68D3,棓,75,木,75.8
U+68D4,棔,75,木,75.8
U+68D5,棕,75,木,75.8
U+68D6,棖,75,木,75.8
U+68D7,棗,75,木,75.8
U+68D8,棘,75,木,75.8
U+68D9,棙,75,木,75.8
U+68DA,棚,75,木,75.8
U+68DB,棛,75,木,75.8
U+68DC,棜,75,木,75.8
U+68DD,棝,75,木,75.8
U+68DE,棞,75,木,75.8
U+68DF,棟,75,木,75.8
U+68E0,棠,75,木,75.8
U+68E1,棡,75,木,75.8
U+68E2,棢,75,木,75.8
U+68E3,棣,75,木,75.8
U+68E4,棤,75,木,75.8
U+68E5,棥,75,木,75.8
U+68E6,棦,75,木,75.8
U+68E7,棧,75,木,75.8
U+68E8,棨,75,木,75.8
U+68E9,棩,75,木,75.8
U+68EA,棪,75,木,75.8
U+68EB,棫,75,木,75.8
U+68EC,棬,75,木,75.8
U+68ED,棭,75,木,75.8
U+68EE,森,75,木,75.8
U+68EF,棯,75,木,75.8
U+68F0,棰,75,木,75.8
U+68F1,棱,75,木,75.8
U+68F2,棲,75,木,75.8
U+68F3,棳,75,木,75.8
U+68F4,棴,75,木,75.8
U+68F5,棵,75,木,75.8
U+68F6,棶,75,木,75.8
U+68F7,棷,75,木,75.8
U+68F8,棸,75,木,75.8
U+68F9,棹,75,木,75.8
U+68FA,棺,75,木,75.8
U+68FB,棻,75,木,75.8
U+68FC,棼,75,木,75.8
U+68FD,棽,75,木,75.8
U+68FE,棾,75,木,75.8
U+68FF,棿,75,木,75.8
U+6900,椀,75,木,75.8
U+6901,椁,75,木,75.8
U+6902,椂,75,木,75.8
U+6903,椃,75,木,75.8
U+6904,椄,75,木,75.8
U+6905,椅,75,木,75.8
U+6906,椆,75,木,75.8
U+6907,椇,75,木,75.8
U+6908,椈,75,木,75.8
U+6909,椉,75,木,75.8
U+690A,椊,75,木,75.8
U+690B,椋,75,木,75.8
U+690C,椌,75,木,75.8
U+690D,植,75,木,75.8
U+690E,椎,75,木,75.8
U+690F,椏,75,木,75.8
U+6910,椐,75,木,75.8
U+6911,椑,75,木,75.8
U+6912,椒,75,木,75.8
U+6913,椓,75,木,75.8
U+6914,椔,75,木,75.8
U+6915,椕,75,木,75.8
U+6916,椖,75,木,75.8
U+6917,椗,75,木,75.8
U+6918,椘,75,木,75.8
U+6919,椙,75,木,75.8
U+691A,椚,75,木,75.8
U+691B,椛,75,木,75.8
U+691C,検,75,木,75.8
U+691D,椝,75,木,75.8
U+691E,椞,75,木,75.8
U+691F,椟,75,木,75.8
U+6920,椠,75,木,75.8
U+6921,椡,75,木,75.8
U+6922,椢,75,木,75.8
U+6923,椣,75,木,75.8
U+6924,椤,75,木,75.8
U+6925,椥,75,木,75.8
U+6926,椦,75,木,75.8
U+6927,椧,75,木,75.8
U+6928,椨,75,木,75.8
U+6929,椩,75,木,75.8
U+692A,椪,75,木,75.8
U+692B,椫,75,木,75.8
U+692C,椬,75,木,75.8
U+692D,椭,75,木,75.8
U+692E,椮,75,木,75.8
U+692F,椯,75,木,75.9
U+6930,椰,75,木,75.9
U+6931,椱,75,木,75.9
U+6932,椲,75,木,75.9
U+6933,椳,75,木,75.9
U+6934,椴,75,木,75.9
U+6935,椵,75,木,75.9
U+6936,椶,75,木,75.9
U+6937,椷,75,木,75.9
U+6938,椸,75,木,75.9
U+6939,椹,75,木,75.9
U+693A,椺,75,木,75.9
U+693B,椻,75,木,75.9
U+693C,椼,75,木,75.9
U+693D,椽,75,木,75.9
U+693E,椾,75,木,75.9
U+693F,椿,75,木,75.9
U+6940,楀,75,木,75.9
U+6941,楁,75,木,75.9
U+6942,楂,75,木,75.9
U+6943,楃,75,木,75.9
U+6944,楄,75,木,75.9
U+6945,楅,75,木,75.9
U+6946,楆,75,木,75.9
U+6947,楇,75,木,75.9
U+6948,楈,75,木,75.9
U+6949,楉,75,木,75.9
U+694A,楊,75,木,75.9
U+694B,楋,75,木,75.9
U+694C,楌,75,木,75.9
U+694D,楍,75,木,75.9
U+694E,楎,75,木,75.9
U+694F,楏,75,木,75.9
U+6950,楐,75,木,75.9
U+6951,楑,75,木,75.9
U+6952,楒,75,木,75.9
U+6953,楓,75,木,75.9
U+6954,楔,75,木,75.9
U+6955,楕,75,木,75.9
U+6956,楖,75,木,75.9
U+6957,楗,75,木,75.9
U+6958,楘,75,木,75.9
U+6959,楙,75,木,75.9
U+695A,楚,75,木,75.9
U+695B,楛,75,木,75.9
U+695C,楜,75,木,75.9
U+695D,楝,75,木,75.9
U+695E,楞,75,木,75.9
U+695F,楟,75,木,75.9
U+6960,楠,75,木,75.9
U+6961,楡,75,木,75.9
U+6962,楢,75,木,75.9
U+6963,楣,75,木,75.9
U+6964,楤,75,木,75.9
U+6965,楥,75,木,75.9
U+6966,楦,75,木,75.9
U+6967,楧,75,木,75.9
U+6968,楨,75,木,75.9
U+6969,楩,75,木,75.9
U+696A,楪,75,木,75.9
U+696B,楫,75,木,75.9
U+696C,楬,75,木,75.9
U+696D,業,75,木,75.9
U+696E,楮,75,木,75.9
U+696F,楯,75,木,75.9
U+6970,楰,75,木,75.9
U+6971,楱,75,木,75.9
U+6972,楲,75,木,75.9
U+6973,楳,75,木,75.9
U+6974,楴,75,木,75.9
U+6975,極,75,木,75.9
U+6976,楶,75,木,75.9
U+6977,楷,75,木,75.9
U+6978,楸,75,木,75.9
U+6979,楹,75,木,75.9
U+697A,楺,75,木,75.9
U+697B,楻,75,木,75.9
U+697C,楼,75,木,75.9
U+697D,楽,75,木,75.9
U+697E,楾,75,木,75.9
U+697F,楿,75,木,75.9
U+6980,榀,75,木,75.9
U+6981,榁,75,木,75.9
U+6982,概,75,木,75.9
U+6983,榃,75,木,75.9 102.8
U+6984,榄,75,木,75.9
U+6985,榅,75,木,75.9
U+6986,榆,75,木,75.9
U+6987,榇,75,木,75.9
U+6988,榈,75,木,75.9
U+6989,榉,75,木,75.9
U+698A,榊,75,木,75.10
U+698B,榋,75,木,75.9
U+698C,榌,75,木,75.9
U+698D,榍,75,木,75.10
U+698E,榎,75,木,75.10
U+698F,榏,75,木,75.10
U+6990,榐,75,木,75.10
U+6991,榑,75,木,75.10
U+6992,榒,75,木,75.10
U+6993,榓,75,木,75.10
U+6994,榔,75,木,75.9
U+6995,榕,75,木,75.10
U+6996,榖,75,木,75.10
U+6997,榗,75,木,75.10
U+6998,榘,75,木,75.9
U+6999,榙,75,木,75.10
U+699A,榚,75,木,75.10
U+699B,榛,75,木,75.10
U+699C,榜,75,木,75.10
U+699D,榝,75,木,75.10
U+699E,榞,75,木,75.10
U+699F,榟,75,木,75.10
U+69A0,榠,75,木,75.10
U+69A1,榡,75,木,75.10
U+69A2,榢,75,木,75.10
U+69A3,榣,75,木,75.10
U+69A4,榤,75,木,75.10
U+69A5,榥,75,木,75.10
U+69A6,榦,75,木,75.10
U+69A7,榧,75,木,75.10
U+69A8,榨,75,木,75.10
U+69A9,榩,75,木,75.10
U+69AA,榪,75,木,75.10
U+69AB,榫,75,木,75.10
U+69AC,榬,75,木,75.10
U+69AD,榭,75,木,75.10
U+69AE,榮,75,木,75.10
U+69AF,榯,75,木,75.10
U+69B0,榰,75,木,75.10
U+69B1,榱,75,木,75.10
U+69B2,榲,75,木,75.10
U+69B3,榳,75,木,75.10
U+69B4,榴,75,木,75.10
U+69B5,榵,75,木,75.10
U+69B6,榶,75,木,75.10
U+69B7,榷,75,木,75.10
U+69B8,榸,75,木,75.10
U+69B9,榹,75,木,75.10
U+69BA,榺,75,木,75.10
U+69BB,榻,75,木,75.10
U+69BC,榼,75,木,75.10
U+69BD,榽,75,木,75.10
U+69BE,榾,75,木,75.10
U+69BF,榿,75,木,75.10
U+69C0,槀,75,木,75.10
U+69C1,槁,75,木,75.10
U+69C2,槂,75,木,75.10
U+69C3,槃,75,木,75.10
U+69C4,槄,75,木,75.10
U+69C5,槅,75,木,75.10
U+69C6,槆,75,木,75.10
U+69C7,槇,75,木,75.10
U+69C8,槈,75,木,75.10
U+69C9,槉,75,木,75.10
U+69CA,槊,75,木,75.10
U+69CB,構,75,木,75.10
U+69CC,槌,75,木,75.10
U+69CD,槍,75,木,75.10
U+69CE,槎,75,木,75.10
U+69CF,槏,75,木,75.10
U+69D0,槐,75,木,75.10
U+69D1,槑,75,木,75.10
U+69D2,槒,75,木,75.10
U+69D3,槓,75,木,75.10
U+69D4,槔,75,木,75.10
U+69D5,槕,75,木,75.10
U+69D6,槖,75,木,75.10
U+69D7,槗,75,木,75.10
U+69D8,様,75,木,75.10
U+69D9,槙,75,木,75.10
U+69DA,槚,75,木,75.10
U+69DB,槛,75,木,75.10
U+69DC,槜,75,木,75.10
U+69DD,槝,75,木,75.10
U+69DE,槞,75,木,75.10
U+69DF,槟,75,木,75.10
U+69E0,槠,75,木,75.10
U+69E1,槡,75,木,75.10
U+69E2,槢,75,木,75.11
U+69E3,槣,75,木,75.11
U+69E4,槤,75,木,75.11
U+69E5,槥,75,木,75.11
U+69E6,槦,75,木,75.11
U+69E7,槧,75,木,75.11
U+69E8,槨,75,木,75.11
U+69E9,槩,75,木,75.10
U+69EA,槪,75,木,75.11
U+69EB,槫,75,木,75.11
U+69EC,槬,75,木,75.11
U+69ED,槭,75,木,75.11
U+69EE,槮,75,木,75.11
U+69EF,槯,75,木,75.11
U+69F0,槰,75,木,75.11
U+69F1,槱,75,木,75.11
U+69F2,槲,75,木,75.11
U+69F3,槳,75,木,75.11
U+69F4,槴,75,木,75.11
U+69F5,槵,75,木,75.11
U+69F6,槶,75,木,75.11
U+69F7,槷,75,木,75.11
U+69F8,槸,75,木,75.11
U+69F9,槹,75,木,75.11
U+69FA,槺,75,木,75.11
U+69FB,槻,75,木,75.11
U+69FC,槼,75,木,75.11
U+69FD,槽,75,木,75.11
U+69FE,槾,75,木,75.11
U+69FF,槿,75,木,75.11
U+6A00,樀,75,木,75.11
U+6A01,樁,75,木,75.11
U+6A02,樂,75,木,75.11
U+6A03,樃,75,木,75.11
U+6A04,樄,75,木,75.11
U+6A05,樅,75,木,75.11
U+6A06,樆,75,木,75.11
U+6A07,樇,75,木,75.11
U+6A08,樈,75,木,75.11
U+6A09,樉,75,木,75.11
U+6A0A,樊,75,木,75.11
U+6A0B,樋,75,木,75.11
U+6A0C,樌,75,木,75.11
U+6A0D,樍,75,木,75.11
U+6A0E,樎,75,木,75.11
U+6A0F,樏,75,木,75.11
U+6A10,樐,75,木,75.11
U+6A11,樑,75,木,75.11
U+6A12,樒,75,木,75.11
U+6A13,樓,75,木,75.11
U+6A14,樔,75,木,75.11
U+6A15,樕,75,木,75.11
U+6A16,樖,75,木,75.11
U+6A17,樗,75,木,75.11
U+6A18,樘,75,木,75.11
U+6A19,標,75,木,75.11
U+6A1A,樚,75,木,75.11
U+6A1B,樛,75,木,75.11
U+6A1C,樜,75,木,75.11
U+6A1D,樝,75,木,75.11
U+6A1E,樞,75,木,75.11
U+6A1F,樟,75,木,75.11
U+6A20,樠,75,木,75.11
U+6A21,模,75,木,75.11
U+6A22,樢,75,木,75.11
U+6A23,樣,75,木,75.11
U+6A24,樤,75,木,75.11
U+6A25,樥,75,木,75.11
U+6A26,樦,75,木,75.11
U+6A27,樧,75,木,75.11
U+6A28,樨,75,木,75.11
U+6A29,権,75,木,75.11
U+6A2A,横,75,木,75.11
U+6A2B,樫,75,木,75.11
U+6A2C,樬,75,木,75.11
U+6A2D,樭,75,木,75.11
U+6A2E,樮,75,木,75.10
U+6A2F,樯,75,木,75.11
U+6A30,樰,75,木,75.11
U+6A31,樱,75,木,75.11
U+6A32,樲,75,木,75.12
U+6A33,樳,75,木,75.12
U+6A34,樴,75,木,75.12
U+6A35,樵,75,木,75.12
U+6A36,樶,75,木,75.12
U+6A37,樷,75,木,75.12
U+6A38,樸,75,木,75.12
U+6A39,樹,75,木,75.12
U+6A3A,樺,75,木,75.12
U+6A3B,樻,75,木,75.12
U+6A3C,樼,75,木,75.12
U+6A3D,樽,75,木,75.12
U+6A3E,樾,75,木,75.12
U+6A3F,樿,75,木,75.12
U+6A40,橀,75,木,75.12
U+6A41,橁,75,木,75.12
U+6A42,橂,75,木,75.12
U+6A43,橃,75,木,75.12
U+6A44,橄,75,木,75.12
U+6A45,橅,75,木,75.12
U+6A46,橆,75,木,75.12
U+6A47,橇,75,木,75.12
U+6A48,橈,75,木,75.12
U+6A49,橉,75,木,75.12
U+6A4A,橊,75,木,75.12
U+6A4B,橋,75,木,75.12
U+6A4C,橌,75,木,75.12
U+6A4D,橍,75,木,75.12
U+6A4E,橎,75,木,75.12
U+6A4F,橏,75,木,75.12
U+6A50,橐,75,木,75.12
U+6A51,橑,75,木,75.12
U+6A52,橒,75,木,75.12
U+6A53,橓,75,木,75.12
U+6A54,橔,75,木,75.12
U+6A55,橕,75,木,75.12
U+6A56,橖,75,木,75.12
U+6A57,橗,75,木,75.12
U+6A58,橘,75,木,75.12
U+6A59,橙,75,木,75.12
U+6A5A,橚,75,木,75.12
U+6A5B,橛,75,木,75.12
U+6A5C,橜,75,木,75.12
U+6A5D,橝,75,木,75.12
U+6A5E,橞,75,木,75.12
U+6A5F,機,75,木,75.12
U+6A60,橠,75,木,75.12
U+6A61,橡,75,木,75.12
U+6A62,橢,75,木,75.12
U+6A63,橣,75,木,75.12
U+6A64,橤,75,木,75.12
U+6A65,橥,75,木,75.11
U+6A66,橦,75,木,75.12
U+6A67,橧,75,木,75.12
U+6A68,橨,75,木,75.12
U+6A69,橩,75,木,75.12
U+6A6A,橪,75,木,75.12
U+6A6B,橫,75,木,75.12
U+6A6C,橬,75,木,75.12
U+6A6D,橭,75,木,75.12
U+6A6E,橮,75,木,75.12
U+6A6F,橯,75,木,75.12
U+6A70,橰,75,木,75.12
U+6A71,橱,75,木,75.12
U+6A72,橲,75,木,75.12
U+6A73,橳,75,木,75.12
U+6A74,橴,75,木,75.11
U+6A75,橵,75,木,75.12
U+6A76,橶,75,木,75.12
U+6A77,橷,75,木,75.12
U+6A78,橸,75,木,75.12
U+6A79,橹,75,木,75.12
U+6A7A,橺,75,木,75.12
U+6A7B,橻,75,木,75.12
U+6A7C,橼,75,木,75.12
U+6A7D,橽,75,木,75.13
U+6A7E,橾,75,木,75.13
U+6A7F,橿,75,木,75.13
U+6A80,檀,75,木,75.13
U+6A81,檁,75,木,75.13
U+6A82,檂,75,木,75.13
U+6A83,檃,75,木,75.13
U+6A84,檄,75,木,75.13
U+6A85,檅,75,木,75.13
U+6A86,檆,75,木,75.13
U+6A87,檇,75,木,75.13
U+6A88,檈,75,木,75.13
U+6A89,檉,75,木,75.13
U+6A8A,檊,75,木,75.13
U+6A8B,檋,75,木,75.13
U+6A8C,檌,75,木,75.13
U+6A8D,檍,75,木,75.13
U+6A8E,檎,75,木,75.13
U+6A8F,檏,75,木,75.13
U+6A90,檐,75,木,75.13
U+6A91,檑,75,木,75.13
U+6A92,檒,75,木,75.13
U+6A93,檓,75,木,75.13
U+6A94,檔,75,木,75.13
U+6A95,檕,75,木,75.13
U+6A96,檖,75,木,75.13
U+6A97,檗,75,木,75.13
U+6A98,檘,75,木,75.13
U+6A99,檙,75,木,75.13
U+6A9A,檚,75,木,75.13
U+6A9B,檛,75,木,75.13
U+6A9C,檜,75,木,75.13
U+6A9D,檝,75,木,75.13
U+6A9E,檞,75,木,75.13
U+6A9F,檟,75,木,75.13
U+6AA0,檠,75,木,75.13
U+6AA1,檡,75,木,75.13
U+6AA2,檢,75,木,75.13
U+6AA3,檣,75,木,75.13
U+6AA4,檤,75,木,75.13
U+6AA5,檥,75,木,75.13
U+6AA6,檦,75,木,75.13
U+6AA7,檧,75,木,75.13
U+6AA8,檨,75,木,75.13
U+6AA9,檩,75,木,75.13
U+6AAA,檪,75,木,75.13
U+6AAB,檫,75,木,75.14
U+6AAC,檬,75,木,75.14
U+6AAD,檭,75,木,75.14
U+6AAE,檮,75,木,75.14
U+6AAF,檯,75,木,75.14
U+6AB0,檰,75,木,75.14
U+6AB1,檱,75,木,75.14
U+6AB2,檲,75,木,75.14
U+6AB3,檳,75,木,75.14
U+6AB4,檴,75,木,75.14
U+6AB5,檵,75,木,75.14
U+6AB6,檶,75,木,75.14
U+6AB7,檷,75,木,75.14
U+6AB8,檸,75,木,75.14
U+6AB9,檹,75,木,75.14
U+6ABA,檺,75,木,75.14
U+6ABB,檻,75,木,75.14
U+6ABC,檼,75,木,75.14
U+6ABD,檽,75,木,75.14
U+6ABE,檾,75,木,75.14
U+6ABF,檿,75,木,75.14
U+6AC0,櫀,75,木,75.14
U+6AC1,櫁,75,木,75.14
U+6AC2,櫂,75,木,75.14
U+6AC3,櫃,75,木,75.14
U+6AC4,櫄,75,木,75.14
U+6AC5,櫅,75,木,75.14
U+6AC6,櫆,75,木,75.14
U+6AC7,櫇,75,木,75.14
U+6AC8,櫈,75,木,75.14
U+6AC9,櫉,75,木,75.14
U+6ACA,櫊,75,木,75.14
U+6ACB,櫋,75,木,75.15
U+6ACC,櫌,75,木,75.15
U+6ACD,櫍,75,木,75.15
U+6ACE,櫎,75,木,75.15
U+6ACF,櫏,75,木,75.15
U+6AD0,櫐,75,木,75.15
U+6AD1,櫑,75,木,75.15
U+6AD2,櫒,75,木,75.15
U+6AD3,櫓,75,木,75.15
U+6AD4,櫔,75,木,75.15
U+6AD5,櫕,75,木,75.15
U+6AD6,櫖,75,木,75.15
U+6AD7,櫗,75,木,75.15
U+6AD8,櫘,75,木,75.15
U+6AD9,櫙,75,木,75.15
U+6ADA,櫚,75,木,75.15
U+6ADB,櫛,75,木,75.15
U+6ADC,櫜,75,木,75.15
U+6ADD,櫝,75,木,75.15
U+6ADE,櫞,75,木,75.15
U+6ADF,櫟,75,木,75.15
U+6AE0,櫠,75,木,75.15
U+6AE1,櫡,75,木,75.15
U+6AE2,櫢,75,木,75.15
U+6AE3,櫣,75,木,75.15
U+6AE4,櫤,75,木,75.15
U+6AE5,櫥,75,木,75.15
U+6AE6,櫦,75,木,75.15
U+6AE7,櫧,75,木,75.16
U+6AE8,櫨,75,木,75.16
U+6AE9,櫩,75,木,75.16
U+6AEA,櫪,75,木,75.16
U+6AEB,櫫,75,木,75.15
U+6AEC,櫬,75,木,75.16
U+6AED,櫭,75,木,75.15
U+6AEE,櫮,75,木,75.16
U+6AEF,櫯,75,木,75.16
U+6AF0,櫰,75,木,75.16
U+6AF1,櫱,75,木,75.16
U+6AF2,櫲,75,木,75.16
U+6AF3,櫳,75,木,75.16
U+6AF4,櫴,75,木,75.16
U+6AF5,櫵,75,木,75.16
U+6AF6,櫶,75,木,75.16
U+6AF7,櫷,75,木,75.18
U+6AF8,櫸,75,木,75.17
U+6AF9,櫹,75,木,75.17
U+6AFA,櫺,75,木,75.17
U+6AFB,櫻,75,木,75.17
U+6AFC,櫼,75,木,75.17
U+6AFD,櫽,75,木,75.17
U+6AFE,櫾,75,木,75.17
U+6AFF,櫿,75,木,75.17
U+6B00,欀,75,木,75.17
U+6B01,欁,75,木,75.17
U+6B02,欂,75,木,75.17
U+6B03,欃,75,木,75.17
U+6B04,欄,75,木,75.17
U+6B05,欅,75,木,75.17
U+6B06,欆,75,木,75.18
U+6B07,欇,75,木,75.18
U+6B08,欈,75,木,75.18
U+6B09,欉,75,木,75.18
U+6B0A,權,75,木,75.18
U+6B0B,欋,75,木,75.18
U+6B0C,欌,75,木,75.17
U+6B0D,欍,75,木,75.18
U+6B0E,欎,75,木,75.18
U+6B0F,欏,75,木,75.19
U+6B10,欐,75,木,75.19
U+6B11,欑,75,木,75.19
U+6B12,欒,75,木,75.19
U+6B13,欓,75,木,75.20
U+6B14,欔,75,木,75.20
U+6B15,欕,75,木,75.20
U+6B16,欖,75,木,75.21
U+6B17,欗,75,木,75.21
U+6B18,欘,75,木,75.21
U+6B19,欙,75,木,75.21
U+6B1A,欚,75,木,75.21
U+6B1B,欛,75,木,75.21
U+6B1C,欜,75,木,75.22
U+6B1D,欝,75,木,75.22
U+6B1E,欞,75,木,75.24
U+6B1F,欟,75,木,75.24
U+6B20,欠,76,欠,76.0
U+6B21,次,76,欠,76.2
U+6B22,欢,76,欠,76.2 29.4
U+6B23,欣,76,欠,76.4
U+6B24,欤,76,欠,76.3
U+6B25,欥,76,欠,76.4
U+6B26,欦,76,欠,76.4
U+6B27,欧,76,欠,76.4
U+6B28,欨,76,欠,76.5
U+6B29,欩,76,欠,76.5
U+6B2A,欪,76,欠,76.5
U+6B2B,欫,76,欠,76.6
U+6B2C,欬,76,欠,76.6
U+6B2D,欭,76,欠,76.6
U+6B2E,欮,76,欠,76.6
U+6B2F,欯,76,欠,76.6
U+6B30,欰,76,欠,76.6
U+6B31,欱,76,欠,76.6
U+6B32,欲,76,欠,76.7
U+6B33,欳,76,欠,76.7
U+6B34,欴,76,欠,76.7
U+6B35,欵,76,欠,76.7
U+6B36,欶,76,欠,76.7
U+6B37,欷,76,欠,76.7
U+6B38,欸,76,欠,76.7
U+6B39,欹,76,欠,76.8
U+6B3A,欺,76,欠,76.8
U+6B3B,欻,76,欠,76.8
U+6B3C,欼,76,欠,76.8
U+6B3D,欽,76,欠,76.8 167.4
U+6B3E,款,76,欠,76.8
U+6B3F,欿,76,欠,76.8
U+6B40,歀,76,欠,76.9
U+6B41,歁,76,欠,76.9
U+6B42,歂,76,欠,76.9
U+6B43,歃,76,欠,76.9
U+6B44,歄,76,欠,76.9
U+6B45,歅,76,欠,76.9
U+6B46,歆,76,欠,76.9
U+6B47,歇,76,欠,76.9
U+6B48,歈,76,欠,76.9
U+6B49,歉,76,欠,76.10
U+6B4A,歊,76,欠,76.10
U+6B4B,歋,76,欠,76.10
U+6B4C,歌,76,欠,76.10
U+6B4D,歍,76,欠,76.10
U+6B4E,歎,76,欠,76.11
U+6B4F,歏,76,欠,76.11
U+6B50,歐,76,欠,76.11
U+6B51,歑,76,欠,76.11
U+6B52,歒,76,欠,76.11
U+6B53,歓,76,欠,76.11
U+6B54,歔,76,欠,76.12
U+6B55,歕,76,欠,76.12
U+6B56,歖,76,欠,76.12
U+6B57,歗,76,欠,76.12
U+6B58,歘,76,欠,76.12
U+6B59,歙,76,欠,76.12
U+6B5A,歚,76,欠,76.12
U+6B5B,歛,76,欠,76.13
U+6B5C,歜,76,欠,76.13
U+6B5D,歝,76,欠,76.13
U+6B5E,歞,76,欠,76.14
U+6B5F,歟,76,欠,76.14
U+6B60,歠,76,欠,76.15
U+6B61,歡,76,欠,76.18
U+6B62,止,77,止,77.0
U+6B63,正,77,止,77.1
U+6B64,此,77,止,77.2
U+6B65,步,77,止,77.3
U+6B66,武,77,止,77.4
U+6B67,歧,77,止,77.4
U+6B68,歨,77,止,77.4
U+6B69,歩,77,止,77.4
U+6B6A,歪,77,止,77.5
U+6B6B,歫,77,止,77.5
U+6B6C,歬,77,止,77.6
U+6B6D,歭,77,止,77.6
U+6B6E,歮,77,止,77.8
U+6B6F,歯,77,止,77.8 211''.0
U+6B70,歰,77,止,77.9
U+6B71,歱,77,止,77.9
U+6B72,歲,77,止,77.9
U+6B73,歳,77,止,77.9
U+6B74,歴,77,止,77.10
U+6B75,歵,77,止,77.11
U+6B76,歶,77,止,77.11 114.10
U+6B77,歷,77,止,77.12
U+6B78,歸,77,止,77.14
U+6B79,歹,78,歹,78.0
U+6B7A,歺,78,歹,78.1
U+6B7B,死,78,歹,78.2
U+6B7C,歼,78,歹,78.3
U+6B7D,歽,78,歹,78.4
U+6B7E,歾,78,歹,78.4
U+6B7F,歿,78,歹,78.4
U+6B80,殀,78,歹,78.4
U+6B81,殁,78,歹,78.4
U+6B82,殂,78,歹,78.5
U+6B83,殃,78,歹,78.5
U+6B84,殄,78,歹,78.5
U+6B85,殅,78,歹,78.5
U+6B86,殆,78,歹,78.5
U+6B87,殇,78,歹,78.5
U+6B88,殈,78,歹,78.6
U+6B89,殉,78,歹,78.6
U+6B8A,殊,78,歹,78.6
U+6B8B,残,78,歹,78.6
U+6B8C,殌,78,歹,78.7
U+6B8D,殍,78,歹,78.7
U+6B8E,殎,78,歹,78.7
U+6B8F,殏,78,歹,78.7
U+6B90,殐,78,歹,78.7
U+6B91,殑,78,歹,78.7
U+6B92,殒,78,歹,78.7
U+6B93,殓,78,歹,78.7
U+6B94,殔,78,歹,78.8
U+6B95,殕,78,歹,78.8
U+6B96,殖,78,歹,78.8
U+6B97,殗,78,歹,78.8
U+6B98,殘,78,歹,78.8
U+6B99,殙,78,歹,78.8
U+6B9A,殚,78,歹,78.8
U+6B9B,殛,78,歹,78.9
U+6B9C,殜,78,歹,78.9
U+6B9D,殝,78,歹,78.10
U+6B9E,殞,78,歹,78.10
U+6B9F,殟,78,歹,78.10
U+6BA0,殠,78,歹,78.10
U+6BA1,殡,78,歹,78.10
U+6BA2,殢,78,歹,78.11
U+6BA3,殣,78,歹,78.11
U+6BA4,殤,78,歹,78.11
U+6BA5,殥,78,歹,78.11
U+6BA6,殦,78,歹,78.11
U+6BA7,殧,78,歹,78.12
U+6BA8,殨,78,歹,78.12
U+6BA9,殩,78,歹,78.12
U+6BAA,殪,78,歹,78.12
U+6BAB,殫,78,歹,78.12
U+6BAC,殬,78,歹,78.13
U+6BAD,殭,78,歹,78.13
U+6BAE,殮,78,歹,78.13
U+6BAF,殯,78,歹,78.14
U+6BB0,殰,78,歹,78.15
U+6BB1,殱,78,歹,78.15
U+6BB2,殲,78,歹,78.17
U+6BB3,殳,79,殳,79.0
U+6BB4,殴,79,殳,79.4
U+6BB5,段,79,殳,79.5
U+6BB6,殶,79,殳,79.5
U+6BB7,殷,79,殳,79.6
U+6BB8,殸,79,殳,79.7
U+6BB9,殹,79,殳,79.7
U+6BBA,殺,79,殳,79.7
U+6BBB,殻,79,殳,79.7
U+6BBC,殼,79,殳,79.8
U+6BBD,殽,79,殳,79.8
U+6BBE,殾,79,殳,79.9
U+6BBF,殿,79,殳,79.9
U+6BC0,毀,79,殳,79.9
U+6BC1,毁,79,殳,79.9
U+6BC2,毂,79,殳,79.9
U+6BC3,毃,79,殳,79.10
U+6BC4,毄,79,殳,79.10
U+6BC5,毅,79,殳,79.11
U+6BC6,毆,79,殳,79.11
U+6BC7,毇,79,殳,79.12
U+6BC8,毈,79,殳,79.12
U+6BC9,毉,79,殳,79.15
U+6BCA,毊,79,殳,79.19
U+6BCB,毋,80,毋,80.0
U+6BCC,毌,80,毋,80.0
U+6BCD,母,80,毋,80.1
U+6BCE,毎,80,毋,80.2
U+6BCF,每,80,毋,80.3
U+6BD0,毐,80,毋,80.3
U+6BD1,毑,80,毋,80.4
U+6BD2,毒,80,毋,80.4
U+6BD3,毓,80,毋,80.9
U+6BD4,比,81,比,81.0
U+6BD5,毕,81,比,81.2 24.4
U+6BD6,毖,81,比,81.5
U+6BD7,毗,81,比,81.5 102.4
U+6BD8,毘,81,比,81.5
U+6BD9,毙,81,比,81.6
U+6BDA,毚,81,比,81.13
U+6BDB,毛,82,毛,82.0
U+6BDC,毜,82,毛,82.3
U+6BDD,毝,82,毛,82.3
U+6BDE,毞,82,毛,82.4
U+6BDF,毟,82,毛,82.4
U+6BE0,毠,82,毛,82.5
U+6BE1,毡,82,毛,82.5
U+6BE2,毢,82,毛,82.6
U+6BE3,毣,82,毛,82.6
U+6BE4,毤,82,毛,82.6
U+6BE5,毥,82,毛,82.6
U+6BE6,毦,82,毛,82.6
U+6BE7,毧,82,毛,82.6
U+6BE8,毨,82,毛,82.6
U+6BE9,毩,82,毛,82.6
U+6BEA,毪,82,毛,82.6
U+6BEB,毫,82,毛,82.7
U+6BEC,毬,82,毛,82.7
U+6BED,毭,82,毛,82.7
U+6BEE,毮,82,毛,82.7
U+6BEF,毯,82,毛,82.8
U+6BF0,毰,82,毛,82.8
U+6BF1,毱,82,毛,82.8
U+6BF2,毲,82,毛,82.8
U+6BF3,毳,82,毛,82.8
U+6BF4,毴,82,毛,82.8
U+6BF5,毵,82,毛,82.8
U+6BF6,毶,82,毛,82.8
U+6BF7,毷,82,毛,82.9
U+6BF8,毸,82,毛,82.9
U+6BF9,毹,82,毛,82.9
U+6BFA,毺,82,毛,82.9
U+6BFB,毻,82,毛,82.9
U+6BFC,毼,82,毛,82.9
U+6BFD,毽,82,毛,82.9
U+6BFE,毾,82,毛,82.10
U+6BFF,毿,82,毛,82.11
U+6C00,氀,82,毛,82.11
U+6C01,氁,82,毛,82.11
U+6C02,氂,82,毛,82.11
U+6C03,氃,82,毛,82.12
U+6C04,氄,82,毛,82.12
U+6C05,氅,82,毛,82.12
U+6C06,氆,82,毛,82.12
U+6C07,氇,82,毛,82.12
U+6C08,氈,82,毛,82.13
U+6C09,氉,82,毛,82.13
U+6C0A,氊,82,毛,82.13
U+6C0B,氋,82,毛,82.14
U+6C0C,氌,82,毛,82.15
U+6C0D,氍,82,毛,82.18
U+6C0E,氎,82,毛,82.22
U+6C0F,氏,83,氏,83.0
U+6C10,氐,83,氏,83.1
U+6C11,民,83,氏,83.1
U+6C12,氒,83,氏,83.2
U+6C13,氓,83,氏,83.4
U+6C14,气,84,气,84.0
U+6C15,氕,84,气,84.1
U+6C16,氖,84,气,84.2
U+6C17,気,84,气,84.2
U+6C18,氘,84,气,84.2
U+6C19,氙,84,气,84.3
U+6C1A,氚,84,气,84.3
U+6C1B,氛,84,气,84.4
U+6C1C,氜,84,气,84.4
U+6C1D,氝,84,气,84.4
U+6C1E,氞,84,气,84.5
U+6C1F,氟,84,气,84.5
U+6C20,氠,84,气,84.5
U+6C21,氡,84,气,84.5
U+6C22,氢,84,气,84.5
U+6C23,氣,84,气,84.6
U+6C24,氤,84,气,84.6
U+6C25,氥,84,气,84.6
U+6C26,氦,84,气,84.6
U+6C27,氧,84,气,84.6
U+6C28,氨,84,气,84.6
U+6C29,氩,84,气,84.6
U+6C2A,氪,84,气,84.7
U+6C2B,氫,84,气,84.7
U+6C2C,氬,84,气,84.8
U+6C2D,氭,84,气,84.8
U+6C2E,氮,84,气,84.8
U+6C2F,氯,84,气,84.8
U+6C30,氰,84,气,84.8
U+6C31,氱,84,气,84.9
U+6C32,氲,84,气,84.10
U+6C33,氳,84,气,84.10
U+6C34,水,85,水,85.0
U+6C35,氵,85,水,85.0
U+6C36,氶,85,水,85.1
U+6C37,氷,85,水,85.1
U+6C38,永,85,水,85.1
U+6C39,氹,85,水,85.1 5.4
U+6C3A,氺,85,水,85.0
U+6C3B,氻,85,水,85.2
U+6C3C,氼,85,水,85.2
U+6C3D,氽,11,入,11.4 85.2
U+6C3E,氾,85,水,85.2
U+6C3F,氿,85,水,85.2
U+6C40,汀,85,水,85.2
U+6C41,汁,85,水,85.2
U+6C42,求,85,水,85.2
U+6C43,汃,85,水,85.2
U+6C44,汄,85,水,85.2
U+6C45,汅,85,水,85.2
U+6C46,汆,85,水,85.2
U+6C47,汇,85,水,85.2
U+6C48,汈,85,水,85.2
U+6C49,汉,85,水,85.2
U+6C4A,汊,85,水,85.3
U+6C4B,汋,85,水,85.3
U+6C4C,汌,85,水,85.3
U+6C4D,汍,85,水,85.3
U+6C4E,汎,85,水,85.3
U+6C4F,汏,85,水,85.3
U+6C50,汐,85,水,85.3
U+6C51,汑,85,水,85.3
U+6C52,汒,85,水,85.3
U+6C53,汓,85,水,85.3
U+6C54,汔,85,水,85.3
U+6C55,汕,85,水,85.3
U+6C56,汖,85,水,85.3
U+6C57,汗,85,水,85.3
U+6C58,汘,85,水,85.3
U+6C59,汙,85,水,85.3
U+6C5A,汚,85,水,85.3
U+6C5B,汛,85,水,85.3
U+6C5C,汜,85,水,85.3
U+6C5D,汝,85,水,85.3
U+6C5E,汞,85,水,85.3
U+6C5F,江,85,水,85.3
U+6C60,池,85,水,85.3
U+6C61,污,85,水,85.3
U+6C62,汢,85,水,85.3
U+6C63,汣,85,水,85.3
U+6C64,汤,85,水,85.3
U+6C65,汥,85,水,85.4
U+6C66,汦,85,水,85.4
U+6C67,汧,85,水,85.4
U+6C68,汨,85,水,85.4
U+6C69,汩,85,水,85.4
U+6C6A,汪,85,水,85.4
U+6C6B,汫,85,水,85.4
U+6C6C,汬,85,水,85.4
U+6C6D,汭,85,水,85.4
U+6C6E,汮,85,水,85.4
U+6C6F,汯,85,水,85.4
U+6C70,汰,85,水,85.4
U+6C71,汱,85,水,85.4
U+6C72,汲,85,水,85.4
U+6C73,汳,85,水,85.4
U+6C74,汴,85,水,85.4
U+6C75,汵,85,水,85.4
U+6C76,汶,85,水,85.4
U+6C77,汷,85,水,85.3
U+6C78,汸,85,水,85.4
U+6C79,汹,85,水,85.4
U+6C7A,決,85,水,85.4
U+6C7B,汻,85,水,85.4
U+6C7C,汼,85,水,85.4
U+6C7D,汽,85,水,85.4
U+6C7E,汾,85,水,85.4
U+6C7F,汿,85,水,85.4
U+6C80,沀,85,水,85.4
U+6C81,沁,85,水,85.4
U+6C82,沂,85,水,85.4
U+6C83,沃,85,水,85.4
U+6C84,沄,85,水,85.4
U+6C85,沅,85,水,85.4
U+6C86,沆,85,水,85.4
U+6C87,沇,85,水,85.4
U+6C88,沈,85,水,85.4
U+6C89,沉,85,水,85.4
U+6C8A,沊,85,水,85.4
U+6C8B,沋,85,水,85.4
U+6C8C,沌,85,水,85.4
U+6C8D,沍,85,水,85.4
U+6C8E,沎,85,水,85.4
U+6C8F,沏,85,水,85.4
U+6C90,沐,85,水,85.4
U+6C91,沑,85,水,85.4
U+6C92,沒,85,水,85.4
U+6C93,沓,85,水,85.4
U+6C94,沔,85,水,85.4
U+6C95,沕,85,水,85.4
U+6C96,沖,85,水,85.4
U+6C97,沗,85,水,85.4
U+6C98,沘,85,水,85.4
U+6C99,沙,85,水,85.4
U+6C9A,沚,85,水,85.4
U+6C9B,沛,85,水,85.4
U+6C9C,沜,85,水,85.4
U+6C9D,沝,85,水,85.4
U+6C9E,沞,85,水,85.4
U+6C9F,沟,85,水,85.4
U+6CA0,沠,85,水,85.4
U+6CA1,没,85,水,85.4
U+6CA2,沢,85,水,85.4
U+6CA3,沣,85,水,85.4
U+6CA4,沤,85,水,85.4
U+6CA5,沥,85,水,85.4
U+6CA6,沦,85,水,85.4
U+6CA7,沧,85,水,85.4
U+6CA8,沨,85,水,85.4
U+6CA9,沩,85,水,85.4
U+6CAA,沪,85,水,85.4
U+6CAB,沫,85,水,85.5
U+6CAC,沬,85,水,85.5
U+6CAD,沭,85,水,85.5
U+6CAE,沮,85,水,85.5
U+6CAF,沯,85,水,85.5
U+6CB0,沰,85,水,85.5
U+6CB1,沱,85,水,85.5
U+6CB2,沲,85,水,85.5
U+6CB3,河,85,水,85.5
U+6CB4,沴,85,水,85.5
U+6CB5,沵,85,水,85.5
U+6CB6,沶,85,水,85.5
U+6CB7,沷,85,水,85.5
U+6CB8,沸,85,水,85.5
U+6CB9,油,85,水,85.5
U+6CBA,沺,85,水,85.5
U+6CBB,治,85,水,85.5
U+6CBC,沼,85,水,85.5
U+6CBD,沽,85,水,85.5
U+6CBE,沾,85,水,85.5
U+6CBF,沿,85,水,85.5
U+6CC0,泀,85,水,85.5
U+6CC1,況,85,水,85.5
U+6CC2,泂,85,水,85.5
U+6CC3,泃,85,水,85.5
U+6CC4,泄,85,水,85.5
U+6CC5,泅,85,水,85.5
U+6CC6,泆,85,水,85.5
U+6CC7,泇,85,水,85.5
U+6CC8,泈,85,水,85.5
U+6CC9,泉,85,水,85.5
U+6CCA,泊,85,水,85.5
U+6CCB,泋,85,水,85.5
U+6CCC,泌,85,水,85.5
U+6CCD,泍,85,水,85.5
U+6CCE,泎,85,水,85.5
U+6CCF,泏,85,水,85.5
U+6CD0,泐,85,水,85.5
U+6CD1,泑,85,水,85.5
U+6CD2,泒,85,水,85.5
U+6CD3,泓,85,水,85.5
U+6CD4,泔,85,水,85.5
U+6CD5,法,85,水,85.5
U+6CD6,泖,85,水,85.5
U+6CD7,泗,85,水,85.5
U+6CD8,泘,85,水,85.5
U+6CD9,泙,85,水,85.5
U+6CDA,泚,85,水,85.6
U+6CDB,泛,85,水,85.5
U+6CDC,泜,85,水,85.5
U+6CDD,泝,85,水,85.5
U+6CDE,泞,85,水,85.5
U+6CDF,泟,85,水,85.5
U+6CE0,泠,85,水,85.5
U+6CE1,泡,85,水,85.5
U+6CE2,波,85,水,85.5
U+6CE3,泣,85,水,85.5
U+6CE4,泤,85,水,85.5
U+6CE5,泥,85,水,85.5
U+6CE6,泦,85,水,85.5
U+6CE7,泧,85,水,85.5
U+6CE8,注,85,水,85.5
U+6CE9,泩,85,水,85.5
U+6CEA,泪,85,水,85.5
U+6CEB,泫,85,水,85.5
U+6CEC,泬,85,水,85.5
U+6CED,泭,85,水,85.5
U+6CEE,泮,85,水,85.5
U+6CEF,泯,85,水,85.5
U+6CF0,泰,85,水,85.5
U+6CF1,泱,85,水,85.5
U+6CF2,泲,85,水,85.5
U+6CF3,泳,85,水,85.5
U+6CF4,泴,85,水,85.5
U+6CF5,泵,112,石,112.4 85.5
U+6CF6,泶,85,水,85.5
U+6CF7,泷,85,水,85.5
U+6CF8,泸,85,水,85.5
U+6CF9,泹,85,水,85.5
U+6CFA,泺,85,水,85.5
U+6CFB,泻,85,水,85.5
U+6CFC,泼,85,水,85.5
U+6CFD,泽,85,水,85.5
U+6CFE,泾,85,水,85.5
U+6CFF,泿,85,水,85.6
U+6D00,洀,85,水,85.6
U+6D01,洁,85,水,85.6
U+6D02,洂,85,水,85.6
U+6D03,洃,85,水,85.6
U+6D04,洄,85,水,85.6
U+6D05,洅,85,水,85.6
U+6D06,洆,85,水,85.6
U+6D07,洇,85,水,85.6
U+6D08,洈,85,水,85.6
U+6D09,洉,85,水,85.6
U+6D0A,洊,85,水,85.6
U+6D0B,洋,85,水,85.6
U+6D0C,洌,85,水,85.6
U+6D0D,洍,85,水,85.7
U+6D0E,洎,85,水,85.6
U+6D0F,洏,85,水,85.6
U+6D10,洐,85,水,85.6
U+6D11,洑,85,水,85.6
U+6D12,洒,85,水,85.6
U+6D13,洓,85,水,85.6
U+6D14,洔,85,水,85.6
U+6D15,洕,85,水,85.6
U+6D16,洖,85,水,85.7
U+6D17,洗,85,水,85.6
U+6D18,洘,85,水,85.6
U+6D19,洙,85,水,85.6
U+6D1A,洚,85,水,85.6
U+6D1B,洛,85,水,85.6
U+6D1C,洜,85,水,85.6
U+6D1D,洝,85,水,85.6
U+6D1E,洞,85,水,85.6
U+6D1F,洟,85,水,85.6
U+6D20,洠,85,水,85.6
U+6D21,洡,85,水,85.6
U+6D22,洢,85,水,85.6
U+6D23,洣,85,水,85.6
U+6D24,洤,85,水,85.6
U+6D25,津,85,水,85.6
U+6D26,洦,85,水,85.6
U+6D27,洧,85,水,85.6
U+6D28,洨,85,水,85.6
U+6D29,洩,85,水,85.6
U+6D2A,洪,85,水,85.6
U+6D2B,洫,85,水,85.6
U+6D2C,洬,85,水,85.6
U+6D2D,洭,85,水,85.6
U+6D2E,洮,85,水,85.6
U+6D2F,洯,85,水,85.6
U+6D30,洰,85,水,85.6
U+6D31,洱,85,水,85.6
U+6D32,洲,85,水,85.6
U+6D33,洳,85,水,85.6
U+6D34,洴,85,水,85.6
U+6D35,洵,85,水,85.6
U+6D36,洶,85,水,85.6
U+6D37,洷,85,水,85.6
U+6D38,洸,85,水,85.6
U+6D39,洹,85,水,85.6
U+6D3A,洺,85,水,85.6
U+6D3B,活,85,水,85.6
U+6D3C,洼,85,水,85.6
U+6D3D,洽,85,水,85.6
U+6D3E,派,85,水,85.6
U+6D3F,洿,85,水,85.6
U+6D40,浀,85,水,85.6
U+6D41,流,85,水,85.6
U+6D42,浂,85,水,85.6
U+6D43,浃,85,水,85.6
U+6D44,浄,85,水,85.6
U+6D45,浅,85,水,85.6
U+6D46,浆,85,水,85.6
U+6D47,浇,85,水,85.6
U+6D48,浈,85,水,85.6
U+6D49,浉,85,水,85.6
U+6D4A,浊,85,水,85.6
U+6D4B,测,85,水,85.6
U+6D4C,浌,85,水,85.6
U+6D4D,浍,85,水,85.6
U+6D4E,济,85,水,85.6
U+6D4F,浏,85,水,85.6
U+6D50,浐,85,水,85.6
U+6D51,浑,85,水,85.6
U+6D52,浒,85,水,85.6
U+6D53,浓,85,水,85.6
U+6D54,浔,85,水,85.6
U+6D55,浕,85,水,85.6
U+6D56,浖,85,水,85.7
U+6D57,浗,85,水,85.7
U+6D58,浘,85,水,85.7
U+6D59,浙,85,水,85.7
U+6D5A,浚,85,水,85.7
U+6D5B,浛,85,水,85.7
U+6D5C,浜,85,水,85.7
U+6D5D,浝,85,水,85.7
U+6D5E,浞,85,水,85.7
U+6D5F,浟,85,水,85.7
U+6D60,浠,85,水,85.7
U+6D61,浡,85,水,85.7
U+6D62,浢,85,水,85.7
U+6D63,浣,85,水,85.7
U+6D64,浤,85,水,85.7
U+6D65,浥,85,水,85.7
U+6D66,浦,85,水,85.7
U+6D67,浧,85,水,85.7
U+6D68,浨,85,水,85.7
U+6D69,浩,85,水,85.7
U+6D6A,浪,85,水,85.7
U+6D6B,浫,85,水,85.7
U+6D6C,浬,85,水,85.7
U+6D6D,浭,85,水,85.7
U+6D6E,浮,85,水,85.7
U+6D6F,浯,85,水,85.7
U+6D70,浰,85,水,85.7
U+6D71,浱,85,水,85.7
U+6D72,浲,85,水,85.7
U+6D73,浳,85,水,85.7
U+6D74,浴,85,水,85.7
U+6D75,浵,85,水,85.7
U+6D76,浶,85,水,85.7
U+6D77,海,85,水,85.7
U+6D78,浸,85,水,85.7
U+6D79,浹,85,水,85.7
U+6D7A,浺,85,水,85.7
U+6D7B,浻,85,水,85.7
U+6D7C,浼,85,水,85.7
U+6D7D,浽,85,水,85.7
U+6D7E,浾,85,水,85.7
U+6D7F,浿,85,水,85.7
U+6D80,涀,85,水,85.7
U+6D81,涁,85,水,85.7
U+6D82,涂,85,水,85.7
U+6D83,涃,85,水,85.7
U+6D84,涄,85,水,85.7
U+6D85,涅,85,水,85.7
U+6D86,涆,85,水,85.7
U+6D87,涇,85,水,85.7
U+6D88,消,85,水,85.7
U+6D89,涉,85,水,85.7
U+6D8A,涊,85,水,85.7
U+6D8B,涋,85,水,85.7
U+6D8C,涌,85,水,85.7
U+6D8D,涍,85,水,85.7
U+6D8E,涎,85,水,85.7
U+6D8F,涏,85,水,85.7
U+6D90,涐,85,水,85.7
U+6D91,涑,85,水,85.7
U+6D92,涒,85,水,85.7
U+6D93,涓,85,水,85.7
U+6D94,涔,85,水,85.7
U+6D95,涕,85,水,85.7
U+6D96,涖,85,水,85.7
U+6D97,涗,85,水,85.7
U+6D98,涘,85,水,85.7
U+6D99,涙,85,水,85.8
U+6D9A,涚,85,水,85.7
U+6D9B,涛,85,水,85.7
U+6D9C,涜,85,水,85.7
U+6D9D,涝,85,水,85.7
U+6D9E,涞,85,水,85.7
U+6D9F,涟,85,水,85.7
U+6DA0,涠,85,水,85.7
U+6DA1,涡,85,水,85.7
U+6DA2,涢,85,水,85.7
U+6DA3,涣,85,水,85.7
U+6DA4,涤,85,水,85.7
U+6DA5,涥,85,水,85.7
U+6DA6,润,85,水,85.7
U+6DA7,涧,85,水,85.7
U+6DA8,涨,85,水,85.7
U+6DA9,涩,85,水,85.7
U+6DAA,涪,85,水,85.8
U+6DAB,涫,85,水,85.8
U+6DAC,涬,85,水,85.8
U+6DAD,涭,85,水,85.8
U+6DAE,涮,85,水,85.8
U+6DAF,涯,85,水,85.8
U+6DB0,涰,85,水,85.8
U+6DB1,涱,85,水,85.8
U+6DB2,液,85,水,85.8
U+6DB3,涳,85,水,85.8
U+6DB4,涴,85,水,85.8
U+6DB5,涵,85,水,85.8
U+6DB6,涶,85,水,85.8
U+6DB7,涷,85,水,85.8
U+6DB8,涸,85,水,85.8
U+6DB9,涹,85,水,85.8
U+6DBA,涺,85,水,85.8
U+6DBB,涻,85,水,85.8
U+6DBC,涼,85,水,85.8
U+6DBD,涽,85,水,85.8
U+6DBE,涾,85,水,85.8
U+6DBF,涿,85,水,85.8
U+6DC0,淀,85,水,85.8
U+6DC1,淁,85,水,85.8
U+6DC2,淂,85,水,85.8
U+6DC3,淃,85,水,85.8
U+6DC4,淄,85,水,85.8
U+6DC5,淅,85,水,85.8
U+6DC6,淆,85,水,85.8
U+6DC7,淇,85,水,85.8
U+6DC8,淈,85,水,85.8
U+6DC9,淉,85,水,85.8
U+6DCA,淊,85,水,85.8
U+6DCB,淋,85,水,85.8
U+6DCC,淌,85,水,85.8
U+6DCD,淍,85,水,85.8
U+6DCE,淎,85,水,85.8
U+6DCF,淏,85,水,85.8
U+6DD0,淐,85,水,85.8
U+6DD1,淑,85,水,85.8
U+6DD2,淒,85,水,85.8
U+6DD3,淓,85,水,85.8
U+6DD4,淔,85,水,85.8
U+6DD5,淕,85,水,85.8
U+6DD6,淖,85,水,85.8
U+6DD7,淗,85,水,85.8
U+6DD8,淘,85,水,85.8
U+6DD9,淙,85,水,85.8
U+6DDA,淚,85,水,85.8
U+6DDB,淛,85,水,85.8
U+6DDC,淜,85,水,85.8
U+6DDD,淝,85,水,85.8
U+6DDE,淞,85,水,85.8
U+6DDF,淟,85,水,85.8
U+6DE0,淠,85,水,85.8
U+6DE1,淡,85,水,85.8
U+6DE2,淢,85,水,85.8
U+6DE3,淣,85,水,85.8
U+6DE4,淤,85,水,85.8
U+6DE5,淥,85,水,85.8
U+6DE6,淦,85,水,85.8
U+6DE7,淧,85,水,85.8
U+6DE8,淨,85,水,85.8
U+6DE9,淩,85,水,85.8
U+6DEA,淪,85,水,85.8
U+6DEB,淫,85,水,85.8
U+6DEC,淬,85,水,85.8
U+6DED,淭,85,水,85.8
U+6DEE,淮,85,水,85.8
U+6DEF,淯,85,水,85.8
U+6DF0,淰,85,水,85.8
U+6DF1,深,85,水,85.8
U+6DF2,淲,85,水,85.8
U+6DF3,淳,85,水,85.8
U+6DF4,淴,85,水,85.8
U+6DF5,淵,85,水,85.8
U+6DF6,淶,85,水,85.8
U+6DF7,混,85,水,85.8
U+6DF8,淸,85,水,85.8
U+6DF9,淹,85,水,85.8
U+6DFA,淺,85,水,85.8
U+6DFB,添,85,水,85.8
U+6DFC,淼,85,水,85.8
U+6DFD,淽,85,水,85.8
U+6DFE,淾,85,水,85.8
U+6DFF,淿,85,水,85.8
U+6E00,渀,85,水,85.8
U+6E01,渁,85,水,85.8
U+6E02,渂,85,水,85.8
U+6E03,渃,85,水,85.9
U+6E04,渄,85,水,85.8
U+6E05,清,85,水,85.8
U+6E06,渆,85,水,85.8
U+6E07,渇,85,水,85.8
U+6E08,済,85,水,85.8
U+6E09,渉,85,水,85.8
U+6E0A,渊,85,水,85.8
U+6E0B,渋,85,水,85.8
U+6E0C,渌,85,水,85.8
U+6E0D,渍,85,水,85.8
U+6E0E,渎,85,水,85.8
U+6E0F,渏,85,水,85.8
U+6E10,渐,85,水,85.8
U+6E11,渑,85,水,85.8
U+6E12,渒,85,水,85.8
U+6E13,渓,85,水,85.8
U+6E14,渔,85,水,85.8
U+6E15,渕,85,水,85.8
U+6E16,渖,85,水,85.8
U+6E17,渗,85,水,85.8
U+6E18,渘,85,水,85.9
U+6E19,渙,85,水,85.9
U+6E1A,渚,85,水,85.8
U+6E1B,減,85,水,85.9
U+6E1C,渜,85,水,85.9
U+6E1D,渝,85,水,85.9
U+6E1E,渞,85,水,85.9
U+6E1F,渟,85,水,85.9
U+6E20,渠,85,水,85.9 75.8
U+6E21,渡,85,水,85.9
U+6E22,渢,85,水,85.9
U+6E23,渣,85,水,85.9
U+6E24,渤,85,水,85.9
U+6E25,渥,85,水,85.9
U+6E26,渦,85,水,85.9
U+6E27,渧,85,水,85.9
U+6E28,渨,85,水,85.9
U+6E29,温,85,水,85.9
U+6E2A,渪,85,水,85.9
U+6E2B,渫,85,水,85.9
U+6E2C,測,85,水,85.9
U+6E2D,渭,85,水,85.9
U+6E2E,渮,85,水,85.9
U+6E2F,港,85,水,85.9
U+6E30,渰,85,水,85.9
U+6E31,渱,85,水,85.9
U+6E32,渲,85,水,85.9
U+6E33,渳,85,水,85.9
U+6E34,渴,85,水,85.9
U+6E35,渵,85,水,85.9
U+6E36,渶,85,水,85.9
U+6E37,渷,85,水,85.9
U+6E38,游,85,水,85.9
U+6E39,渹,85,水,85.9
U+6E3A,渺,85,水,85.9
U+6E3B,渻,85,水,85.9
U+6E3C,渼,85,水,85.9
U+6E3D,渽,85,水,85.9
U+6E3E,渾,85,水,85.9
U+6E3F,渿,85,水,85.9
U+6E40,湀,85,水,85.9
U+6E41,湁,85,水,85.9
U+6E42,湂,85,水,85.9
U+6E43,湃,85,水,85.9
U+6E44,湄,85,水,85.9
U+6E45,湅,85,水,85.9
U+6E46,湆,85,水,85.9
U+6E47,湇,85,水,85.9
U+6E48,湈,85,水,85.9
U+6E49,湉,85,水,85.9
U+6E4A,湊,85,水,85.9
U+6E4B,湋,85,水,85.9
U+6E4C,湌,85,水,85.9
U+6E4D,湍,85,水,85.9
U+6E4E,湎,85,水,85.9
U+6E4F,湏,85,水,85.9
U+6E50,湐,85,水,85.9
U+6E51,湑,85,水,85.9
U+6E52,湒,85,水,85.9
U+6E53,湓,85,水,85.9
U+6E54,湔,85,水,85.9
U+6E55,湕,85,水,85.9
U+6E56,湖,85,水,85.9
U+6E57,湗,85,水,85.9
U+6E58,湘,85,水,85.9
U+6E59,湙,85,水,85.9
U+6E5A,湚,85,水,85.9
U+6E5B,湛,85,水,85.9
U+6E5C,湜,85,水,85.9
U+6E5D,湝,85,水,85.9
U+6E5E,湞,85,水,85.9
U+6E5F,湟,85,水,85.9
U+6E60,湠,85,水,85.9
U+6E61,湡,85,水,85.9
U+6E62,湢,85,水,85.9
U+6E63,湣,85,水,85.9
U+6E64,湤,85,水,85.9
U+6E65,湥,85,水,85.9
U+6E66,湦,85,水,85.9
U+6E67,湧,85,水,85.9
U+6E68,湨,85,水,85.9
U+6E69,湩,85,水,85.9
U+6E6A,湪,85,水,85.9
U+6E6B,湫,85,水,85.9
U+6E6C,湬,85,水,85.9
U+6E6D,湭,85,水,85.9
U+6E6E,湮,85,水,85.9
U+6E6F,湯,85,水,85.9
U+6E70,湰,85,水,85.9
U+6E71,湱,85,水,85.9
U+6E72,湲,85,水,85.9
U+6E73,湳,85,水,85.9
U+6E74,湴,85,水,85.8
U+6E75,湵,85,水,85.9
U+6E76,湶,85,水,85.9
U+6E77,湷,85,水,85.9
U+6E78,湸,85,水,85.9
U+6E79,湹,85,水,85.9
U+6E7A,湺,85,水,85.9
U+6E7B,湻,85,水,85.9
U+6E7C,湼,85,水,85.9
U+6E7D,湽,85,水,85.9
U+6E7E,湾,85,水,85.9
U+6E7F,湿,85,水,85.9
U+6E80,満,85,水,85.9
U+6E81,溁,85,水,85.10
U+6E82,溂,85,水,85.9
U+6E83,溃,85,水,85.9
U+6E84,溄,85,水,85.9
U+6E85,溅,85,水,85.9
U+6E86,溆,85,水,85.9
U+6E87,溇,85,水,85.9
U+6E88,溈,85,水,85.9
U+6E89,溉,85,水,85.9
U+6E8A,溊,85,水,85.9
U+6E8B,溋,85,水,85.9
U+6E8C,溌,85,水,85.9
U+6E8D,溍,85,水,85.10
U+6E8E,溎,85,水,85.10
U+6E8F,溏,85,水,85.10
U+6E90,源,85,水,85.10
U+6E91,溑,85,水,85.10
U+6E92,溒,85,水,85.10
U+6E93,溓,85,水,85.10
U+6E94,溔,85,水,85.10
U+6E95,溕,85,水,85.10
U+6E96,準,85,水,85.10
U+6E97,溗,85,水,85.10
U+6E98,溘,85,水,85.10
U+6E99,溙,85,水,85.10
U+6E9A,溚,85,水,85.10
U+6E9B,溛,85,水,85.10
U+6E9C,溜,85,水,85.10
U+6E9D,溝,85,水,85.10
U+6E9E,溞,85,水,85.10
U+6E9F,溟,85,水,85.10
U+6EA0,溠,85,水,85.10
U+6EA1,溡,85,水,85.10
U+6EA2,溢,85,水,85.10
U+6EA3,溣,85,水,85.10
U+6EA4,溤,85,水,85.10
U+6EA5,溥,85,水,85.10
U+6EA6,溦,85,水,85.10
U+6EA7,溧,85,水,85.10
U+6EA8,溨,85,水,85.10
U+6EA9,溩,85,水,85.10
U+6EAA,溪,85,水,85.10
U+6EAB,溫,85,水,85.10
U+6EAC,溬,85,水,85.10
U+6EAD,溭,85,水,85.10
U+6EAE,溮,85,水,85.10
U+6EAF,溯,85,水,85.10
U+6EB0,溰,85,水,85.10
U+6EB1,溱,85,水,85.10
U+6EB2,溲,85,水,85.10
U+6EB3,溳,85,水,85.10
U+6EB4,溴,85,水,85.10
U+6EB5,溵,85,水,85.10
U+6EB6,溶,85,水,85.10
U+6EB7,溷,85,水,85.10
U+6EB8,溸,85,水,85.10
U+6EB9,溹,85,水,85.10
U+6EBA,溺,85,水,85.10
U+6EBB,溻,85,水,85.10
U+6EBC,溼,85,水,85.10
U+6EBD,溽,85,水,85.10
U+6EBE,溾,85,水,85.10
U+6EBF,溿,85,水,85.10
U+6EC0,滀,85,水,85.10
U+6EC1,滁,85,水,85.10
U+6EC2,滂,85,水,85.10
U+6EC3,滃,85,水,85.10
U+6EC4,滄,85,水,85.10
U+6EC5,滅,85,水,85.10
U+6EC6,滆,85,水,85.10
U+6EC7,滇,85,水,85.10
U+6EC8,滈,85,水,85.10
U+6EC9,滉,85,水,85.10
U+6ECA,滊,85,水,85.10
U+6ECB,滋,85,水,85.9 85.10
U+6ECC,滌,85,水,85.11
U+6ECD,滍,85,水,85.10
U+6ECE,滎,85,水,85.10
U+6ECF,滏,85,水,85.10
U+6ED0,滐,85,水,85.10
U+6ED1,滑,85,水,85.10
U+6ED2,滒,85,水,85.10
U+6ED3,滓,85,水,85.10
U+6ED4,滔,85,水,85.10
U+6ED5,滕,85,水,85.10
U+6ED6,滖,85,水,85.10
U+6ED7,滗,85,水,85.10
U+6ED8,滘,85,水,85.10
U+6ED9,滙,85,水,85.10
U+6EDA,滚,85,水,85.11
U+6EDB,滛,85,水,85.10
U+6EDC,滜,85,水,85.10
U+6EDD,滝,85,水,85.10
U+6EDE,滞,85,水,85.9
U+6EDF,滟,85,水,85.10
U+6EE0,滠,85,水,85.10
U+6EE1,满,85,水,85.10
U+6EE2,滢,85,水,85.10
U+6EE3,滣,85,水,85.10
U+6EE4,滤,85,水,85.10
U+6EE5,滥,85,水,85.10
U+6EE6,滦,85,水,85.10
U+6EE7,滧,85,水,85.10
U+6EE8,滨,85,水,85.10
U+6EE9,滩,85,水,85.10
U+6EEA,滪,85,水,85.10
U+6EEB,滫,85,水,85.11
U+6EEC,滬,85,水,85.11
U+6EED,滭,85,水,85.11
U+6EEE,滮,85,水,85.11
U+6EEF,滯,85,水,85.11
U+6EF0,滰,85,水,85.11
U+6EF1,滱,85,水,85.11
U+6EF2,滲,85,水,85.11
U+6EF3,滳,85,水,85.11
U+6EF4,滴,85,水,85.11
U+6EF5,滵,85,水,85.11
U+6EF6,滶,85,水,85.11
U+6EF7,滷,85,水,85.11
U+6EF8,滸,85,水,85.11
U+6EF9,滹,85,水,85.11
U+6EFA,滺,85,水,85.11
U+6EFB,滻,85,水,85.11
U+6EFC,滼,85,水,85.11
U+6EFD,滽,85,水,85.11
U+6EFE,滾,85,水,85.11
U+6EFF,滿,85,水,85.11
U+6F00,漀,85,水,85.11
U+6F01,漁,85,水,85.11
U+6F02,漂,85,水,85.11
U+6F03,漃,85,水,85.11
U+6F04,漄,85,水,85.11
U+6F05,漅,85,水,85.11
U+6F06,漆,85,水,85.11
U+6F07,漇,85,水,85.11
U+6F08,漈,85,水,85.11
U+6F09,漉,85,水,85.11
U+6F0A,漊,85,水,85.11
U+6F0B,漋,85,水,85.12
U+6F0C,漌,85,水,85.11
U+6F0D,漍,85,水,85.11
U+6F0E,漎,85,水,85.11
U+6F0F,漏,85,水,85.11
U+6F10,漐,85,水,85.11
U+6F11,漑,85,水,85.11
U+6F12,漒,85,水,85.11
U+6F13,漓,85,水,85.10
U+6F14,演,85,水,85.11
U+6F15,漕,85,水,85.11
U+6F16,漖,85,水,85.11
U+6F17,漗,85,水,85.11
U+6F18,漘,85,水,85.11
U+6F19,漙,85,水,85.11
U+6F1A,漚,85,水,85.11
U+6F1B,漛,85,水,85.11
U+6F1C,漜,85,水,85.11
U+6F1D,漝,85,水,85.11
U+6F1E,漞,85,水,85.11
U+6F1F,漟,85,水,85.11
U+6F20,漠,85,水,85.11
U+6F21,漡,85,水,85.11
U+6F22,漢,85,水,85.11
U+6F23,漣,85,水,85.11
U+6F24,漤,85,水,85.11
U+6F25,漥,85,水,85.11
U+6F26,漦,85,水,85.11
U+6F27,漧,85,水,85.11
U+6F28,漨,85,水,85.11
U+6F29,漩,85,水,85.11
U+6F2A,漪,85,水,85.11
U+6F2B,漫,85,水,85.11
U+6F2C,漬,85,水,85.11
U+6F2D,漭,85,水,85.11
U+6F2E,漮,85,水,85.11
U+6F2F,漯,85,水,85.11
U+6F30,漰,85,水,85.11
U+6F31,漱,85,水,85.11
U+6F32,漲,85,水,85.11
U+6F33,漳,85,水,85.11
U+6F34,漴,85,水,85.11
U+6F35,漵,85,水,85.11
U+6F36,漶,85,水,85.11
U+6F37,漷,85,水,85.11
U+6F38,漸,85,水,85.11
U+6F39,漹,85,水,85.11
U+6F3A,漺,85,水,85.11
U+6F3B,漻,85,水,85.11
U+6F3C,漼,85,水,85.11
U+6F3D,漽,85,水,85.12
U+6F3E,漾,85,水,85.11
U+6F3F,漿,85,水,85.11
U+6F40,潀,85,水,85.11
U+6F41,潁,85,水,85.11
U+6F42,潂,85,水,85.11
U+6F43,潃,85,水,85.11
U+6F44,潄,85,水,85.11
U+6F45,潅,85,水,85.11
U+6F46,潆,85,水,85.11
U+6F47,潇,85,水,85.11
U+6F48,潈,85,水,85.11
U+6F49,潉,85,水,85.11
U+6F4A,潊,85,水,85.11
U+6F4B,潋,85,水,85.11
U+6F4C,潌,85,水,85.11
U+6F4D,潍,85,水,85.11
U+6F4E,潎,85,水,85.12
U+6F4F,潏,85,水,85.12
U+6F50,潐,85,水,85.12
U+6F51,潑,85,水,85.12
U+6F52,潒,85,水,85.12
U+6F53,潓,85,水,85.12
U+6F54,潔,85,水,85.12
U+6F55,潕,85,水,85.12
U+6F56,潖,85,水,85.12
U+6F57,潗,85,水,85.12
U+6F58,潘,85,水,85.12
U+6F59,潙,85,水,85.12
U+6F5A,潚,85,水,85.12
U+6F5B,潛,85,水,85.12
U+6F5C,潜,85,水,85.12
U+6F5D,潝,85,水,85.12
U+6F5E,潞,85,水,85.12
U+6F5F,潟,85,水,85.12
U+6F60,潠,85,水,85.12
U+6F61,潡,85,水,85.12
U+6F62,潢,85,水,85.12
U+6F63,潣,85,水,85.12
U+6F64,潤,85,水,85.12
U+6F65,潥,85,水,85.12
U+6F66,潦,85,水,85.12
U+6F67,潧,85,水,85.12
U+6F68,潨,85,水,85.12
U+6F69,潩,85,水,85.12
U+6F6A,潪,85,水,85.12
U+6F6B,潫,85,水,85.12
U+6F6C,潬,85,水,85.12
U+6F6D,潭,85,水,85.12
U+6F6E,潮,85,水,85.12
U+6F6F,潯,85,水,85.12
U+6F70,潰,85,水,85.12
U+6F71,潱,85,水,85.12
U+6F72,潲,85,水,85.12
U+6F73,潳,85,水,85.12
U+6F74,潴,85,水,85.12
U+6F75,潵,85,水,85.12
U+6F76,潶,85,水,85.12
U+6F77,潷,85,水,85.12
U+6F78,潸,85,水,85.12
U+6F79,潹,85,水,85.12
U+6F7A,潺,85,水,85.12
U+6F7B,潻,85,水,85.12
U+6F7C,潼,85,水,85.12
U+6F7D,潽,85,水,85.12
U+6F7E,潾,85,水,85.12
U+6F7F,潿,85,水,85.12
U+6F80,澀,85,水,85.14
U+6F81,澁,85,水,85.12
U+6F82,澂,85,水,85.12
U+6F83,澃,85,水,85.12
U+6F84,澄,85,水,85.12
U+6F85,澅,85,水,85.12
U+6F86,澆,85,水,85.12
U+6F87,澇,85,水,85.12
U+6F88,澈,85,水,85.12
U+6F89,澉,85,水,85.12
U+6F8A,澊,85,水,85.12
U+6F8B,澋,85,水,85.12
U+6F8C,澌,85,水,85.12
U+6F8D,澍,85,水,85.12
U+6F8E,澎,85,水,85.12
U+6F8F,澏,85,水,85.12
U+6F90,澐,85,水,85.12
U+6F91,澑,85,水,85.12
U+6F92,澒,85,水,85.12
U+6F93,澓,85,水,85.12
U+6F94,澔,85,水,85.12
U+6F95,澕,85,水,85.12
U+6F96,澖,85,水,85.12
U+6F97,澗,85,水,85.12
U+6F98,澘,85,水,85.12
U+6F99,澙,85,水,85.13
U+6F9A,澚,85,水,85.12
U+6F9B,澛,85,水,85.12
U+6F9C,澜,85,水,85.12
U+6F9D,澝,85,水,85.12
U+6F9E,澞,85,水,85.13
U+6F9F,澟,85,水,85.13
U+6FA0,澠,85,水,85.13
U+6FA1,澡,85,水,85.13
U+6FA2,澢,85,水,85.13
U+6FA3,澣,85,水,85.13
U+6FA4,澤,85,水,85.13
U+6FA5,澥,85,水,85.13
U+6FA6,澦,85,水,85.13
U+6FA7,澧,85,水,85.13
U+6FA8,澨,85,水,85.13
U+6FA9,澩,85,水,85.13
U+6FAA,澪,85,水,85.13
U+6FAB,澫,85,水,85.13
U+6FAC,澬,85,水,85.13
U+6FAD,澭,85,水,85.13
U+6FAE,澮,85,水,85.13
U+6FAF,澯,85,水,85.13
U+6FB0,澰,85,水,85.13
U+6FB1,澱,85,水,85.13
U+6FB2,澲,85,水,85.13
U+6FB3,澳,85,水,85.13
U+6FB4,澴,85,水,85.13
U+6FB5,澵,85,水,85.13
U+6FB6,澶,85,水,85.13
U+6FB7,澷,85,水,85.13
U+6FB8,澸,85,水,85.13
U+6FB9,澹,85,水,85.13
U+6FBA,澺,85,水,85.13
U+6FBB,澻,85,水,85.13
U+6FBC,澼,85,水,85.13
U+6FBD,澽,85,水,85.13
U+6FBE,澾,85,水,85.13
U+6FBF,澿,85,水,85.13
U+6FC0,激,85,水,85.13
U+6FC1,濁,85,水,85.13
U+6FC2,濂,85,水,85.13
U+6FC3,濃,85,水,85.13
U+6FC4,濄,85,水,85.13
U+6FC5,濅,85,水,85.13
U+6FC6,濆,85,水,85.13
U+6FC7,濇,85,水,85.13
U+6FC8,濈,85,水,85.13
U+6FC9,濉,85,水,85.13
U+6FCA,濊,85,水,85.13
U+6FCB,濋,85,水,85.13
U+6FCC,濌,85,水,85.13
U+6FCD,濍,85,水,85.13
U+6FCE,濎,85,水,85.13
U+6FCF,濏,85,水,85.13
U+6FD0,濐,85,水,85.12
U+6FD1,濑,85,水,85.13
U+6FD2,濒,85,水,85.13
U+6FD3,濓,85,水,85.13
U+6FD4,濔,85,水,85.14
U+6FD5,濕,85,水,85.14
U+6FD6,濖,85,水,85.13
U+6FD7,濗,85,水,85.14
U+6FD8,濘,85,水,85.14
U+6FD9,濙,85,水,85.14
U+6FDA,濚,85,水,85.14
U+6FDB,濛,85,水,85.14
U+6FDC,濜,85,水,85.14
U+6FDD,濝,85,水,85.14
U+6FDE,濞,85,水,85.14
U+6FDF,濟,85,水,85.14
U+6FE0,濠,85,水,85.14
U+6FE1,濡,85,水,85.14
U+6FE2,濢,85,水,85.14
U+6FE3,濣,85,水,85.14
U+6FE4,濤,85,水,85.14
U+6FE5,濥,85,水,85.14
U+6FE6,濦,85,水,85.14
U+6FE7,濧,85,水,85.14
U+6FE8,濨,85,水,85.14
U+6FE9,濩,85,水,85.14
U+6FEA,濪,85,水,85.14
U+6FEB,濫,85,水,85.14
U+6FEC,濬,85,水,85.14
U+6FED,濭,85,水,85.14
U+6FEE,濮,85,水,85.14
U+6FEF,濯,85,水,85.14
U+6FF0,濰,85,水,85.14
U+6FF1,濱,85,水,85.14
U+6FF2,濲,85,水,85.14
U+6FF3,濳,85,水,85.16
U+6FF4,濴,85,水,85.14
U+6FF5,濵,85,水,85.14
U+6FF6,濶,85,水,85.14
U+6FF7,濷,85,水,85.14
U+6FF8,濸,85,水,85.14
U+6FF9,濹,85,水,85.15
U+6FFA,濺,85,水,85.15
U+6FFB,濻,85,水,85.15
U+6FFC,濼,85,水,85.15
U+6FFD,濽,85,水,85.15
U+6FFE,濾,85,水,85.15
U+6FFF,濿,85,水,85.15
U+7000,瀀,85,水,85.15
U+7001,瀁,85,水,85.15
U+7002,瀂,85,水,85.15
U+7003,瀃,85,水,85.15
U+7004,瀄,85,水,85.15
U+7005,瀅,85,水,85.15
U+7006,瀆,85,水,85.15
U+7007,瀇,85,水,85.15
U+7008,瀈,85,水,85.15
U+7009,瀉,85,水,85.15
U+700A,瀊,85,水,85.15
U+700B,瀋,85,水,85.15
U+700C,瀌,85,水,85.15
U+700D,瀍,85,水,85.15
U+700E,瀎,85,水,85.15
U+700F,瀏,85,水,85.15
U+7010,瀐,85,水,85.15
U+7011,瀑,85,水,85.15
U+7012,瀒,85,水,85.15
U+7013,瀓,85,水,85.15
U+7014,瀔,85,水,85.15
U+7015,瀕,85,水,85.16
U+7016,瀖,85,水,85.16
U+7017,瀗,85,水,85.16
U+7018,瀘,85,水,85.16
U+7019,瀙,85,水,85.16
U+701A,瀚,85,水,85.16
U+701B,瀛,85,水,85.16
U+701C,瀜,85,水,85.16
U+701D,瀝,85,水,85.16
U+701E,瀞,85,水,85.16
U+701F,瀟,85,水,85.16
U+7020,瀠,85,水,85.16
U+7021,瀡,85,水,85.16
U+7022,瀢,85,水,85.16
U+7023,瀣,85,水,85.16
U+7024,瀤,85,水,85.16
U+7025,瀥,85,水,85.16
U+7026,瀦,85,水,85.16
U+7027,瀧,85,水,85.16
U+7028,瀨,85,水,85.16
U+7029,瀩,85,水,85.16
U+702A,瀪,85,水,85.16
U+702B,瀫,85,水,85.16
U+702C,瀬,85,水,85.16
U+702D,瀭,85,水,85.16
U+702E,瀮,85,水,85.16
U+702F,瀯,85,水,85.17
U+7030,瀰,85,水,85.17
U+7031,瀱,85,水,85.17
U+7032,瀲,85,水,85.17
U+7033,瀳,85,水,85.17
U+7034,瀴,85,水,85.17
U+7035,瀵,85,水,85.17
U+7036,瀶,85,水,85.17
U+7037,瀷,85,水,85.17
U+7038,瀸,85,水,85.17
U+7039,瀹,85,水,85.17
U+703A,瀺,85,水,85.17
U+703B,瀻,85,水,85.17
U+703C,瀼,85,水,85.17
U+703D,瀽,85,水,85.17
U+703E,瀾,85,水,85.17
U+703F,瀿,85,水,85.17
U+7040,灀,85,水,85.17
U+7041,灁,85,水,85.17
U+7042,灂,85,水,85.18
U+7043,灃,85,水,85.18
U+7044,灄,85,水,85.18
U+7045,灅,85,水,85.18
U+7046,灆,85,水,85.18
U+7047,灇,85,水,85.18
U+7048,灈,85,水,85.18
U+7049,灉,85,水,85.18
U+704A,灊,85,水,85.18
U+704B,灋,85,水,85.18
U+704C,灌,85,水,85.18
U+704D,灍,85,水,85.18
U+704E,灎,85,水,85.23
U+704F,灏,85,水,85.18
U+7050,灐,85,水,85.18
U+7051,灑,85,水,85.19
U+7052,灒,85,水,85.19
U+7053,灓,85,水,85.19
U+7054,灔,85,水,85.19
U+7055,灕,85,水,85.19
U+7056,灖,85,水,85.19
U+7057,灗,85,水,85.19
U+7058,灘,85,水,85.19
U+7059,灙,85,水,85.20
U+705A,灚,85,水,85.20
U+705B,灛,85,水,85.20
U+705C,灜,85,水,85.20
U+705D,灝,85,水,85.21
U+705E,灞,85,水,85.21
U+705F,灟,85,水,85.21
U+7060,灠,85,水,85.21
U+7061,灡,85,水,85.21
U+7062,灢,85,水,85.22
U+7063,灣,85,水,85.22
U+7064,灤,85,水,85.23
U+7065,灥,85,水,85.23
U+7066,灦,85,水,85.23
U+7067,灧,85,水,85.24
U+7068,灨,85,水,85.24
U+7069,灩,85,水,85.28
U+706A,灪,85,水,85.29
U+706B,火,86,火,86.0
U+706C,灬,86,火,86.0
U+706D,灭,86,火,86.1
U+706E,灮,86,火,86.2
U+706F,灯,86,火,86.2
U+7070,灰,86,火,86.2
U+7071,灱,86,火,86.2
U+7072,灲,86,火,86.2
U+7073,灳,86,火,86.2
U+7074,灴,86,火,86.3
U+7075,灵,86,火,86.3 58.4
U+7076,灶,86,火,86.3
U+7077,灷,86,火,86.3
U+7078,灸,86,火,86.3
U+7079,灹,86,火,86.3
U+707A,灺,86,火,86.3
U+707B,灻,86,火,86.3
U+707C,灼,86,火,86.3
U+707D,災,86,火,86.3
U+707E,灾,86,火,86.3
U+707F,灿,86,火,86.3
U+7080,炀,86,火,86.3
U+7081,炁,86,火,86.4
U+7082,炂,86,火,86.4
U+7083,炃,86,火,86.4
U+7084,炄,86,火,86.4
U+7085,炅,86,火,86.4
U+7086,炆,86,火,86.4
U+7087,炇,86,火,86.2
U+7088,炈,86,火,86.4
U+7089,炉,86,火,86.4
U+708A,炊,86,火,86.4
U+708B,炋,86,火,86.4
U+708C,炌,86,火,86.4
U+708D,炍,86,火,86.4
U+708E,炎,86,火,86.4
U+708F,炏,86,火,86.4
U+7090,炐,86,火,86.4
U+7091,炑,86,火,86.4
U+7092,炒,86,火,86.4
U+7093,炓,86,火,86.4
U+7094,炔,86,火,86.4
U+7095,炕,86,火,86.4
U+7096,炖,86,火,86.4
U+7097,炗,86,火,86.4
U+7098,炘,86,火,86.4
U+7099,炙,86,火,86.4
U+709A,炚,86,火,86.4
U+709B,炛,86,火,86.4
U+709C,炜,86,火,86.4
U+709D,炝,86,火,86.4
U+709E,炞,86,火,86.4
U+709F,炟,86,火,86.5
U+70A0,炠,86,火,86.5
U+70A1,炡,86,火,86.5
U+70A2,炢,86,火,86.5
U+70A3,炣,86,火,86.5
U+70A4,炤,86,火,86.5
U+70A5,炥,86,火,86.5
U+70A6,炦,86,火,86.5
U+70A7,炧,86,火,86.5
U+70A8,炨,86,火,86.5
U+70A9,炩,86,火,86.5
U+70AA,炪,86,火,86.5
U+70AB,炫,86,火,86.5
U+70AC,炬,86,火,86.5
U+70AD,炭,86,火,86.5
U+70AE,炮,86,火,86.5
U+70AF,炯,86,火,86.5
U+70B0,炰,86,火,86.5
U+70B1,炱,86,火,86.5
U+70B2,炲,86,火,86.5
U+70B3,炳,86,火,86.5
U+70B4,炴,86,火,86.5
U+70B5,炵,86,火,86.5
U+70B6,炶,86,火,86.5
U+70B7,炷,86,火,86.5
U+70B8,炸,86,火,86.5
U+70B9,点,86,火,86.5
U+70BA,為,86,火,86.5
U+70BB,炻,86,火,86.5
U+70BC,炼,86,火,86.5
U+70BD,炽,86,火,86.5
U+70BE,炾,86,火,86.5
U+70BF,炿,86,火,86.5
U+70C0,烀,86,火,86.5
U+70C1,烁,86,火,86.5
U+70C2,烂,86,火,86.5
U+70C3,烃,86,火,86.5
U+70C4,烄,86,火,86.6
U+70C5,烅,86,火,86.6
U+70C6,烆,86,火,86.6
U+70C7,烇,86,火,86.6
U+70C8,烈,86,火,86.6
U+70C9,烉,86,火,86.6
U+70CA,烊,86,火,86.6
U+70CB,烋,86,火,86.6
U+70CC,烌,86,火,86.6
U+70CD,烍,86,火,86.6
U+70CE,烎,86,火,86.6
U+70CF,烏,86,火,86.6
U+70D0,烐,86,火,86.6
U+70D1,烑,86,火,86.6
U+70D2,烒,86,火,86.6
U+70D3,烓,86,火,86.6
U+70D4,烔,86,火,86.6
U+70D5,烕,86,火,86.6
U+70D6,烖,86,火,86.6
U+70D7,烗,86,火,86.6
U+70D8,烘,86,火,86.6
U+70D9,烙,86,火,86.6
U+70DA,烚,86,火,86.6
U+70DB,烛,86,火,86.6
U+70DC,烜,86,火,86.6
U+70DD,烝,86,火,86.6
U+70DE,烞,86,火,86.6
U+70DF,烟,86,火,86.6
U+70E0,烠,86,火,86.6
U+70E1,烡,86,火,86.6
U+70E2,烢,86,火,86.6
U+70E3,烣,86,火,86.6
U+70E4,烤,86,火,86.6
U+70E5,烥,86,火,86.6
U+70E6,烦,86,火,86.6
U+70E7,烧,86,火,86.6
U+70E8,烨,86,火,86.6
U+70E9,烩,86,火,86.6
U+70EA,烪,86,火,86.6
U+70EB,烫,86,火,86.6
U+70EC,烬,86,火,86.6
U+70ED,热,86,火,86.6
U+70EE,烮,86,火,86.6
U+70EF,烯,86,火,86.7
U+70F0,烰,86,火,86.7
U+70F1,烱,86,火,86.7
U+70F2,烲,86,火,86.7
U+70F3,烳,86,火,86.7
U+70F4,烴,86,火,86.7
U+70F5,烵,86,火,86.7
U+70F6,烶,86,火,86.7
U+70F7,烷,86,火,86.7
U+70F8,烸,86,火,86.7
U+70F9,烹,86,火,86.7
U+70FA,烺,86,火,86.7
U+70FB,烻,86,火,86.7
U+70FC,烼,86,火,86.7
U+70FD,烽,86,火,86.7
U+70FE,烾,86,火,86.7 32.8
U+70FF,烿,86,火,86.7
U+7100,焀,86,火,86.7
U+7101,焁,86,火,86.7
U+7102,焂,86,火,86.7
U+7103,焃,86,火,86.7
U+7104,焄,86,火,86.7
U+7105,焅,86,火,86.7
U+7106,焆,86,火,86.7
U+7107,焇,86,火,86.7
U+7108,焈,86,火,86.7
U+7109,焉,86,火,86.7
U+710A,焊,86,火,86.7
U+710B,焋,86,火,86.7
U+710C,焌,86,火,86.7
U+710D,焍,86,火,86.7
U+710E,焎,86,火,86.7
U+710F,焏,86,火,86.7
U+7110,焐,86,火,86.7
U+7111,焑,86,火,86.7
U+7112,焒,86,火,86.7
U+7113,焓,86,火,86.7
U+7114,焔,86,火,86.8
U+7115,焕,86,火,86.7
U+7116,焖,86,火,86.7
U+7117,焗,86,火,86.7
U+7118,焘,86,火,86.7
U+7119,焙,86,火,86.8
U+711A,焚,86,火,86.8
U+711B,焛,86,火,86.8
U+711C,焜,86,火,86.8
U+711D,焝,86,火,86.8
U+711E,焞,86,火,86.8
U+711F,焟,86,火,86.8
U+7120,焠,86,火,86.8
U+7121,無,86,火,86.8
U+7122,焢,86,火,86.8
U+7123,焣,86,火,86.8
U+7124,焤,86,火,86.8
U+7125,焥,86,火,86.8
U+7126,焦,86,火,86.8
U+7127,焧,86,火,86.8
U+7128,焨,86,火,86.8
U+7129,焩,86,火,86.8
U+712A,焪,86,火,86.8
U+712B,焫,86,火,86.8
U+712C,焬,86,火,86.8
U+712D,焭,86,火,86.8
U+712E,焮,86,火,86.8
U+712F,焯,86,火,86.8
U+7130,焰,86,火,86.8
U+7131,焱,86,火,86.8
U+7132,焲,86,火,86.8
U+7133,焳,86,火,86.8
U+7134,焴,86,火,86.8
U+7135,焵,86,火,86.8
U+7136,然,86,火,86.8
U+7137,焷,86,火,86.8
U+7138,焸,86,火,86.8
U+7139,焹,86,火,86.8
U+713A,焺,86,火,86.8
U+713B,焻,86,火,86.8
U+713C,焼,86,火,86.8
U+713D,焽,86,火,86.8
U+713E,焾,86,火,86.8
U+713F,焿,86,火,86.8
U+7140,煀,86,火,86.8
U+7141,煁,86,火,86.9
U+7142,煂,86,火,86.9
U+7143,煃,86,火,86.9
U+7144,煄,86,火,86.9
U+7145,煅,86,火,86.9
U+7146,煆,86,火,86.9
U+7147,煇,86,火,86.9
U+7148,煈,86,火,86.9
U+7149,煉,86,火,86.9
U+714A,煊,86,火,86.9
U+714B,煋,86,火,86.9
U+714C,煌,86,火,86.9
U+714D,煍,86,火,86.9
U+714E,煎,86,火,86.9
U+714F,煏,86,火,86.9
U+7150,煐,86,火,86.9
U+7151,煑,86,火,86.9
U+7152,煒,86,火,86.9
U+7153,煓,86,火,86.9
U+7154,煔,86,火,86.9
U+7155,煕,86,火,86.9
U+7156,煖,86,火,86.9
U+7157,煗,86,火,86.9
U+7158,煘,86,火,86.9
U+7159,煙,86,火,86.9
U+715A,煚,86,火,86.9
U+715B,煛,86,火,86.10 109.9
U+715C,煜,86,火,86.9
U+715D,煝,86,火,86.9
U+715E,煞,86,火,86.9
U+715F,煟,86,火,86.9
U+7160,煠,86,火,86.9
U+7161,煡,86,火,86.9
U+7162,煢,86,火,86.9
U+7163,煣,86,火,86.9
U+7164,煤,86,火,86.9
U+7165,煥,86,火,86.9
U+7166,煦,86,火,86.9
U+7167,照,86,火,86.9
U+7168,煨,86,火,86.9
U+7169,煩,86,火,86.9
U+716A,煪,86,火,86.9
U+716B,煫,86,火,86.9
U+716C,煬,86,火,86.9
U+716D,煭,86,火,86.9
U+716E,煮,86,火,86.8
U+716F,煯,86,火,86.9
U+7170,煰,86,火,86.9
U+7171,煱,86,火,86.9
U+7172,煲,86,火,86.9
U+7173,煳,86,火,86.9
U+7174,煴,86,火,86.9
U+7175,煵,86,火,86.9
U+7176,煶,86,火,86.9
U+7177,煷,86,火,86.9
U+7178,煸,86,火,86.9
U+7179,煹,86,火,86.10
U+717A,煺,86,火,86.9
U+717B,煻,86,火,86.10
U+717C,煼,86,火,86.10
U+717D,煽,86,火,86.10
U+717E,煾,86,火,86.10
U+717F,煿,86,火,86.10
U+7180,熀,86,火,86.10
U+7181,熁,86,火,86.10
U+7182,熂,86,火,86.10
U+7183,熃,86,火,86.10
U+7184,熄,86,火,86.10
U+7185,熅,86,火,86.10
U+7186,熆,86,火,86.10
U+7187,熇,86,火,86.10
U+7188,熈,86,火,86.10
U+7189,熉,86,火,86.10
U+718A,熊,86,火,86.10
U+718B,熋,86,火,86.10
U+718C,熌,86,火,86.10
U+718D,熍,86,火,86.10
U+718E,熎,86,火,86.10
U+718F,熏,86,火,86.10
U+7190,熐,86,火,86.10
U+7191,熑,86,火,86.10
U+7192,熒,86,火,86.10
U+7193,熓,86,火,86.10
U+7194,熔,86,火,86.10
U+7195,熕,86,火,86.10
U+7196,熖,86,火,86.10
U+7197,熗,86,火,86.10
U+7198,熘,86,火,86.10
U+7199,熙,86,火,86.10
U+719A,熚,86,火,86.11
U+719B,熛,86,火,86.11
U+719C,熜,86,火,86.11
U+719D,熝,86,火,86.11
U+719E,熞,86,火,86.11
U+719F,熟,86,火,86.11
U+71A0,熠,86,火,86.11
U+71A1,熡,86,火,86.11
U+71A2,熢,86,火,86.11
U+71A3,熣,86,火,86.11
U+71A4,熤,86,火,86.11
U+71A5,熥,86,火,86.11
U+71A6,熦,86,火,86.10
U+71A7,熧,86,火,86.11
U+71A8,熨,86,火,86.11
U+71A9,熩,86,火,86.11
U+71AA,熪,86,火,86.11
U+71AB,熫,86,火,86.11
U+71AC,熬,86,火,86.11
U+71AD,熭,86,火,86.11
U+71AE,熮,86,火,86.11
U+71AF,熯,86,火,86.11
U+71B0,熰,86,火,86.11
U+71B1,熱,86,火,86.11
U+71B2,熲,86,火,86.11
U+71B3,熳,86,火,86.11
U+71B4,熴,86,火,86.11
U+71B5,熵,86,火,86.11
U+71B6,熶,86,火,86.12
U+71B7,熷,86,火,86.12
U+71B8,熸,86,火,86.12
U+71B9,熹,86,火,86.12
U+71BA,熺,86,火,86.12
U+71BB,熻,86,火,86.12
U+71BC,熼,86,火,86.12
U+71BD,熽,86,火,86.12
U+71BE,熾,86,火,86.12
U+71BF,熿,86,火,86.12
U+71C0,燀,86,火,86.12
U+71C1,燁,86,火,86.12
U+71C2,燂,86,火,86.12
U+71C3,燃,86,火,86.12
U+71C4,燄,86,火,86.12
U+71C5,燅,86,火,86.12
U+71C6,燆,86,火,86.12
U+71C7,燇,86,火,86.12
U+71C8,燈,86,火,86.12
U+71C9,燉,86,火,86.12
U+71CA,燊,86,火,86.12
U+71CB,燋,86,火,86.12
U+71CC,燌,86,火,86.12
U+71CD,燍,86,火,86.12
U+71CE,燎,86,火,86.12
U+71CF,燏,86,火,86.12
U+71D0,燐,86,火,86.12
U+71D1,燑,86,火,86.12
U+71D2,燒,86,火,86.12
U+71D3,燓,86,火,86.12
U+71D4,燔,86,火,86.12
U+71D5,燕,86,火,86.12
U+71D6,燖,86,火,86.12
U+71D7,燗,86,火,86.12
U+71D8,燘,86,火,86.12
U+71D9,燙,86,火,86.12
U+71DA,燚,86,火,86.12
U+71DB,燛,86,火,86.12
U+71DC,燜,86,火,86.12
U+71DD,燝,86,火,86.12
U+71DE,燞,86,火,86.12
U+71DF,營,86,火,86.13
U+71E0,燠,86,火,86.13
U+71E1,燡,86,火,86.13
U+71E2,燢,86,火,86.13
U+71E3,燣,86,火,86.13
U+71E4,燤,86,火,86.13
U+71E5,燥,86,火,86.13
U+71E6,燦,86,火,86.13
U+71E7,燧,86,火,86.13
U+71E8,燨,86,火,86.13
U+71E9,燩,86,火,86.13
U+71EA,燪,86,火,86.13
U+71EB,燫,86,火,86.13
U+71EC,燬,86,火,86.13
U+71ED,燭,86,火,86.13
U+71EE,燮,86,火,86.13
U+71EF,燯,86,火,86.13
U+71F0,燰,86,火,86.13
U+71F1,燱,86,火,86.13
U+71F2,燲,86,火,86.13
U+71F3,燳,86,火,86.13
U+71F4,燴,86,火,86.13
U+71F5,燵,86,火,86.13
U+71F6,燶,86,火,86.13
U+71F7,燷,86,火,86.13
U+71F8,燸,86,火,86.14
U+71F9,燹,86,火,86.14
U+71FA,燺,86,火,86.14
U+71FB,燻,86,火,86.14
U+71FC,燼,86,火,86.14
U+71FD,燽,86,火,86.14
U+71FE,燾,86,火,86.14
U+71FF,燿,86,火,86.14
U+7200,爀,86,火,86.14
U+7201,爁,86,火,86.14
U+7202,爂,86,火,86.14
U+7203,爃,86,火,86.14
U+7204,爄,86,火,86.15
U+7205,爅,86,火,86.15
U+7206,爆,86,火,86.15
U+7207,爇,86,火,86.15
U+7208,爈,86,火,86.15
U+7209,爉,86,火,86.15
U+720A,爊,86,火,86.15
U+720B,爋,86,火,86.16
U+720C,爌,86,火,86.15
U+720D,爍,86,火,86.15
U+720E,爎,86,火,86.15
U+720F,爏,86,火,86.16
U+7210,爐,86,火,86.16
U+7211,爑,86,火,86.16
U+7212,爒,86,火,86.16
U+7213,爓,86,火,86.16
U+7214,爔,86,火,86.16
U+7215,爕,86,火,86.15
U+7216,爖,86,火,86.16
U+7217,爗,86,火,86.16
U+7218,爘,86,火,86.16
U+7219,爙,86,火,86.17
U+721A,爚,86,火,86.17
U+721B,爛,86,火,86.17
U+721C,爜,86,火,86.18
U+721D,爝,86,火,86.18
U+721E,爞,86,火,86.18
U+721F,爟,86,火,86.18
U+7220,爠,86,火,86.18
U+7221,爡,86,火,86.19
U+7222,爢,86,火,86.19
U+7223,爣,86,火,86.20
U+7224,爤,86,火,86.21
U+7225,爥,86,火,86.21
U+7226,爦,86,火,86.21
U+7227,爧,86,火,86.24
U+7228,爨,86,火,86.25
U+7229,爩,86,火,86.29
U+722A,爪,87,爪,87.0
U+722B,爫,87,爪,87.0
U+722C,爬,87,爪,87.4
U+722D,爭,87,爪,87.4
U+722E,爮,87,爪,87.5
U+722F,爯,87,爪,87.5
U+7230,爰,87,爪,87.5
U+7231,爱,87,爪,87.6
U+7232,爲,87,爪,87.8
U+7233,爳,87,爪,87.10
U+7234,爴,87,爪,87.11
U+7235,爵,87,爪,87.14
U+7236,父,88,父,88.0
U+7237,爷,88,父,88.2
U+7238,爸,88,父,88.4
U+7239,爹,88,父,88.6
U+723A,爺,88,父,88.9
U+723B,爻,89,爻,89.0
U+723C,爼,89,爻,89.5
U+723D,爽,89,爻,89.7
U+723E,爾,89,爻,89.10
U+723F,爿,90,爿,90.0
U+7240,牀,90,爿,90.4
U+7241,牁,90,爿,90.5
U+7242,牂,90,爿,90.6
U+7243,牃,90,爿,90.9
U+7244,牄,90,爿,90.10
U+7245,牅,90,爿,90.11
U+7246,牆,90,爿,90.13
U+7247,片,91,片,91.0
U+7248,版,91,片,91.4
U+7249,牉,91,片,91.5
U+724A,牊,91,片,91.5
U+724B,牋,91,片,91.8
U+724C,牌,91,片,91.8
U+724D,牍,91,片,91.8
U+724E,牎,91,片,91.9
U+724F,牏,91,片,91.9
U+7250,牐,91,片,91.9
U+7251,牑,91,片,91.9
U+7252,牒,91,片,91.9
U+7253,牓,91,片,91.10
U+7254,牔,91,片,91.10
U+7255,牕,91,片,91.11
U+7256,牖,91,片,91.11
U+7257,牗,91,片,91.11
U+7258,牘,91,片,91.15
U+7259,牙,92,牙,92.0
U+725A,牚,92,牙,92.8
U+725B,牛,93,牛,93.0
U+725C,牜,93,牛,93.0
U+725D,牝,93,牛,93.2
U+725E,牞,93,牛,93.2
U+725F,牟,93,牛,93.2
U+7260,牠,93,牛,93.3
U+7261,牡,93,牛,93.3
U+7262,牢,93,牛,93.3 40.4
U+7263,牣,93,牛,93.3
U+7264,牤,93,牛,93.3
U+7265,牥,93,牛,93.4
U+7266,牦,93,牛,93.4
U+7267,牧,93,牛,93.4
U+7268,牨,93,牛,93.4
U+7269,物,93,牛,93.4
U+726A,牪,93,牛,93.4
U+726B,牫,93,牛,93.4
U+726C,牬,93,牛,93.4
U+726D,牭,93,牛,93.5
U+726E,牮,93,牛,93.5
U+726F,牯,93,牛,93.5
U+7270,牰,93,牛,93.5
U+7271,牱,93,牛,93.5
U+7272,牲,93,牛,93.5
U+7273,牳,93,牛,93.5
U+7274,牴,93,牛,93.5
U+7275,牵,93,牛,93.5 37.6
U+7276,牶,93,牛,93.6
U+7277,牷,93,牛,93.6
U+7278,牸,93,牛,93.6
U+7279,特,93,牛,93.6
U+727A,牺,93,牛,93.6
U+727B,牻,93,牛,93.7
U+727C,牼,93,牛,93.7
U+727D,牽,93,牛,93.7
U+727E,牾,93,牛,93.7
U+727F,牿,93,牛,93.7
U+7280,犀,93,牛,93.8
U+7281,犁,93,牛,93.7
U+7282,犂,93,牛,93.8
U+7283,犃,93,牛,93.8
U+7284,犄,93,牛,93.8
U+7285,犅,93,牛,93.8
U+7286,犆,93,牛,93.8
U+7287,犇,93,牛,93.8
U+7288,犈,93,牛,93.8
U+7289,犉,93,牛,93.8
U+728A,犊,93,牛,93.8
U+728B,犋,93,牛,93.8
U+728C,犌,93,牛,93.9
U+728D,犍,93,牛,93.9
U+728E,犎,93,牛,93.9
U+728F,犏,93,牛,93.9
U+7290,犐,93,牛,93.9
U+7291,犑,93,牛,93.9
U+7292,犒,93,牛,93.10
U+7293,犓,93,牛,93.10
U+7294,犔,93,牛,93.10
U+7295,犕,93,牛,93.10
U+7296,犖,93,牛,93.10
U+7297,犗,93,牛,93.10
U+7298,犘,93,牛,93.11
U+7299,犙,93,牛,93.11
U+729A,犚,93,牛,93.11
U+729B,犛,93,牛,93.11
U+729C,犜,93,牛,93.12
U+729D,犝,93,牛,93.12
U+729E,犞,93,牛,93.12
U+729F,犟,93,牛,93.12
U+72A0,犠,93,牛,93.13
U+72A1,犡,93,牛,93.15
U+72A2,犢,93,牛,93.15
U+72A3,犣,93,牛,93.15
U+72A4,犤,93,牛,93.15
U+72A5,犥,93,牛,93.15
U+72A6,犦,93,牛,93.15
U+72A7,犧,93,牛,93.16
U+72A8,犨,93,牛,93.16
U+72A9,犩,93,牛,93.18
U+72AA,犪,93,牛,93.20
U+72AB,犫,93,牛,93.23
U+72AC,犬,94,犬,94.0
U+72AD,犭,94,犬,94.0
U+72AE,犮,94,犬,94.1
U+72AF,犯,94,犬,94.2
U+72B0,犰,94,犬,94.2
U+72B1,犱,94,犬,94.3
U+72B2,犲,94,犬,94.3
U+72B3,犳,94,犬,94.3
U+72B4,犴,94,犬,94.3
U+72B5,犵,94,犬,94.3
U+72B6,状,94,犬,94.3 90.4
U+72B7,犷,94,犬,94.3
U+72B8,犸,94,犬,94.3
U+72B9,犹,94,犬,94.4
U+72BA,犺,94,犬,94.4
U+72BB,犻,94,犬,94.4
U+72BC,犼,94,犬,94.4
U+72BD,犽,94,犬,94.4
U+72BE,犾,94,犬,94.4
U+72BF,犿,94,犬,94.4
U+72C0,狀,94,犬,94.4
U+72C1,狁,94,犬,94.4
U+72C2,狂,94,犬,94.4
U+72C3,狃,94,犬,94.4
U+72C4,狄,94,犬,94.4
U+72C5,狅,94,犬,94.4
U+72C6,狆,94,犬,94.4
U+72C7,狇,94,犬,94.4
U+72C8,狈,94,犬,94.4
U+72C9,狉,94,犬,94.5
U+72CA,狊,94,犬,94.5
U+72CB,狋,94,犬,94.5
U+72CC,狌,94,犬,94.5
U+72CD,狍,94,犬,94.5
U+72CE,狎,94,犬,94.5
U+72CF,狏,94,犬,94.5
U+72D0,狐,94,犬,94.5
U+72D1,狑,94,犬,94.5
U+72D2,狒,94,犬,94.5
U+72D3,狓,94,犬,94.5
U+72D4,狔,94,犬,94.5
U+72D5,狕,94,犬,94.5
U+72D6,狖,94,犬,94.5
U+72D7,狗,94,犬,94.5
U+72D8,狘,94,犬,94.5
U+72D9,狙,94,犬,94.5
U+72DA,狚,94,犬,94.5
U+72DB,狛,94,犬,94.5
U+72DC,狜,94,犬,94.5
U+72DD,狝,94,犬,94.5
U+72DE,狞,94,犬,94.5
U+72DF,狟,94,犬,94.6
U+72E0,狠,94,犬,94.6
U+72E1,狡,94,犬,94.6
U+72E2,狢,94,犬,94.6
U+72E3,狣,94,犬,94.6
U+72E4,狤,94,犬,94.6
U+72E5,狥,94,犬,94.6
U+72E6,狦,94,犬,94.6
U+72E7,狧,94,犬,94.6
U+72E8,狨,94,犬,94.6
U+72E9,狩,94,犬,94.6
U+72EA,狪,94,犬,94.6
U+72EB,狫,94,犬,94.6
U+72EC,独,94,犬,94.6
U+72ED,狭,94,犬,94.6
U+72EE,狮,94,犬,94.6
U+72EF,狯,94,犬,94.6
U+72F0,狰,94,犬,94.6
U+72F1,狱,94,犬,94.6
U+72F2,狲,94,犬,94.6
U+72F3,狳,94,犬,94.7
U+72F4,狴,94,犬,94.7
U+72F5,狵,94,犬,94.7
U+72F6,狶,94,犬,94.7
U+72F7,狷,94,犬,94.7
U+72F8,狸,94,犬,94.7
U+72F9,狹,94,犬,94.7
U+72FA,狺,94,犬,94.7
U+72FB,狻,94,犬,94.7
U+72FC,狼,94,犬,94.7
U+72FD,狽,94,犬,94.7
U+72FE,狾,94,犬,94.7
U+72FF,狿,94,犬,94.7
U+7300,猀,94,犬,94.7
U+7301,猁,94,犬,94.7
U+7302,猂,94,犬,94.7
U+7303,猃,94,犬,94.7
U+7304,猄,94,犬,94.8
U+7305,猅,94,犬,94.8
U+7306,猆,94,犬,94.8
U+7307,猇,94,犬,94.8
U+7308,猈,94,犬,94.8
U+7309,猉,94,犬,94.8
U+730A,猊,94,犬,94.8
U+730B,猋,94,犬,94.8
U+730C,猌,94,犬,94.8
U+730D,猍,94,犬,94.8
U+730E,猎,94,犬,94.8
U+730F,猏,94,犬,94.8
U+7310,猐,94,犬,94.8
U+7311,猑,94,犬,94.8
U+7312,猒,94,犬,94.8
U+7313,猓,94,犬,94.8
U+7314,猔,94,犬,94.8
U+7315,猕,94,犬,94.8
U+7316,猖,94,犬,94.8
U+7317,猗,94,犬,94.8
U+7318,猘,94,犬,94.8
U+7319,猙,94,犬,94.8
U+731A,猚,94,犬,94.8
U+731B,猛,94,犬,94.8
U+731C,猜,94,犬,94.8
U+731D,猝,94,犬,94.8
U+731E,猞,94,犬,94.8
U+731F,猟,94,犬,94.8
U+7320,猠,94,犬,94.8
U+7321,猡,94,犬,94.8
U+7322,猢,94,犬,94.9
U+7323,猣,94,犬,94.9
U+7324,猤,94,犬,94.9
U+7325,猥,94,犬,94.9
U+7326,猦,94,犬,94.9
U+7327,猧,94,犬,94.9
U+7328,猨,94,犬,94.9
U+7329,猩,94,犬,94.9
U+732A,猪,94,犬,94.8 94.9
U+732B,猫,94,犬,94.9
U+732C,猬,94,犬,94.9
U+732D,猭,94,犬,94.9
U+732E,献,94,犬,94.9
U+732F,猯,94,犬,94.9
U+7330,猰,94,犬,94.9
U+7331,猱,94,犬,94.9
U+7332,猲,94,犬,94.9
U+7333,猳,94,犬,94.9
U+7334,猴,94,犬,94.9
U+7335,猵,94,犬,94.9
U+7336,猶,94,犬,94.9
U+7337,猷,94,犬,94.9
U+7338,猸,94,犬,94.9
U+7339,猹,94,犬,94.9
U+733A,猺,94,犬,94.10
U+733B,猻,94,犬,94.10
U+733C,猼,94,犬,94.10
U+733D,猽,94,犬,94.10
U+733E,猾,94,犬,94.10
U+733F,猿,94,犬,94.10
U+7340,獀,94,犬,94.10
U+7341,獁,94,犬,94.9
U+7342,獂,94,犬,94.10
U+7343,獃,94,犬,94.10
U+7344,獄,94,犬,94.11
U+7345,獅,94,犬,94.10
U+7346,獆,94,犬,94.10
U+7347,獇,94,犬,94.10
U+7348,獈,94,犬,94.10
U+7349,獉,94,犬,94.10
U+734A,獊,94,犬,94.10
U+734B,獋,94,犬,94.12
U+734C,獌,94,犬,94.11
U+734D,獍,94,犬,94.11
U+734E,獎,94,犬,94.11
U+734F,獏,94,犬,94.11
U+7350,獐,94,犬,94.11
U+7351,獑,94,犬,94.11
U+7352,獒,94,犬,94.11
U+7353,獓,94,犬,94.11
U+7354,獔,94,犬,94.11
U+7355,獕,94,犬,94.11
U+7356,獖,94,犬,94.12
U+7357,獗,94,犬,94.12
U+7358,獘,94,犬,94.12
U+7359,獙,94,犬,94.12
U+735A,獚,94,犬,94.12
U+735B,獛,94,犬,94.12
U+735C,獜,94,犬,94.12
U+735D,獝,94,犬,94.12
U+735E,獞,94,犬,94.12
U+735F,獟,94,犬,94.12
U+7360,獠,94,犬,94.12
U+7361,獡,94,犬,94.12
U+7362,獢,94,犬,94.12
U+7363,獣,94,犬,94.12
U+7364,獤,94,犬,94.12
U+7365,獥,94,犬,94.13
U+7366,獦,94,犬,94.13
U+7367,獧,94,犬,94.13
U+7368,獨,94,犬,94.13
U+7369,獩,94,犬,94.13
U+736A,獪,94,犬,94.13
U+736B,獫,94,犬,94.13
U+736C,獬,94,犬,94.13
U+736D,獭,94,犬,94.13
U+736E,獮,94,犬,94.14
U+736F,獯,94,犬,94.14
U+7370,獰,94,犬,94.14
U+7371,獱,94,犬,94.14
U+7372,獲,94,犬,94.14
U+7373,獳,94,犬,94.14
U+7374,獴,94,犬,94.14
U+7375,獵,94,犬,94.15
U+7376,獶,94,犬,94.15
U+7377,獷,94,犬,94.15
U+7378,獸,94,犬,94.15
U+7379,獹,94,犬,94.16
U+737A,獺,94,犬,94.16
U+737B,獻,94,犬,94.16
U+737C,獼,94,犬,94.17
U+737D,獽,94,犬,94.17
U+737E,獾,94,犬,94.18
U+737F,獿,94,犬,94.18
U+7380,玀,94,犬,94.19
U+7381,玁,94,犬,94.20
U+7382,玂,94,犬,94.20
U+7383,玃,94,犬,94.20
U+7384,玄,95,玄,95.0
U+7385,玅,95,玄,95.4
U+7386,玆,95,玄,95.5
U+7387,率,95,玄,95.6
U+7388,玈,95,玄,95.6
U+7389,玉,96,玉,96.0
U+738A,玊,96,玉,96.1 96.0
U+738B,王,96,玉,96.-1
U+738C,玌,96,玉,96.1
U+738D,玍,96,玉,96.1 32.2
U+738E,玎,96,玉,96.2
U+738F,玏,96,玉,96.2
U+7390,玐,96,玉,96.2
U+7391,玑,96,玉,96.2
U+7392,玒,96,玉,96.3
U+7393,玓,96,玉,96.3
U+7394,玔,96,玉,96.3
U+7395,玕,96,玉,96.3
U+7396,玖,96,玉,96.3
U+7397,玗,96,玉,96.3
U+7398,玘,96,玉,96.3
U+7399,玙,96,玉,96.3
U+739A,玚,96,玉,96.3
U+739B,玛,96,玉,96.3
U+739C,玜,96,玉,96.4
U+739D,玝,96,玉,96.4
U+739E,玞,96,玉,96.4
U+739F,玟,96,玉,96.4
U+73A0,玠,96,玉,96.4
U+73A1,玡,96,玉,96.4
U+73A2,玢,96,玉,96.4
U+73A3,玣,96,玉,96.4
U+73A4,玤,96,玉,96.4
U+73A5,玥,96,玉,96.4
U+73A6,玦,96,玉,96.4
U+73A7,玧,96,玉,96.4
U+73A8,玨,96,玉,96.4
U+73A9,玩,96,玉,96.4
U+73AA,玪,96,玉,96.4
U+73AB,玫,96,玉,96.4
U+73AC,玬,96,玉,96.4
U+73AD,玭,96,玉,96.4
U+73AE,玮,96,玉,96.4
U+73AF,环,96,玉,96.4
U+73B0,现,96,玉,96.4
U+73B1,玱,96,玉,96.4
U+73B2,玲,96,玉,96.5
U+73B3,玳,96,玉,96.5
U+73B4,玴,96,玉,96.5
U+73B5,玵,96,玉,96.5
U+73B6,玶,96,玉,96.5
U+73B7,玷,96,玉,96.5
U+73B8,玸,96,玉,96.5
U+73B9,玹,96,玉,96.5
U+73BA,玺,96,玉,96.5
U+73BB,玻,96,玉,96.5
U+73BC,玼,96,玉,96.5
U+73BD,玽,96,玉,96.5
U+73BE,玾,96,玉,96.5
U+73BF,玿,96,玉,96.5
U+73C0,珀,96,玉,96.5
U+73C1,珁,96,玉,96.5
U+73C2,珂,96,玉,96.5
U+73C3,珃,96,玉,96.5
U+73C4,珄,96,玉,96.5
U+73C5,珅,96,玉,96.5
U+73C6,珆,96,玉,96.5
U+73C7,珇,96,玉,96.5
U+73C8,珈,96,玉,96.5
U+73C9,珉,96,玉,96.5
U+73CA,珊,96,玉,96.5
U+73CB,珋,96,玉,96.5
U+73CC,珌,96,玉,96.5
U+73CD,珍,96,玉,96.5
U+73CE,珎,96,玉,96.5
U+73CF,珏,96,玉,96.5
U+73D0,珐,96,玉,96.5
U+73D1,珑,96,玉,96.5
U+73D2,珒,96,玉,96.6
U+73D3,珓,96,玉,96.6
U+73D4,珔,96,玉,96.6
U+73D5,珕,96,玉,96.6
U+73D6,珖,96,玉,96.6
U+73D7,珗,96,玉,96.6
U+73D8,珘,96,玉,96.6
U+73D9,珙,96,玉,96.6
U+73DA,珚,96,玉,96.6
U+73DB,珛,96,玉,96.6
U+73DC,珜,96,玉,96.6
U+73DD,珝,96,玉,96.6
U+73DE,珞,96,玉,96.6
U+73DF,珟,96,玉,96.6
U+73E0,珠,96,玉,96.6
U+73E1,珡,96,玉,96.6
U+73E2,珢,96,玉,96.6
U+73E3,珣,96,玉,96.6
U+73E4,珤,96,玉,96.6
U+73E5,珥,96,玉,96.6
U+73E6,珦,96,玉,96.6
U+73E7,珧,96,玉,96.6
U+73E8,珨,96,玉,96.6
U+73E9,珩,96,玉,96.6
U+73EA,珪,96,玉,96.6
U+73EB,珫,96,玉,96.6
U+73EC,珬,96,玉,96.6
U+73ED,班,96,玉,96.6
U+73EE,珮,96,玉,96.6
U+73EF,珯,96,玉,96.6
U+73F0,珰,96,玉,96.6
U+73F1,珱,96,玉,96.6
U+73F2,珲,96,玉,96.6
U+73F3,珳,96,玉,96.7
U+73F4,珴,96,玉,96.7
U+73F5,珵,96,玉,96.7
U+73F6,珶,96,玉,96.7
U+73F7,珷,96,玉,96.8
U+73F8,珸,96,玉,96.7
U+73F9,珹,96,玉,96.7
U+73FA,珺,96,玉,96.7
U+73FB,珻,96,玉,96.7
U+73FC,珼,96,玉,96.7
U+73FD,珽,96,玉,96.7
U+73FE,現,96,玉,96.7
U+73FF,珿,96,玉,96.7
U+7400,琀,96,玉,96.7
U+7401,琁,96,玉,96.7
U+7402,琂,96,玉,96.7
U+7403,球,96,玉,96.7
U+7404,琄,96,玉,96.7
U+7405,琅,96,玉,96.7
U+7406,理,96,玉,96.7
U+7407,琇,96,玉,96.7
U+7408,琈,96,玉,96.7
U+7409,琉,96,玉,96.6 96.7
U+740A,琊,96,玉,96.7
U+740B,琋,96,玉,96.7
U+740C,琌,96,玉,96.7
U+740D,琍,96,玉,96.7
U+740E,琎,96,玉,96.7
U+740F,琏,96,玉,96.7
U+7410,琐,96,玉,96.7
U+7411,琑,96,玉,96.7
U+7412,琒,96,玉,96.7
U+7413,琓,96,玉,96.7
U+7414,琔,96,玉,96.8
U+7415,琕,96,玉,96.8
U+7416,琖,96,玉,96.8
U+7417,琗,96,玉,96.8
U+7418,琘,96,玉,96.8
U+7419,琙,96,玉,96.8
U+741A,琚,96,玉,96.8
U+741B,琛,96,玉,96.8
U+741C,琜,96,玉,96.8
U+741D,琝,96,玉,96.8
U+741E,琞,96,玉,96.9
U+741F,琟,96,玉,96.8
U+7420,琠,96,玉,96.8
U+7421,琡,96,玉,96.8
U+7422,琢,96,玉,96.8
U+7423,琣,96,玉,96.8
U+7424,琤,96,玉,96.8
U+7425,琥,96,玉,96.8
U+7426,琦,96,玉,96.8
U+7427,琧,96,玉,96.8
U+7428,琨,96,玉,96.8
U+7429,琩,96,玉,96.8
U+742A,琪,96,玉,96.8
U+742B,琫,96,玉,96.8
U+742C,琬,96,玉,96.8
U+742D,琭,96,玉,96.8
U+742E,琮,96,玉,96.8
U+742F,琯,96,玉,96.8
U+7430,琰,96,玉,96.8
U+7431,琱,96,玉,96.8
U+7432,琲,96,玉,96.8
U+7433,琳,96,玉,96.8
U+7434,琴,96,玉,96.8
U+7435,琵,96,玉,96.8
U+7436,琶,96,玉,96.8
U+7437,琷,96,玉,96.8
U+7438,琸,96,玉,96.8
U+7439,琹,96,玉,96.8
U+743A,琺,96,玉,96.8
U+743B,琻,96,玉,96.8
U+743C,琼,96,玉,96.8
U+743D,琽,96,玉,96.9
U+743E,琾,96,玉,96.9
U+743F,琿,96,玉,96.9
U+7440,瑀,96,玉,96.9
U+7441,瑁,96,玉,96.9
U+7442,瑂,96,玉,96.9
U+7443,瑃,96,玉,96.9
U+7444,瑄,96,玉,96.9
U+7445,瑅,96,玉,96.9
U+7446,瑆,96,玉,96.9
U+7447,瑇,96,玉,96.9
U+7448,瑈,96,玉,96.9
U+7449,瑉,96,玉,96.9
U+744A,瑊,96,玉,96.9
U+744B,瑋,96,玉,96.9
U+744C,瑌,96,玉,96.9
U+744D,瑍,96,玉,96.9
U+744E,瑎,96,玉,96.9
U+744F,瑏,96,玉,96.9
U+7450,瑐,96,玉,96.9
U+7451,瑑,96,玉,96.9
U+7452,瑒,96,玉,96.9
U+7453,瑓,96,玉,96.9
U+7454,瑔,96,玉,96.9
U+7455,瑕,96,玉,96.9
U+7456,瑖,96,玉,96.9
U+7457,瑗,96,玉,96.9
U+7458,瑘,96,玉,96.9
U+7459,瑙,96,玉,96.9
U+745A,瑚,96,玉,96.9
U+745B,瑛,96,玉,96.9
U+745C,瑜,96,玉,96.9
U+745D,瑝,96,玉,96.9
U+745E,瑞,96,玉,96.9
U+745F,瑟,96,玉,96.9
U+7460,瑠,96,玉,96.10
U+7461,瑡,96,玉,96.10
U+7462,瑢,96,玉,96.10
U+7463,瑣,96,玉,96.10
U+7464,瑤,96,玉,96.10
U+7465,瑥,96,玉,96.10
U+7466,瑦,96,玉,96.10
U+7467,瑧,96,玉,96.10
U+7468,瑨,96,玉,96.10
U+7469,瑩,96,玉,96.10
U+746A,瑪,96,玉,96.10
U+746B,瑫,96,玉,96.10
U+746C,瑬,96,玉,96.10
U+746D,瑭,96,玉,96.10
U+746E,瑮,96,玉,96.10
U+746F,瑯,96,玉,96.10
U+7470,瑰,96,玉,96.10
U+7471,瑱,96,玉,96.10
U+7472,瑲,96,玉,96.10
U+7473,瑳,96,玉,96.10
U+7474,瑴,96,玉,96.10
U+7475,瑵,96,玉,96.10
U+7476,瑶,96,玉,96.10
U+7477,瑷,96,玉,96.10
U+7478,瑸,96,玉,96.10
U+7479,瑹,96,玉,96.11
U+747A,瑺,96,玉,96.11
U+747B,瑻,96,玉,96.11
U+747C,瑼,96,玉,96.11
U+747D,瑽,96,玉,96.11
U+747E,瑾,96,玉,96.11
U+747F,瑿,96,玉,96.11
U+7480,璀,96,玉,96.11
U+7481,璁,96,玉,96.11
U+7482,璂,96,玉,96.11
U+7483,璃,96,玉,96.11
U+7484,璄,96,玉,96.11
U+7485,璅,96,玉,96.11
U+7486,璆,96,玉,96.11
U+7487,璇,96,玉,96.11
U+7488,璈,96,玉,96.11
U+7489,璉,96,玉,96.11
U+748A,璊,96,玉,96.11
U+748B,璋,96,玉,96.11
U+748C,璌,96,玉,96.11
U+748D,璍,96,玉,96.12
U+748E,璎,96,玉,96.11
U+748F,璏,96,玉,96.12
U+7490,璐,96,玉,96.12
U+7491,璑,96,玉,96.12
U+7492,璒,96,玉,96.12
U+7493,璓,96,玉,96.11
U+7494,璔,96,玉,96.12
U+7495,璕,96,玉,96.12
U+7496,璖,96,玉,96.12
U+7497,璗,96,玉,96.12
U+7498,璘,96,玉,96.12
U+7499,璙,96,玉,96.12
U+749A,璚,96,玉,96.12
U+749B,璛,96,玉,96.12
U+749C,璜,96,玉,96.12
U+749D,璝,96,玉,96.12
U+749E,璞,96,玉,96.12
U+749F,璟,96,玉,96.12
U+74A0,璠,96,玉,96.12
U+74A1,璡,96,玉,96.12
U+74A2,璢,96,玉,96.13
U+74A3,璣,96,玉,96.12
U+74A4,璤,96,玉,96.12
U+74A5,璥,96,玉,96.13
U+74A6,璦,96,玉,96.13
U+74A7,璧,96,玉,96.13
U+74A8,璨,96,玉,96.13
U+74A9,璩,96,玉,96.13
U+74AA,璪,96,玉,96.13
U+74AB,璫,96,玉,96.13
U+74AC,璬,96,玉,96.13
U+74AD,璭,96,玉,96.13
U+74AE,璮,96,玉,96.13
U+74AF,璯,96,玉,96.13
U+74B0,環,96,玉,96.13
U+74B1,璱,96,玉,96.13
U+74B2,璲,96,玉,96.13
U+74B3,璳,96,玉,96.13
U+74B4,璴,96,玉,96.13
U+74B5,璵,96,玉,96.14
U+74B6,璶,96,玉,96.14
U+74B7,璷,96,玉,96.14
U+74B8,璸,96,玉,96.14
U+74B9,璹,96,玉,96.14
U+74BA,璺,96,玉,96.14
U+74BB,璻,96,玉,96.14
U+74BC,璼,96,玉,96.14
U+74BD,璽,96,玉,96.14
U+74BE,璾,96,玉,96.14
U+74BF,璿,96,玉,96.14
U+74C0,瓀,96,玉,96.14
U+74C1,瓁,96,玉,96.14
U+74C2,瓂,96,玉,96.14
U+74C3,瓃,96,玉,96.15
U+74C4,瓄,96,玉,96.15
U+74C5,瓅,96,玉,96.15
U+74C6,瓆,96,玉,96.15
U+74C7,瓇,96,玉,96.15
U+74C8,瓈,96,玉,96.15
U+74C9,瓉,96,玉,96.15
U+74CA,瓊,96,玉,96.15
U+74CB,瓋,96,玉,96.15
U+74CC,瓌,96,玉,96.16
U+74CD,瓍,96,玉,96.16
U+74CE,瓎,96,玉,96.16
U+74CF,瓏,96,玉,96.16
U+74D0,瓐,96,玉,96.16
U+74D1,瓑,96,玉,96.16
U+74D2,瓒,96,玉,96.16
U+74D3,瓓,96,玉,96.17
U+74D4,瓔,96,玉,96.17
U+74D5,瓕,96,玉,96.17
U+74D6,瓖,96,玉,96.17
U+74D7,瓗,96,玉,96.18
U+74D8,瓘,96,玉,96.18
U+74D9,瓙,96,玉,96.18
U+74DA,瓚,96,玉,96.19
U+74DB,瓛,96,玉,96.20
U+74DC,瓜,97,瓜,97.0
U+74DD,瓝,97,瓜,97.3
U+74DE,瓞,97,瓜,97.5
U+74DF,瓟,97,瓜,97.5
U+74E0,瓠,97,瓜,97.6
U+74E1,瓡,97,瓜,97.8
U+74E2,瓢,97,瓜,97.11
U+74E3,瓣,97,瓜,97.14
U+74E4,瓤,97,瓜,97.17
U+74E5,瓥,97,瓜,97.19
U+74E6,瓦,98,瓦,98.0
U+74E7,瓧,98,瓦,98.2
U+74E8,瓨,98,瓦,98.3
U+74E9,瓩,98,瓦,98.3
U+74EA,瓪,98,瓦,98.4
U+74EB,瓫,98,瓦,98.4
U+74EC,瓬,98,瓦,98.4
U+74ED,瓭,98,瓦,98.4
U+74EE,瓮,98,瓦,98.4
U+74EF,瓯,98,瓦,98.4
U+74F0,瓰,98,瓦,98.4
U+74F1,瓱,98,瓦,98.4
U+74F2,瓲,98,瓦,98.4
U+74F3,瓳,98,瓦,98.5
U+74F4,瓴,98,瓦,98.5
U+74F5,瓵,98,瓦,98.5
U+74F6,瓶,98,瓦,98.6
U+74F7,瓷,98,瓦,98.6
U+74F8,瓸,98,瓦,98.6
U+74F9,瓹,98,瓦,98.7
U+74FA,瓺,98,瓦,98.7
U+74FB,瓻,98,瓦,98.7
U+74FC,瓼,98,瓦,98.7
U+74FD,瓽,98,瓦,98.8
U+74FE,瓾,98,瓦,98.8
U+74FF,瓿,98,瓦,98.8
U+7500,甀,98,瓦,98.8
U+7501,甁,98,瓦,98.8
U+7502,甂,98,瓦,98.9
U+7503,甃,98,瓦,98.9
U+7504,甄,98,瓦,98.9
U+7505,甅,98,瓦,98.9
U+7506,甆,98,瓦,98.9
U+7507,甇,98,瓦,98.10
U+7508,甈,98,瓦,98.10
U+7509,甉,98,瓦,98.10
U+750A,甊,98,瓦,98.11
U+750B,甋,98,瓦,98.11
U+750C,甌,98,瓦,98.11
U+750D,甍,98,瓦,98.11
U+750E,甎,98,瓦,98.11
U+750F,甏,98,瓦,98.12
U+7510,甐,98,瓦,98.12
U+7511,甑,98,瓦,98.12
U+7512,甒,98,瓦,98.12
U+7513,甓,98,瓦,98.13
U+7514,甔,98,瓦,98.13
U+7515,甕,98,瓦,98.13
U+7516,甖,98,瓦,98.14
U+7517,甗,98,瓦,98.16
U+7518,甘,99,甘,99.0
U+7519,甙,99,甘,99.3 56.5
U+751A,甚,99,甘,99.4
U+751B,甛,99,甘,99.6
U+751C,甜,99,甘,99.6
U+751D,甝,99,甘,99.8
U+751E,甞,99,甘,99.8
U+751F,生,100,生,100.0
U+7520,甠,100,生,100.4
U+7521,甡,100,生,100.5
U+7522,產,100,生,100.6
U+7523,産,100,生,100.6
U+7524,甤,100,生,100.7
U+7525,甥,100,生,100.7
U+7526,甦,100,生,100.7
U+7527,甧,100,生,100.9
U+7528,用,101,用,101.0
U+7529,甩,101,用,101.0
U+752A,甪,101,用,101.1
U+752B,甫,101,用,101.2
U+752C,甬,101,用,101.2
U+752D,甭,101,用,101.4
U+752E,甮,101,用,101.4
U+752F,甯,101,用,101.7
U+7530,田,102,田,102.0
U+7531,由,102,田,102.0
U+7532,甲,102,田,102.0
U+7533,申,102,田,102.0
U+7534,甴,102,田,102.0
U+7535,电,102,田,102.0
U+7536,甶,102,田,102.1
U+7537,男,102,田,102.2
U+7538,甸,102,田,102.2
U+7539,甹,102,田,102.2
U+753A,町,102,田,102.2
U+753B,画,102,田,102.3 1.7
U+753C,甼,102,田,102.2
U+753D,甽,102,田,102.3
U+753E,甾,102,田,102.3
U+753F,甿,102,田,102.3
U+7540,畀,102,田,102.3
U+7541,畁,102,田,102.3
U+7542,畂,102,田,102.3
U+7543,畃,102,田,102.3
U+7544,畄,102,田,102.3
U+7545,畅,102,田,102.3
U+7546,畆,102,田,102.4
U+7547,畇,102,田,102.4
U+7548,畈,102,田,102.4
U+7549,畉,102,田,102.4
U+754A,畊,102,田,102.4
U+754B,畋,102,田,102.4
U+754C,界,102,田,102.4
U+754D,畍,102,田,102.4
U+754E,畎,102,田,102.4
U+754F,畏,102,田,102.4
U+7550,畐,102,田,102.4
U+7551,畑,102,田,102.4 86.5
U+7552,畒,102,田,102.4
U+7553,畓,102,田,102.4 85.5
U+7554,畔,102,田,102.5
U+7555,畕,102,田,102.5
U+7556,畖,102,田,102.5
U+7557,畗,102,田,102.5
U+7558,畘,102,田,102.5
U+7559,留,102,田,102.5
U+755A,畚,102,田,102.5
U+755B,畛,102,田,102.5
U+755C,畜,102,田,102.5
U+755D,畝,102,田,102.5
U+755E,畞,102,田,102.5
U+755F,畟,102,田,102.5
U+7560,畠,106,白,106.5
U+7561,畡,102,田,102.6
U+7562,畢,102,田,102.6
U+7563,畣,102,田,102.6
U+7564,畤,102,田,102.6
U+7565,略,102,田,102.6
U+7566,畦,102,田,102.6
U+7567,畧,102,田,102.6
U+7568,畨,119,米,119.5 102.6
U+7569,畩,102,田,102.6
U+756A,番,102,田,102.7
U+756B,畫,102,田,102.7
U+756C,畬,102,田,102.7
U+756D,畭,102,田,102.7
U+756E,畮,102,田,102.7
U+756F,畯,102,田,102.7
U+7570,異,102,田,102.6
U+7571,畱,102,田,102.9
U+7572,畲,102,田,102.7
U+7573,畳,102,田,102.7
U+7574,畴,102,田,102.7
U+7575,畵,102,田,102.8
U+7576,當,102,田,102.8
U+7577,畷,102,田,102.8
U+7578,畸,102,田,102.8
U+7579,畹,102,田,102.8
U+757A,畺,102,田,102.8
U+757B,畻,102,田,102.9
U+757C,畼,102,田,102.9
U+757D,畽,102,田,102.9
U+757E,畾,102,田,102.10
U+757F,畿,102,田,102.10
U+7580,疀,102,田,102.11
U+7581,疁,102,田,102.11
U+7582,疂,102,田,102.11
U+7583,疃,102,田,102.12
U+7584,疄,102,田,102.12
U+7585,疅,102,田,102.13
U+7586,疆,102,田,102.14
U+7587,疇,102,田,102.14
U+7588,疈,102,田,102.15
U+7589,疉,102,田,102.17
U+758A,疊,102,田,102.17
U+758B,疋,103,疋,103.0
U+758C,疌,103,疋,103.3
U+758D,疍,103,疋,103.5
U+758E,疎,103,疋,103.7
U+758F,疏,103,疋,103.7
U+7590,疐,103,疋,103.9
U+7591,疑,103,疋,103.9
U+7592,疒,104,疒,104.0
U+7593,疓,104,疒,104.2
U+7594,疔,104,疒,104.2
U+7595,疕,104,疒,104.2
U+7596,疖,104,疒,104.2
U+7597,疗,104,疒,104.2
U+7598,疘,104,疒,104.3
U+7599,疙,104,疒,104.3
U+759A,疚,104,疒,104.3
U+759B,疛,104,疒,104.3
U+759C,疜,104,疒,104.3
U+759D,疝,104,疒,104.3
U+759E,疞,104,疒,104.3
U+759F,疟,104,疒,104.3
U+75A0,疠,104,疒,104.3
U+75A1,疡,104,疒,104.4
U+75A2,疢,104,疒,104.4
U+75A3,疣,104,疒,104.4
U+75A4,疤,104,疒,104.4
U+75A5,疥,104,疒,104.4
U+75A6,疦,104,疒,104.4
U+75A7,疧,104,疒,104.4
U+75A8,疨,104,疒,104.4
U+75A9,疩,104,疒,104.4
U+75AA,疪,104,疒,104.4
U+75AB,疫,104,疒,104.4
U+75AC,疬,104,疒,104.4
U+75AD,疭,104,疒,104.4
U+75AE,疮,104,疒,104.4
U+75AF,疯,104,疒,104.4
U+75B0,疰,104,疒,104.5
U+75B1,疱,104,疒,104.5
U+75B2,疲,104,疒,104.5
U+75B3,疳,104,疒,104.5
U+75B4,疴,104,疒,104.5
U+75B5,疵,104,疒,104.5
U+75B6,疶,104,疒,104.5
U+75B7,疷,104,疒,104.5
U+75B8,疸,104,疒,104.5
U+75B9,疹,104,疒,104.5
U+75BA,疺,104,疒,104.4
U+75BB,疻,104,疒,104.5
U+75BC,疼,104,疒,104.5
U+75BD,疽,104,疒,104.5
U+75BE,疾,104,疒,104.5
U+75BF,疿,104,疒,104.5
U+75C0,痀,104,疒,104.5
U+75C1,痁,104,疒,104.5
U+75C2,痂,104,疒,104.5
U+75C3,痃,104,疒,104.5
U+75C4,痄,104,疒,104.5
U+75C5,病,104,疒,104.5
U+75C6,痆,104,疒,104.5
U+75C7,症,104,疒,104.5
U+75C8,痈,104,疒,104.5
U+75C9,痉,104,疒,104.5
U+75CA,痊,104,疒,104.6
U+75CB,痋,104,疒,104.6
U+75CC,痌,104,疒,104.6
U+75CD,痍,104,疒,104.6
U+75CE,痎,104,疒,104.6
U+75CF,痏,104,疒,104.6
U+75D0,痐,104,疒,104.6
U+75D1,痑,104,疒,104.6
U+75D2,痒,104,疒,104.6
U+75D3,痓,104,疒,104.6
U+75D4,痔,104,疒,104.6
U+75D5,痕,104,疒,104.6
U+75D6,痖,104,疒,104.6
U+75D7,痗,104,疒,104.7
U+75D8,痘,104,疒,104.7
U+75D9,痙,104,疒,104.7
U+75DA,痚,104,疒,104.7
U+75DB,痛,104,疒,104.7
U+75DC,痜,104,疒,104.7
U+75DD,痝,104,疒,104.7
U+75DE,痞,104,疒,104.7
U+75DF,痟,104,疒,104.7
U+75E0,痠,104,疒,104.7
U+75E1,痡,104,疒,104.7
U+75E2,痢,104,疒,104.7
U+75E3,痣,104,疒,104.7
U+75E4,痤,104,疒,104.7
U+75E5,痥,104,疒,104.7
U+75E6,痦,104,疒,104.7
U+75E7,痧,104,疒,104.7
U+75E8,痨,104,疒,104.7
U+75E9,痩,104,疒,104.7
U+75EA,痪,104,疒,104.7
U+75EB,痫,104,疒,104.7
U+75EC,痬,104,疒,104.8
U+75ED,痭,104,疒,104.8
U+75EE,痮,104,疒,104.8
U+75EF,痯,104,疒,104.8
U+75F0,痰,104,疒,104.8
U+75F1,痱,104,疒,104.8
U+75F2,痲,104,疒,104.8
U+75F3,痳,104,疒,104.8
U+75F4,痴,104,疒,104.8
U+75F5,痵,104,疒,104.8
U+75F6,痶,104,疒,104.8
U+75F7,痷,104,疒,104.8
U+75F8,痸,104,疒,104.8
U+75F9,痹,104,疒,104.8
U+75FA,痺,104,疒,104.8
U+75FB,痻,104,疒,104.8
U+75FC,痼,104,疒,104.8
U+75FD,痽,104,疒,104.8
U+75FE,痾,104,疒,104.8
U+75FF,痿,104,疒,104.8
U+7600,瘀,104,疒,104.8
U+7601,瘁,104,疒,104.8
U+7602,瘂,104,疒,104.8
U+7603,瘃,104,疒,104.8
U+7604,瘄,104,疒,104.8
U+7605,瘅,104,疒,104.8
U+7606,瘆,104,疒,104.8
U+7607,瘇,104,疒,104.9
U+7608,瘈,104,疒,104.9
U+7609,瘉,104,疒,104.9
U+760A,瘊,104,疒,104.9
U+760B,瘋,104,疒,104.9
U+760C,瘌,104,疒,104.9
U+760D,瘍,104,疒,104.9
U+760E,瘎,104,疒,104.9
U+760F,瘏,104,疒,104.9
U+7610,瘐,104,疒,104.9
U+7611,瘑,104,疒,104.9
U+7612,瘒,104,疒,104.9
U+7613,瘓,104,疒,104.9
U+7614,瘔,104,疒,104.9
U+7615,瘕,104,疒,104.9
U+7616,瘖,104,疒,104.9
U+7617,瘗,104,疒,104.9
U+7618,瘘,104,疒,104.9
U+7619,瘙,104,疒,104.10
U+761A,瘚,104,疒,104.10
U+761B,瘛,104,疒,104.10
U+761C,瘜,104,疒,104.10
U+761D,瘝,104,疒,104.10
U+761E,瘞,104,疒,104.10
U+761F,瘟,104,疒,104.9 104.10
U+7620,瘠,104,疒,104.10
U+7621,瘡,104,疒,104.10
U+7622,瘢,104,疒,104.10
U+7623,瘣,104,疒,104.10
U+7624,瘤,104,疒,104.10
U+7625,瘥,104,疒,104.10
U+7626,瘦,104,疒,104.10
U+7627,瘧,104,疒,104.9
U+7628,瘨,104,疒,104.10
U+7629,瘩,104,疒,104.10
U+762A,瘪,104,疒,104.10
U+762B,瘫,104,疒,104.10
U+762C,瘬,104,疒,104.11
U+762D,瘭,104,疒,104.11
U+762E,瘮,104,疒,104.11
U+762F,瘯,104,疒,104.11
U+7630,瘰,104,疒,104.11
U+7631,瘱,104,疒,104.11
U+7632,瘲,104,疒,104.11
U+7633,瘳,104,疒,104.11
U+7634,瘴,104,疒,104.11
U+7635,瘵,104,疒,104.11
U+7636,瘶,104,疒,104.11
U+7637,瘷,104,疒,104.11
U+7638,瘸,104,疒,104.11
U+7639,瘹,104,疒,104.11
U+763A,瘺,104,疒,104.11
U+763B,瘻,104,疒,104.11
U+763C,瘼,104,疒,104.11
U+763D,瘽,104,疒,104.11
U+763E,瘾,104,疒,104.11
U+763F,瘿,104,疒,104.11
U+7640,癀,104,疒,104.12 104.11
U+7641,癁,104,疒,104.12
U+7642,療,104,疒,104.12
U+7643,癃,104,疒,104.12
U+7644,癄,104,疒,104.12
U+7645,癅,104,疒,104.12
U+7646,癆,104,疒,104.12
U+7647,癇,104,疒,104.12
U+7648,癈,104,疒,104.12
U+7649,癉,104,疒,104.12
U+764A,癊,104,疒,104.11
U+764B,癋,104,疒,104.12
U+764C,癌,104,疒,104.12
U+764D,癍,104,疒,104.12
U+764E,癎,104,疒,104.12
U+764F,癏,104,疒,104.13
U+7650,癐,104,疒,104.13
U+7651,癑,104,疒,104.13
U+7652,癒,104,疒,104.13
U+7653,癓,104,疒,104.13
U+7654,癔,104,疒,104.13
U+7655,癕,104,疒,104.13
U+7656,癖,104,疒,104.13
U+7657,癗,104,疒,104.13
U+7658,癘,104,疒,104.13
U+7659,癙,104,疒,104.13
U+765A,癚,104,疒,104.13
U+765B,癛,104,疒,104.13
U+765C,癜,104,疒,104.13
U+765D,癝,104,疒,104.13
U+765E,癞,104,疒,104.13
U+765F,癟,104,疒,104.14
U+7660,癠,104,疒,104.14
U+7661,癡,104,疒,104.14
U+7662,癢,104,疒,104.15
U+7663,癣,104,疒,104.14
U+7664,癤,104,疒,104.15
U+7665,癥,104,疒,104.15
U+7666,癦,104,疒,104.15
U+7667,癧,104,疒,104.16
U+7668,癨,104,疒,104.16
U+7669,癩,104,疒,104.16
U+766A,癪,104,疒,104.16
U+766B,癫,104,疒,104.16
U+766C,癬,104,疒,104.17
U+766D,癭,104,疒,104.17
U+766E,癮,104,疒,104.17
U+766F,癯,104,疒,104.18
U+7670,癰,104,疒,104.18
U+7671,癱,104,疒,104.19
U+7672,癲,104,疒,104.19
U+7673,癳,104,疒,104.21
U+7674,癴,104,疒,104.23
U+7675,癵,104,疒,104.25
U+7676,癶,105,癶,105.0
U+7677,癷,105,癶,105.3
U+7678,癸,105,癶,105.4
U+7679,癹,105,癶,105.4
U+767A,発,105,癶,105.4
U+767B,登,105,癶,105.7
U+767C,發,105,癶,105.7
U+767D,白,106,白,106.0
U+767E,百,106,白,106.1
U+767F,癿,106,白,106.1
U+7680,皀,106,白,106.2
U+7681,皁,106,白,106.2
U+7682,皂,106,白,106.2
U+7683,皃,106,白,106.2
U+7684,的,106,白,106.3
U+7685,皅,106,白,106.4
U+7686,皆,106,白,106.4
U+7687,皇,106,白,106.4
U+7688,皈,106,白,106.4
U+7689,皉,106,白,106.5
U+768A,皊,106,白,106.5
U+768B,皋,106,白,106.5
U+768C,皌,106,白,106.5
U+768D,皍,106,白,106.5
U+768E,皎,106,白,106.6
U+768F,皏,106,白,106.6
U+7690,皐,106,白,106.6
U+7691,皑,106,白,106.6
U+7692,皒,106,白,106.7
U+7693,皓,106,白,106.7
U+7694,皔,106,白,106.7
U+7695,皕,106,白,106.7
U+7696,皖,106,白,106.7
U+7697,皗,106,白,106.8
U+7698,皘,106,白,106.8
U+7699,皙,106,白,106.8
U+769A,皚,106,白,106.10
U+769B,皛,106,白,106.10
U+769C,皜,106,白,106.10
U+769D,皝,106,白,106.10
U+769E,皞,106,白,106.10
U+769F,皟,106,白,106.11
U+76A0,皠,106,白,106.11
U+76A1,皡,106,白,106.11
U+76A2,皢,106,白,106.12
U+76A3,皣,106,白,106.12
U+76A4,皤,106,白,106.12
U+76A5,皥,106,白,106.12
U+76A6,皦,106,白,106.13
U+76A7,皧,106,白,106.13
U+76A8,皨,106,白,106.13
U+76A9,皩,106,白,106.14
U+76AA,皪,106,白,106.15
U+76AB,皫,106,白,106.15
U+76AC,皬,106,白,106.16
U+76AD,皭,106,白,106.18
U+76AE,皮,107,皮,107.0
U+76AF,皯,107,皮,107.3
U+76B0,皰,107,皮,107.5
U+76B1,皱,107,皮,107.5
U+76B2,皲,107,皮,107.6
U+76B3,皳,107,皮,107.7
U+76B4,皴,107,皮,107.7
U+76B5,皵,107,皮,107.8
U+76B6,皶,107,皮,107.9
U+76B7,皷,107,皮,107.9
U+76B8,皸,107,皮,107.9
U+76B9,皹,107,皮,107.9
U+76BA,皺,107,皮,107.10
U+76BB,皻,107,皮,107.11
U+76BC,皼,107,皮,107.12
U+76BD,皽,107,皮,107.13
U+76BE,皾,107,皮,107.15
U+76BF,皿,108,皿,108.0
U+76C0,盀,108,皿,108.2
U+76C1,盁,108,皿,108.2
U+76C2,盂,108,皿,108.3
U+76C3,盃,108,皿,108.4
U+76C4,盄,108,皿,108.4
U+76C5,盅,108,皿,108.4
U+76C6,盆,108,皿,108.4
U+76C7,盇,108,皿,108.4
U+76C8,盈,108,皿,108.4
U+76C9,盉,108,皿,108.5
U+76CA,益,108,皿,108.5
U+76CB,盋,108,皿,108.5
U+76CC,盌,108,皿,108.5
U+76CD,盍,108,皿,108.5
U+76CE,盎,108,皿,108.5
U+76CF,盏,108,皿,108.5
U+76D0,盐,108,皿,108.5
U+76D1,监,108,皿,108.5
U+76D2,盒,108,皿,108.6
U+76D3,盓,108,皿,108.6
U+76D4,盔,108,皿,108.6
U+76D5,盕,108,皿,108.6
U+76D6,盖,108,皿,108.6
U+76D7,盗,108,皿,108.6
U+76D8,盘,108,皿,108.6
U+76D9,盙,108,皿,108.7
U+76DA,盚,108,皿,108.7
U+76DB,盛,108,皿,108.6
U+76DC,盜,108,皿,108.7
U+76DD,盝,108,皿,108.8
U+76DE,盞,108,皿,108.8
U+76DF,盟,108,皿,108.8
U+76E0,盠,108,皿,108.9
U+76E1,盡,108,皿,108.9
U+76E2,盢,108,皿,108.9
U+76E3,監,108,皿,108.9
U+76E4,盤,108,皿,108.10
U+76E5,盥,108,皿,108.11
U+76E6,盦,108,皿,108.11
U+76E7,盧,108,皿,108.11
U+76E8,盨,108,皿,108.12
U+76E9,盩,108,皿,108.12
U+76EA,盪,108,皿,108.12
U+76EB,盫,108,皿,108.13
U+76EC,盬,108,皿,108.13
U+76ED,盭,108,皿,108.15
U+76EE,目,109,目,109.0
U+76EF,盯,109,目,109.2
U+76F0,盰,109,目,109.3
U+76F1,盱,109,目,109.3
U+76F2,盲,109,目,109.3
U+76F3,盳,109,目,109.3
U+76F4,直,109,目,109.3 24.6
U+76F5,盵,109,目,109.3
U+76F6,盶,109,目,109.4
U+76F7,盷,109,目,109.4
U+76F8,相,109,目,109.4
U+76F9,盹,109,目,109.4
U+76FA,盺,109,目,109.4
U+76FB,盻,109,目,109.4
U+76FC,盼,109,目,109.4
U+76FD,盽,109,目,109.4
U+76FE,盾,109,目,109.4
U+76FF,盿,109,目,109.4
U+7700,眀,109,目,109.4
U+7701,省,109,目,109.4
U+7702,眂,109,目,109.4
U+7703,眃,109,目,109.4
U+7704,眄,109,目,109.4
U+7705,眅,109,目,109.4
U+7706,眆,109,目,109.4
U+7707,眇,109,目,109.4
U+7708,眈,109,目,109.4
U+7709,眉,109,目,109.4
U+770A,眊,109,目,109.4
U+770B,看,109,目,109.4
U+770C,県,109,目,109.4
U+770D,眍,109,目,109.4
U+770E,眎,109,目,109.5
U+770F,眏,109,目,109.5
U+7710,眐,109,目,109.5
U+7711,眑,109,目,109.5
U+7712,眒,109,目,109.5
U+7713,眓,109,目,109.5
U+7714,眔,109,目,109.5
U+7715,眕,109,目,109.5
U+7716,眖,109,目,109.5
U+7717,眗,109,目,109.5
U+7718,眘,109,目,109.5
U+7719,眙,109,目,109.5
U+771A,眚,109,目,109.5
U+771B,眛,109,目,109.5
U+771C,眜,109,目,109.5
U+771D,眝,109,目,109.5
U+771E,眞,109,目,109.5
U+771F,真,109,目,109.5 12.8
U+7720,眠,109,目,109.5
U+7721,眡,109,目,109.5
U+7722,眢,109,目,109.5
U+7723,眣,109,目,109.5
U+7724,眤,109,目,109.5
U+7725,眥,109,目,109.5
U+7726,眦,109,目,109.5
U+7727,眧,109,目,109.5
U+7728,眨,109,目,109.5
U+7729,眩,109,目,109.5
U+772A,眪,109,目,109.5
U+772B,眫,109,目,109.5
U+772C,眬,109,目,109.5
U+772D,眭,109,目,109.6
U+772E,眮,109,目,109.6
U+772F,眯,109,目,109.6
U+7730,眰,109,目,109.6
U+7731,眱,109,目,109.6
U+7732,眲,109,目,109.6
U+7733,眳,109,目,109.6
U+7734,眴,109,目,109.6
U+7735,眵,109,目,109.6
U+7736,眶,109,目,109.6
U+7737,眷,109,目,109.6
U+7738,眸,109,目,109.6
U+7739,眹,109,目,109.6
U+773A,眺,109,目,109.6
U+773B,眻,109,目,109.6
U+773C,眼,109,目,109.6
U+773D,眽,109,目,109.6
U+773E,眾,109,目,109.6
U+773F,眿,109,目,109.5
U+7740,着,109,目,109.7 123.5 109.6
U+7741,睁,109,目,109.6
U+7742,睂,109,目,109.7
U+7743,睃,109,目,109.7
U+7744,睄,109,目,109.7
U+7745,睅,109,目,109.7
U+7746,睆,109,目,109.7
U+7747,睇,109,目,109.7
U+7748,睈,109,目,109.7
U+7749,睉,109,目,109.7
U+774A,睊,109,目,109.7
U+774B,睋,109,目,109.7
U+774C,睌,109,目,109.7
U+774D,睍,109,目,109.7
U+774E,睎,109,目,109.7
U+774F,睏,109,目,109.7
U+7750,睐,109,目,109.7
U+7751,睑,109,目,109.7
U+7752,睒,109,目,109.8
U+7753,睓,109,目,109.8
U+7754,睔,109,目,109.8
U+7755,睕,109,目,109.8
U+7756,睖,109,目,109.8
U+7757,睗,109,目,109.8
U+7758,睘,109,目,109.8
U+7759,睙,109,目,109.8
U+775A,睚,109,目,109.8
U+775B,睛,109,目,109.8
U+775C,睜,109,目,109.8
U+775D,睝,109,目,109.8
U+775E,睞,109,目,109.8
U+775F,睟,109,目,109.8
U+7760,睠,109,目,109.8
U+7761,睡,109,目,109.9 109.8
U+7762,睢,109,目,109.8
U+7763,督,109,目,109.8
U+7764,睤,109,目,109.8
U+7765,睥,109,目,109.8
U+7766,睦,109,目,109.8
U+7767,睧,109,目,109.8
U+7768,睨,109,目,109.8
U+7769,睩,109,目,109.8
U+776A,睪,109,目,109.8
U+776B,睫,109,目,109.8
U+776C,睬,109,目,109.8
U+776D,睭,109,目,109.8
U+776E,睮,109,目,109.9
U+776F,睯,109,目,109.9
U+7770,睰,109,目,109.9
U+7771,睱,109,目,109.9
U+7772,睲,109,目,109.9
U+7773,睳,109,目,109.9
U+7774,睴,109,目,109.9
U+7775,睵,109,目,109.9
U+7776,睶,109,目,109.9
U+7777,睷,109,目,109.9
U+7778,睸,109,目,109.9
U+7779,睹,109,目,109.9
U+777A,睺,109,目,109.9
U+777B,睻,109,目,109.9
U+777C,睼,109,目,109.9
U+777D,睽,109,目,109.9
U+777E,睾,109,目,109.9
U+777F,睿,109,目,109.9
U+7780,瞀,109,目,109.9
U+7781,瞁,109,目,109.9
U+7782,瞂,109,目,109.9
U+7783,瞃,109,目,109.9
U+7784,瞄,109,目,109.9
U+7785,瞅,109,目,109.9
U+7786,瞆,109,目,109.9
U+7787,瞇,109,目,109.10
U+7788,瞈,109,目,109.10
U+7789,瞉,109,目,109.10
U+778A,瞊,109,目,109.10
U+778B,瞋,109,目,109.10
U+778C,瞌,109,目,109.10
U+778D,瞍,109,目,109.10
U+778E,瞎,109,目,109.10
U+778F,瞏,109,目,109.10
U+7790,瞐,109,目,109.10
U+7791,瞑,109,目,109.10
U+7792,瞒,109,目,109.10
U+7793,瞓,109,目,109.10
U+7794,瞔,109,目,109.11
U+7795,瞕,109,目,109.11
U+7796,瞖,109,目,109.11
U+7797,瞗,109,目,109.11
U+7798,瞘,109,目,109.11
U+7799,瞙,109,目,109.11
U+779A,瞚,109,目,109.11
U+779B,瞛,109,目,109.11
U+779C,瞜,109,目,109.11
U+779D,瞝,109,目,109.11
U+779E,瞞,109,目,109.11
U+779F,瞟,109,目,109.11
U+77A0,瞠,109,目,109.11
U+77A1,瞡,109,目,109.11
U+77A2,瞢,109,目,109.11
U+77A3,瞣,109,目,109.11
U+77A4,瞤,109,目,109.12
U+77A5,瞥,109,目,109.12
U+77A6,瞦,109,目,109.12
U+77A7,瞧,109,目,109.12
U+77A8,瞨,109,目,109.12
U+77A9,瞩,109,目,109.12
U+77AA,瞪,109,目,109.12
U+77AB,瞫,109,目,109.12
U+77AC,瞬,109,目,109.12
U+77AD,瞭,109,目,109.12
U+77AE,瞮,109,目,109.12
U+77AF,瞯,109,目,109.12
U+77B0,瞰,109,目,109.12
U+77B1,瞱,109,目,109.12
U+77B2,瞲,109,目,109.12
U+77B3,瞳,109,目,109.12
U+77B4,瞴,109,目,109.12
U+77B5,瞵,109,目,109.12
U+77B6,瞶,109,目,109.12
U+77B7,瞷,109,目,109.12
U+77B8,瞸,109,目,109.13
U+77B9,瞹,109,目,109.13
U+77BA,瞺,109,目,109.13
U+77BB,瞻,109,目,109.13
U+77BC,瞼,109,目,109.13
U+77BD,瞽,109,目,109.13
U+77BE,瞾,109,目,109.13
U+77BF,瞿,109,目,109.13
U+77C0,矀,109,目,109.13
U+77C1,矁,109,目,109.13
U+77C2,矂,109,目,109.13
U+77C3,矃,109,目,109.14
U+77C4,矄,109,目,109.14
U+77C5,矅,109,目,109.14
U+77C6,矆,109,目,109.14
U+77C7,矇,109,目,109.14
U+77C8,矈,109,目,109.14
U+77C9,矉,109,目,109.14
U+77CA,矊,109,目,109.14
U+77CB,矋,109,目,109.15
U+77CC,矌,109,目,109.15
U+77CD,矍,109,目,109.15
U+77CE,矎,109,目,109.15
U+77CF,矏,109,目,109.15
U+77D0,矐,109,目,109.16
U+77D1,矑,109,目,109.16
U+77D2,矒,109,目,109.16
U+77D3,矓,109,目,109.16
U+77D4,矔,109,目,109.18
U+77D5,矕,109,目,109.19
U+77D6,矖,109,目,109.21
U+77D7,矗,109,目,109.19 24.22
U+77D8,矘,109,目,109.20
U+77D9,矙,109,目,109.20
U+77DA,矚,109,目,109.21
U+77DB,矛,110,矛,110.0
U+77DC,矜,110,矛,110.4
U+77DD,矝,110,矛,110.5
U+77DE,矞,110,矛,110.7
U+77DF,矟,110,矛,110.7
U+77E0,矠,110,矛,110.8
U+77E1,矡,110,矛,110.20
U+77E2,矢,111,矢,111.0
U+77E3,矣,111,矢,111.2
U+77E4,矤,111,矢,111.3
U+77E5,知,111,矢,111.3
U+77E6,矦,111,矢,111.4
U+77E7,矧,111,矢,111.4
U+77E8,矨,111,矢,111.4
U+77E9,矩,111,矢,111.5
U+77EA,矪,111,矢,111.6
U+77EB,矫,111,矢,111.6
U+77EC,矬,111,矢,111.7
U+77ED,短,111,矢,111.7
U+77EE,矮,111,矢,111.8
U+77EF,矯,111,矢,111.12
U+77F0,矰,111,矢,111.12
U+77F1,矱,111,矢,111.14
U+77F2,矲,111,矢,111.15
U+77F3,石,112,石,112.0
U+77F4,矴,112,石,112.2
U+77F5,矵,112,石,112.2
U+77F6,矶,112,石,112.2
U+77F7,矷,112,石,112.3
U+77F8,矸,112,石,112.3
U+77F9,矹,112,石,112.3
U+77FA,矺,112,石,112.3
U+77FB,矻,112,石,112.3
U+77FC,矼,112,石,112.3
U+77FD,矽,112,石,112.3
U+77FE,矾,112,石,112.3
U+77FF,矿,112,石,112.3
U+7800,砀,112,石,112.3
U+7801,码,112,石,112.3
U+7802,砂,112,石,112.4
U+7803,砃,112,石,112.4
U+7804,砄,112,石,112.4
U+7805,砅,112,石,112.4
U+7806,砆,112,石,112.4
U+7807,砇,112,石,112.4
U+7808,砈,112,石,112.4
U+7809,砉,112,石,112.4
U+780A,砊,112,石,112.4
U+780B,砋,112,石,112.4
U+780C,砌,112,石,112.4
U+780D,砍,112,石,112.4
U+780E,砎,112,石,112.4
U+780F,砏,112,石,112.4
U+7810,砐,112,石,112.4
U+7811,砑,112,石,112.4
U+7812,砒,112,石,112.4
U+7813,砓,112,石,112.4
U+7814,研,112,石,112.4
U+7815,砕,112,石,112.4
U+7816,砖,112,石,112.4
U+7817,砗,112,石,112.4
U+7818,砘,112,石,112.4
U+7819,砙,112,石,112.4
U+781A,砚,112,石,112.4
U+781B,砛,112,石,112.4
U+781C,砜,112,石,112.4
U+781D,砝,112,石,112.5
U+781E,砞,112,石,112.5
U+781F,砟,112,石,112.5
U+7820,砠,112,石,112.5
U+7821,砡,112,石,112.5
U+7822,砢,112,石,112.5
U+7823,砣,112,石,112.5
U+7824,砤,112,石,112.5
U+7825,砥,112,石,112.5
U+7826,砦,112,石,112.5
U+7827,砧,112,石,112.5
U+7828,砨,112,石,112.5
U+7829,砩,112,石,112.5
U+782A,砪,112,石,112.5
U+782B,砫,112,石,112.5
U+782C,砬,112,石,112.5
U+782D,砭,112,石,112.5
U+782E,砮,112,石,112.5
U+782F,砯,112,石,112.5
U+7830,砰,112,石,112.5
U+7831,砱,112,石,112.5
U+7832,砲,112,石,112.5
U+7833,砳,112,石,112.5
U+7834,破,112,石,112.5
U+7835,砵,112,石,112.5
U+7836,砶,112,石,112.5
U+7837,砷,112,石,112.5
U+7838,砸,112,石,112.5
U+7839,砹,112,石,112.5
U+783A,砺,112,石,112.5
U+783B,砻,112,石,112.5
U+783C,砼,112,石,112.5
U+783D,砽,112,石,112.5
U+783E,砾,112,石,112.5
U+783F,砿,112,石,112.5
U+7840,础,112,石,112.5
U+7841,硁,112,石,112.5
U+7842,硂,112,石,112.6
U+7843,硃,112,石,112.6
U+7844,硄,112,石,112.6
U+7845,硅,112,石,112.6
U+7846,硆,112,石,112.6
U+7847,硇,112,石,112.6
U+7848,硈,112,石,112.6
U+7849,硉,112,石,112.6
U+784A,硊,112,石,112.6
U+784B,硋,112,石,112.6
U+784C,硌,112,石,112.6
U+784D,硍,112,石,112.6
U+784E,硎,112,石,112.6
U+784F,硏,112,石,112.6
U+7850,硐,112,石,112.6
U+7851,硑,112,石,112.6
U+7852,硒,112,石,112.6
U+7853,硓,112,石,112.6
U+7854,硔,112,石,112.6
U+7855,硕,112,石,112.6
U+7856,硖,112,石,112.6
U+7857,硗,112,石,112.6
U+7858,硘,112,石,112.6
U+7859,硙,112,石,112.6
U+785A,硚,112,石,112.6
U+785B,硛,112,石,112.6
U+785C,硜,112,石,112.7
U+785D,硝,112,石,112.7
U+785E,硞,112,石,112.7
U+785F,硟,112,石,112.7
U+7860,硠,112,石,112.7
U+7861,硡,112,石,112.7
U+7862,硢,112,石,112.7
U+7863,硣,112,石,112.7
U+7864,硤,112,石,112.7
U+7865,硥,112,石,112.7
U+7866,硦,112,石,112.7
U+7867,硧,112,石,112.7
U+7868,硨,112,石,112.7
U+7869,硩,112,石,112.7
U+786A,硪,112,石,112.7
U+786B,硫,112,石,112.7
U+786C,硬,112,石,112.7
U+786D,硭,112,石,112.7
U+786E,确,112,石,112.7
U+786F,硯,112,石,112.7
U+7870,硰,112,石,112.7
U+7871,硱,112,石,112.7
U+7872,硲,112,石,112.7
U+7873,硳,112,石,112.7
U+7874,硴,112,石,112.7
U+7875,硵,112,石,112.7
U+7876,硶,112,石,112.7
U+7877,硷,112,石,112.7
U+7878,硸,112,石,112.8
U+7879,硹,112,石,112.8
U+787A,硺,112,石,112.8
U+787B,硻,112,石,112.8
U+787C,硼,112,石,112.8
U+787D,硽,112,石,112.8
U+787E,硾,112,石,112.9
U+787F,硿,112,石,112.8
U+7880,碀,112,石,112.8
U+7881,碁,112,石,112.8
U+7882,碂,112,石,112.8
U+7883,碃,112,石,112.8
U+7884,碄,112,石,112.8
U+7885,碅,112,石,112.8
U+7886,碆,112,石,112.8
U+7887,碇,112,石,112.8
U+7888,碈,112,石,112.8
U+7889,碉,112,石,112.8
U+788A,碊,112,石,112.8
U+788B,碋,112,石,112.8
U+788C,碌,112,石,112.8
U+788D,碍,112,石,112.8
U+788E,碎,112,石,112.8
U+788F,碏,112,石,112.8
U+7890,碐,112,石,112.8
U+7891,碑,112,石,112.8
U+7892,碒,112,石,112.8
U+7893,碓,112,石,112.8
U+7894,碔,112,石,112.8
U+7895,碕,112,石,112.8
U+7896,碖,112,石,112.8
U+7897,碗,112,石,112.8
U+7898,碘,112,石,112.8
U+7899,碙,112,石,112.8
U+789A,碚,112,石,112.8
U+789B,碛,112,石,112.8
U+789C,碜,112,石,112.8
U+789D,碝,112,石,112.9
U+789E,碞,112,石,112.9
U+789F,碟,112,石,112.9
U+78A0,碠,112,石,112.9
U+78A1,碡,112,石,112.9
U+78A2,碢,112,石,112.9
U+78A3,碣,112,石,112.9
U+78A4,碤,112,石,112.9
U+78A5,碥,112,石,112.9
U+78A6,碦,112,石,112.9
U+78A7,碧,112,石,112.9
U+78A8,碨,112,石,112.9
U+78A9,碩,112,石,112.9
U+78AA,碪,112,石,112.9
U+78AB,碫,112,石,112.9
U+78AC,碬,112,石,112.9
U+78AD,碭,112,石,112.9
U+78AE,碮,112,石,112.9
U+78AF,碯,112,石,112.9
U+78B0,碰,112,石,112.8
U+78B1,碱,112,石,112.9
U+78B2,碲,112,石,112.9
U+78B3,碳,112,石,112.9
U+78B4,碴,112,石,112.9
U+78B5,碵,112,石,112.9
U+78B6,碶,112,石,112.9
U+78B7,碷,112,石,112.9
U+78B8,碸,112,石,112.9
U+78B9,碹,112,石,112.9
U+78BA,確,112,石,112.10
U+78BB,碻,112,石,112.10
U+78BC,碼,112,石,112.10
U+78BD,碽,112,石,112.10
U+78BE,碾,112,石,112.10
U+78BF,碿,112,石,112.10
U+78C0,磀,112,石,112.10
U+78C1,磁,112,石,112.9
U+78C2,磂,112,石,112.10
U+78C3,磃,112,石,112.10
U+78C4,磄,112,石,112.10
U+78C5,磅,112,石,112.10
U+78C6,磆,112,石,112.10
U+78C7,磇,112,石,112.10
U+78C8,磈,112,石,112.10
U+78C9,磉,112,石,112.10
U+78CA,磊,112,石,112.10
U+78CB,磋,112,石,112.10
U+78CC,磌,112,石,112.10
U+78CD,磍,112,石,112.10
U+78CE,磎,112,石,112.10
U+78CF,磏,112,石,112.10
U+78D0,磐,112,石,112.10
U+78D1,磑,112,石,112.10
U+78D2,磒,112,石,112.10
U+78D3,磓,112,石,112.10
U+78D4,磔,112,石,112.10
U+78D5,磕,112,石,112.10
U+78D6,磖,112,石,112.10
U+78D7,磗,112,石,112.10
U+78D8,磘,112,石,112.10
U+78D9,磙,112,石,112.10
U+78DA,磚,112,石,112.11
U+78DB,磛,112,石,112.11
U+78DC,磜,112,石,112.10
U+78DD,磝,112,石,112.11
U+78DE,磞,112,石,112.11
U+78DF,磟,112,石,112.11
U+78E0,磠,112,石,112.11
U+78E1,磡,112,石,112.11
U+78E2,磢,112,石,112.11
U+78E3,磣,112,石,112.11
U+78E4,磤,112,石,112.10
U+78E5,磥,112,石,112.11
U+78E6,磦,112,石,112.11
U+78E7,磧,112,石,112.11
U+78E8,磨,112,石,112.11
U+78E9,磩,112,石,112.11
U+78EA,磪,112,石,112.11
U+78EB,磫,112,石,112.11
U+78EC,磬,112,石,112.11
U+78ED,磭,112,石,112.11
U+78EE,磮,112,石,112.11
U+78EF,磯,112,石,112.12
U+78F0,磰,112,石,112.12
U+78F1,磱,112,石,112.12
U+78F2,磲,112,石,112.12
U+78F3,磳,112,石,112.12
U+78F4,磴,112,石,112.12
U+78F5,磵,112,石,112.12
U+78F6,磶,112,石,112.12
U+78F7,磷,112,石,112.12
U+78F8,磸,112,石,112.12
U+78F9,磹,112,石,112.12
U+78FA,磺,112,石,112.12
U+78FB,磻,112,石,112.12
U+78FC,磼,112,石,112.12
U+78FD,磽,112,石,112.12
U+78FE,磾,112,石,112.12
U+78FF,磿,112,石,112.12
U+7900,礀,112,石,112.12
U+7901,礁,112,石,112.12
U+7902,礂,112,石,112.12
U+7903,礃,112,石,112.12
U+7904,礄,112,石,112.12
U+7905,礅,112,石,112.12
U+7906,礆,112,石,112.13
U+7907,礇,112,石,112.13
U+7908,礈,112,石,112.13
U+7909,礉,112,石,112.13
U+790A,礊,112,石,112.13
U+790B,礋,112,石,112.13
U+790C,礌,112,石,112.13
U+790D,礍,112,石,112.13
U+790E,礎,112,石,112.13
U+790F,礏,112,石,112.13
U+7910,礐,112,石,112.13
U+7911,礑,112,石,112.13
U+7912,礒,112,石,112.13
U+7913,礓,112,石,112.13
U+7914,礔,112,石,112.13
U+7915,礕,112,石,112.13
U+7916,礖,112,石,112.13
U+7917,礗,112,石,112.14
U+7918,礘,112,石,112.14
U+7919,礙,112,石,112.14
U+791A,礚,112,石,112.14
U+791B,礛,112,石,112.14
U+791C,礜,112,石,112.14
U+791D,礝,112,石,112.14
U+791E,礞,112,石,112.14
U+791F,礟,112,石,112.14
U+7920,礠,112,石,112.14
U+7921,礡,112,石,112.14
U+7922,礢,112,石,112.15
U+7923,礣,112,石,112.15
U+7924,礤,112,石,112.15
U+7925,礥,112,石,112.15
U+7926,礦,112,石,112.15
U+7927,礧,112,石,112.15
U+7928,礨,112,石,112.15
U+7929,礩,112,石,112.15
U+792A,礪,112,石,112.15
U+792B,礫,112,石,112.15
U+792C,礬,112,石,112.15
U+792D,礭,112,石,112.16
U+792E,礮,112,石,112.16
U+792F,礯,112,石,112.16
U+7930,礰,112,石,112.16
U+7931,礱,112,石,112.16
U+7932,礲,112,石,112.16
U+7933,礳,112,石,112.16
U+7934,礴,112,石,112.16
U+7935,礵,112,石,112.17
U+7936,礶,112,石,112.18
U+7937,礷,112,石,112.18
U+7938,礸,112,石,112.19
U+7939,礹,112,石,112.20
U+793A,示,113,示,113.0
U+793B,礻,113,示,113.0
U+793C,礼,113,示,113.1
U+793D,礽,113,示,113.2
U+793E,社,113,示,113.3
U+793F,礿,113,示,113.3
U+7940,祀,113,示,113.3
U+7941,祁,113,示,113.3
U+7942,祂,113,示,113.3
U+7943,祃,113,示,113.3
U+7944,祄,113,示,113.4
U+7945,祅,113,示,113.4
U+7946,祆,113,示,113.4
U+7947,祇,113,示,113.4
U+7948,祈,113,示,113.4
U+7949,祉,113,示,113.4
U+794A,祊,113,示,113.4
U+794B,祋,113,示,113.4
U+794C,祌,113,示,113.4
U+794D,祍,113,示,113.4
U+794E,祎,113,示,113.4
U+794F,祏,113,示,113.5
U+7950,祐,113,示,113.5
U+7951,祑,113,示,113.5
U+7952,祒,113,示,113.5
U+7953,祓,113,示,113.5
U+7954,祔,113,示,113.5
U+7955,祕,113,示,113.5
U+7956,祖,113,示,113.5
U+7957,祗,113,示,113.5
U+7958,祘,113,示,113.5
U+7959,祙,113,示,113.5
U+795A,祚,113,示,113.5
U+795B,祛,113,示,113.5
U+795C,祜,113,示,113.5
U+795D,祝,113,示,113.5
U+795E,神,113,示,113.5
U+795F,祟,113,示,113.5
U+7960,祠,113,示,113.5
U+7961,祡,113,示,113.5
U+7962,祢,113,示,113.5
U+7963,祣,113,示,113.6
U+7964,祤,113,示,113.6
U+7965,祥,113,示,113.6
U+7966,祦,113,示,113.7
U+7967,祧,113,示,113.6
U+7968,票,113,示,113.6
U+7969,祩,113,示,113.6
U+796A,祪,113,示,113.6
U+796B,祫,113,示,113.6
U+796C,祬,113,示,113.6
U+796D,祭,113,示,113.6
U+796E,祮,113,示,113.6
U+796F,祯,113,示,113.6
U+7970,祰,113,示,113.7
U+7971,祱,113,示,113.7
U+7972,祲,113,示,113.7
U+7973,祳,113,示,113.7
U+7974,祴,113,示,113.7
U+7975,祵,113,示,113.7
U+7976,祶,113,示,113.7
U+7977,祷,113,示,113.7
U+7978,祸,113,示,113.7
U+7979,祹,113,示,113.8
U+797A,祺,113,示,113.8
U+797B,祻,113,示,113.8
U+797C,祼,113,示,113.8
U+797D,祽,113,示,113.8
U+797E,祾,113,示,113.8
U+797F,祿,113,示,113.8
U+7980,禀,113,示,113.8
U+7981,禁,113,示,113.8
U+7982,禂,113,示,113.8
U+7983,禃,113,示,113.8
U+7984,禄,113,示,113.7
U+7985,禅,113,示,113.8
U+7986,禆,113,示,113.8
U+7987,禇,113,示,113.9
U+7988,禈,113,示,113.9
U+7989,禉,113,示,113.9
U+798A,禊,113,示,113.9
U+798B,禋,113,示,113.9
U+798C,禌,113,示,113.9
U+798D,禍,113,示,113.9
U+798E,禎,113,示,113.9
U+798F,福,113,示,113.9
U+7990,禐,113,示,113.9
U+7991,禑,113,示,113.9
U+7992,禒,113,示,113.9
U+7993,禓,113,示,113.9
U+7994,禔,113,示,113.9
U+7995,禕,113,示,113.9
U+7996,禖,113,示,113.9
U+7997,禗,113,示,113.9
U+7998,禘,113,示,113.9
U+7999,禙,113,示,113.9
U+799A,禚,113,示,113.10
U+799B,禛,113,示,113.10
U+799C,禜,113,示,113.10
U+799D,禝,113,示,113.10
U+799E,禞,113,示,113.10
U+799F,禟,113,示,113.10
U+79A0,禠,113,示,113.10
U+79A1,禡,113,示,113.10
U+79A2,禢,113,示,113.10
U+79A3,禣,113,示,113.10
U+79A4,禤,113,示,113.11
U+79A5,禥,113,示,113.11
U+79A6,禦,113,示,113.11
U+79A7,禧,113,示,113.12
U+79A8,禨,113,示,113.12
U+79A9,禩,113,示,113.12
U+79AA,禪,113,示,113.12
U+79AB,禫,113,示,113.12
U+79AC,禬,113,示,113.13
U+79AD,禭,113,示,113.13
U+79AE,禮,113,示,113.13
U+79AF,禯,113,示,113.13
U+79B0,禰,113,示,113.14
U+79B1,禱,113,示,113.14
U+79B2,禲,113,示,113.15
U+79B3,禳,113,示,113.17
U+79B4,禴,113,示,113.17
U+79B5,禵,113,示,113.18
U+79B6,禶,113,示,113.19
U+79B7,禷,113,示,113.19
U+79B8,禸,114,禸,114.0
U+79B9,禹,114,禸,114.4
U+79BA,禺,114,禸,114.4
U+79BB,离,114,禸,114.6 8.8
U+79BC,禼,114,禸,114.7
U+79BD,禽,114,禸,114.8
U+79BE,禾,115,禾,115.0
U+79BF,禿,115,禾,115.2
U+79C0,秀,115,禾,115.2
U+79C1,私,115,禾,115.2
U+79C2,秂,115,禾,115.2
U+79C3,秃,115,禾,115.2
U+79C4,秄,115,禾,115.3
U+79C5,秅,115,禾,115.3
U+79C6,秆,115,禾,115.3
U+79C7,秇,115,禾,115.3
U+79C8,秈,115,禾,115.3
U+79C9,秉,115,禾,115.3
U+79CA,秊,115,禾,115.3
U+79CB,秋,115,禾,115.4
U+79CC,秌,115,禾,115.4 86.5
U+79CD,种,115,禾,115.4
U+79CE,秎,115,禾,115.4
U+79CF,秏,115,禾,115.4
U+79D0,秐,115,禾,115.4
U+79D1,科,115,禾,115.4
U+79D2,秒,115,禾,115.4
U+79D3,秓,115,禾,115.4
U+79D4,秔,115,禾,115.4
U+79D5,秕,115,禾,115.4
U+79D6,秖,115,禾,115.4
U+79D7,秗,115,禾,115.4
U+79D8,秘,115,禾,115.5
U+79D9,秙,115,禾,115.5
U+79DA,秚,115,禾,115.5
U+79DB,秛,115,禾,115.5
U+79DC,秜,115,禾,115.5
U+79DD,秝,115,禾,115.5
U+79DE,秞,115,禾,115.5
U+79DF,租,115,禾,115.5
U+79E0,秠,115,禾,115.5
U+79E1,秡,115,禾,115.5
U+79E2,秢,115,禾,115.5
U+79E3,秣,115,禾,115.5
U+79E4,秤,115,禾,115.5
U+79E5,秥,115,禾,115.5
U+79E6,秦,115,禾,115.5
U+79E7,秧,115,禾,115.5
U+79E8,秨,115,禾,115.5
U+79E9,秩,115,禾,115.5
U+79EA,秪,115,禾,115.5
U+79EB,秫,115,禾,115.5
U+79EC,秬,115,禾,115.5
U+79ED,秭,115,禾,115.5
U+79EE,秮,115,禾,115.5
U+79EF,积,115,禾,115.5
U+79F0,称,115,禾,115.5
U+79F1,秱,115,禾,115.6
U+79F2,秲,115,禾,115.6
U+79F3,秳,115,禾,115.6
U+79F4,秴,115,禾,115.6
U+79F5,秵,115,禾,115.6
U+79F6,秶,115,禾,115.6
U+79F7,秷,115,禾,115.6
U+79F8,秸,115,禾,115.6
U+79F9,秹,115,禾,115.6
U+79FA,秺,115,禾,115.6
U+79FB,移,115,禾,115.6
U+79FC,秼,115,禾,115.6
U+79FD,秽,115,禾,115.6
U+79FE,秾,115,禾,115.6
U+79FF,秿,115,禾,115.7
U+7A00,稀,115,禾,115.7
U+7A01,稁,115,禾,115.7
U+7A02,稂,115,禾,115.7
U+7A03,稃,115,禾,115.7
U+7A04,稄,115,禾,115.7
U+7A05,稅,115,禾,115.7
U+7A06,稆,115,禾,115.6
U+7A07,稇,115,禾,115.7
U+7A08,稈,115,禾,115.7
U+7A09,稉,115,禾,115.7
U+7A0A,稊,115,禾,115.7
U+7A0B,程,115,禾,115.7
U+7A0C,稌,115,禾,115.7
U+7A0D,稍,115,禾,115.7
U+7A0E,税,115,禾,115.7
U+7A0F,稏,115,禾,115.8
U+7A10,稐,115,禾,115.8
U+7A11,稑,115,禾,115.8
U+7A12,稒,115,禾,115.8
U+7A13,稓,115,禾,115.8
U+7A14,稔,115,禾,115.8
U+7A15,稕,115,禾,115.8
U+7A16,稖,115,禾,115.8
U+7A17,稗,115,禾,115.8
U+7A18,稘,115,禾,115.8
U+7A19,稙,115,禾,115.8
U+7A1A,稚,115,禾,115.8
U+7A1B,稛,115,禾,115.8
U+7A1C,稜,115,禾,115.8
U+7A1D,稝,115,禾,115.8
U+7A1E,稞,115,禾,115.8
U+7A1F,稟,115,禾,115.8
U+7A20,稠,115,禾,115.8
U+7A21,稡,115,禾,115.8
U+7A22,稢,115,禾,115.8
U+7A23,稣,115,禾,115.8
U+7A24,稤,115,禾,115.8
U+7A25,稥,115,禾,115.8
U+7A26,稦,115,禾,115.9
U+7A27,稧,115,禾,115.9
U+7A28,稨,115,禾,115.9
U+7A29,稩,115,禾,115.9
U+7A2A,稪,115,禾,115.9
U+7A2B,稫,115,禾,115.9
U+7A2C,稬,115,禾,115.9
U+7A2D,稭,115,禾,115.9
U+7A2E,種,115,禾,115.9
U+7A2F,稯,115,禾,115.9
U+7A30,稰,115,禾,115.9
U+7A31,稱,115,禾,115.9
U+7A32,稲,115,禾,115.9
U+7A33,稳,115,禾,115.9
U+7A34,稴,115,禾,115.10
U+7A35,稵,115,禾,115.10
U+7A36,稶,115,禾,115.10
U+7A37,稷,115,禾,115.10
U+7A38,稸,115,禾,115.10
U+7A39,稹,115,禾,115.10
U+7A3A,稺,115,禾,115.10
U+7A3B,稻,115,禾,115.10
U+7A3C,稼,115,禾,115.10
U+7A3D,稽,115,禾,115.10
U+7A3E,稾,115,禾,115.10
U+7A3F,稿,115,禾,115.10
U+7A40,穀,115,禾,115.10
U+7A41,穁,115,禾,115.10
U+7A42,穂,115,禾,115.10
U+7A43,穃,115,禾,115.10
U+7A44,穄,115,禾,115.11
U+7A45,穅,115,禾,115.11
U+7A46,穆,115,禾,115.11
U+7A47,穇,115,禾,115.11
U+7A48,穈,115,禾,115.11
U+7A49,穉,115,禾,115.12
U+7A4A,穊,115,禾,115.9
U+7A4B,穋,115,禾,115.11
U+7A4C,穌,115,禾,115.11
U+7A4D,積,115,禾,115.11
U+7A4E,穎,115,禾,115.11
U+7A4F,穏,115,禾,115.11
U+7A50,穐,115,禾,115.11
U+7A51,穑,115,禾,115.11
U+7A52,穒,115,禾,115.11
U+7A53,穓,115,禾,115.12
U+7A54,穔,115,禾,115.12
U+7A55,穕,115,禾,115.12
U+7A56,穖,115,禾,115.12
U+7A57,穗,115,禾,115.12
U+7A58,穘,115,禾,115.12
U+7A59,穙,115,禾,115.12
U+7A5A,穚,115,禾,115.12
U+7A5B,穛,115,禾,115.12
U+7A5C,穜,115,禾,115.12
U+7A5D,穝,115,禾,115.12
U+7A5E,穞,115,禾,115.12
U+7A5F,穟,115,禾,115.13
U+7A60,穠,115,禾,115.13
U+7A61,穡,115,禾,115.13
U+7A62,穢,115,禾,115.13
U+7A63,穣,115,禾,115.13
U+7A64,穤,115,禾,115.14
U+7A65,穥,115,禾,115.14
U+7A66,穦,115,禾,115.14
U+7A67,穧,115,禾,115.14
U+7A68,穨,115,禾,115.14
U+7A69,穩,115,禾,115.14
U+7A6A,穪,115,禾,115.14
U+7A6B,穫,115,禾,115.14
U+7A6C,穬,115,禾,115.15
U+7A6D,穭,115,禾,115.15
U+7A6E,穮,115,禾,115.15
U+7A6F,穯,115,禾,115.15
U+7A70,穰,115,禾,115.17
U+7A71,穱,115,禾,115.18
U+7A72,穲,115,禾,115.19
U+7A73,穳,115,禾,115.17
U+7A74,穴,116,穴,116.0
U+7A75,穵,116,穴,116.1
U+7A76,究,116,穴,116.2
U+7A77,穷,116,穴,116.2 19.5
U+7A78,穸,116,穴,116.3
U+7A79,穹,116,穴,116.3
U+7A7A,空,116,穴,116.3
U+7A7B,穻,116,穴,116.3
U+7A7C,穼,116,穴,116.4
U+7A7D,穽,116,穴,116.4
U+7A7E,穾,116,穴,116.4
U+7A7F,穿,116,穴,116.4
U+7A80,窀,116,穴,116.4
U+7A81,突,116,穴,116.4
U+7A82,窂,116,穴,116.4
U+7A83,窃,116,穴,116.4
U+7A84,窄,116,穴,116.5
U+7A85,窅,116,穴,116.5
U+7A86,窆,116,穴,116.5
U+7A87,窇,116,穴,116.5
U+7A88,窈,116,穴,116.5
U+7A89,窉,116,穴,116.5
U+7A8A,窊,116,穴,116.5
U+7A8B,窋,116,穴,116.5
U+7A8C,窌,116,穴,116.5
U+7A8D,窍,116,穴,116.5
U+7A8E,窎,116,穴,116.5
U+7A8F,窏,116,穴,116.6
U+7A90,窐,116,穴,116.6
U+7A91,窑,116,穴,116.6
U+7A92,窒,116,穴,116.6
U+7A93,窓,116,穴,116.6
U+7A94,窔,116,穴,116.6
U+7A95,窕,116,穴,116.6
U+7A96,窖,116,穴,116.7
U+7A97,窗,116,穴,116.7
U+7A98,窘,116,穴,116.7
U+7A99,窙,116,穴,116.7
U+7A9A,窚,116,穴,116.7
U+7A9B,窛,116,穴,116.7
U+7A9C,窜,116,穴,116.7
U+7A9D,窝,116,穴,116.7
U+7A9E,窞,116,穴,116.8
U+7A9F,窟,116,穴,116.8
U+7AA0,窠,116,穴,116.8
U+7AA1,窡,116,穴,116.8
U+7AA2,窢,116,穴,116.8
U+7AA3,窣,116,穴,116.8
U+7AA4,窤,116,穴,116.8
U+7AA5,窥,116,穴,116.8
U+7AA6,窦,116,穴,116.8
U+7AA7,窧,116,穴,116.8
U+7AA8,窨,116,穴,116.9
U+7AA9,窩,116,穴,116.9
U+7AAA,窪,116,穴,116.9
U+7AAB,窫,116,穴,116.9
U+7AAC,窬,116,穴,116.9
U+7AAD,窭,116,穴,116.9
U+7AAE,窮,116,穴,116.10
U+7AAF,窯,116,穴,116.10
U+7AB0,窰,116,穴,116.10
U+7AB1,窱,116,穴,116.10
U+7AB2,窲,116,穴,116.10
U+7AB3,窳,116,穴,116.10
U+7AB4,窴,116,穴,116.10
U+7AB5,窵,116,穴,116.11
U+7AB6,窶,116,穴,116.11
U+7AB7,窷,116,穴,116.11
U+7AB8,窸,116,穴,116.11
U+7AB9,窹,116,穴,116.11
U+7ABA,窺,116,穴,116.11
U+7ABB,窻,116,穴,116.11
U+7ABC,窼,116,穴,116.11
U+7ABD,窽,116,穴,116.11
U+7ABE,窾,116,穴,116.12
U+7ABF,窿,116,穴,116.12
U+7AC0,竀,116,穴,116.12
U+7AC1,竁,116,穴,116.12
U+7AC2,竂,116,穴,116.12
U+7AC3,竃,116,穴,116.12
U+7AC4,竄,116,穴,116.13
U+7AC5,竅,116,穴,116.13
U+7AC6,竆,116,穴,116.14
U+7AC7,竇,116,穴,116.15
U+7AC8,竈,116,穴,116.16
U+7AC9,竉,116,穴,116.16
U+7ACA,竊,116,穴,116.17
U+7ACB,立,117,立,117.0
U+7ACC,竌,117,立,117.2
U+7ACD,竍,117,立,117.2
U+7ACE,竎,117,立,117.3
U+7ACF,竏,117,立,117.3
U+7AD0,竐,117,立,117.4
U+7AD1,竑,117,立,117.4
U+7AD2,竒,117,立,117.4
U+7AD3,竓,117,立,117.4
U+7AD4,竔,117,立,117.4
U+7AD5,竕,117,立,117.4
U+7AD6,竖,117,立,117.4
U+7AD7,竗,117,立,117.4
U+7AD8,竘,117,立,117.5
U+7AD9,站,117,立,117.5
U+7ADA,竚,117,立,117.5
U+7ADB,竛,117,立,117.5
U+7ADC,竜,117,立,117.5 212''.0
U+7ADD,竝,117,立,117.5
U+7ADE,竞,117,立,117.5
U+7ADF,竟,180,音,180.2 117.6
U+7AE0,章,180,音,180.2 117.6
U+7AE1,竡,117,立,117.6
U+7AE2,竢,117,立,117.7
U+7AE3,竣,117,立,117.7
U+7AE4,竤,117,立,117.7
U+7AE5,童,117,立,117.7
U+7AE6,竦,117,立,117.7
U+7AE7,竧,117,立,117.7
U+7AE8,竨,117,立,117.8
U+7AE9,竩,117,立,117.8
U+7AEA,竪,117,立,117.8
U+7AEB,竫,117,立,117.8
U+7AEC,竬,117,立,117.9
U+7AED,竭,117,立,117.9
U+7AEE,竮,117,立,117.11
U+7AEF,端,117,立,117.9
U+7AF0,竰,117,立,117.9
U+7AF1,竱,117,立,117.11
U+7AF2,竲,117,立,117.12
U+7AF3,竳,117,立,117.12
U+7AF4,竴,117,立,117.12
U+7AF5,竵,117,立,117.13
U+7AF6,競,117,立,117.15
U+7AF7,竷,117,立,117.15
U+7AF8,竸,117,立,117.17
U+7AF9,竹,118,竹,118.0
U+7AFA,竺,118,竹,118.2
U+7AFB,竻,118,竹,118.2
U+7AFC,竼,118,竹,118.3
U+7AFD,竽,118,竹,118.3
U+7AFE,竾,118,竹,118.3
U+7AFF,竿,118,竹,118.3
U+7B00,笀,118,竹,118.3
U+7B01,笁,118,竹,118.3
U+7B02,笂,118,竹,118.3
U+7B03,笃,118,竹,118.3
U+7B04,笄,118,竹,118.6
U+7B05,笅,118,竹,118.4
U+7B06,笆,118,竹,118.4
U+7B07,笇,118,竹,118.4
U+7B08,笈,118,竹,118.4
U+7B09,笉,118,竹,118.4
U+7B0A,笊,118,竹,118.4
U+7B0B,笋,118,竹,118.4
U+7B0C,笌,118,竹,118.4
U+7B0D,笍,118,竹,118.4
U+7B0E,笎,118,竹,118.4
U+7B0F,笏,118,竹,118.4
U+7B10,笐,118,竹,118.4
U+7B11,笑,118,竹,118.4
U+7B12,笒,118,竹,118.4
U+7B13,笓,118,竹,118.4
U+7B14,笔,118,竹,118.4
U+7B15,笕,118,竹,118.4
U+7B16,笖,118,竹,118.5
U+7B17,笗,118,竹,118.5
U+7B18,笘,118,竹,118.5
U+7B19,笙,118,竹,118.5
U+7B1A,笚,118,竹,118.5
U+7B1B,笛,118,竹,118.5
U+7B1C,笜,118,竹,118.5
U+7B1D,笝,118,竹,118.5
U+7B1E,笞,118,竹,118.5
U+7B1F,笟,118,竹,118.5
U+7B20,笠,118,竹,118.5
U+7B21,笡,118,竹,118.5
U+7B22,笢,118,竹,118.5
U+7B23,笣,118,竹,118.5
U+7B24,笤,118,竹,118.5
U+7B25,笥,118,竹,118.5
U+7B26,符,118,竹,118.5
U+7B27,笧,118,竹,118.5
U+7B28,笨,118,竹,118.5
U+7B29,笩,118,竹,118.5
U+7B2A,笪,118,竹,118.5
U+7B2B,笫,118,竹,118.5
U+7B2C,第,118,竹,118.5
U+7B2D,笭,118,竹,118.5
U+7B2E,笮,118,竹,118.5
U+7B2F,笯,118,竹,118.5
U+7B30,笰,118,竹,118.5
U+7B31,笱,118,竹,118.5
U+7B32,笲,118,竹,118.5
U+7B33,笳,118,竹,118.5
U+7B34,笴,118,竹,118.5
U+7B35,笵,118,竹,118.5
U+7B36,笶,118,竹,118.5
U+7B37,笷,118,竹,118.5
U+7B38,笸,118,竹,118.5
U+7B39,笹,118,竹,118.5
U+7B3A,笺,118,竹,118.5
U+7B3B,笻,118,竹,118.5
U+7B3C,笼,118,竹,118.5
U+7B3D,笽,118,竹,118.5
U+7B3E,笾,118,竹,118.5
U+7B3F,笿,118,竹,118.6
U+7B40,筀,118,竹,118.6
U+7B41,筁,118,竹,118.6
U+7B42,筂,118,竹,118.6
U+7B43,筃,118,竹,118.6
U+7B44,筄,118,竹,118.6
U+7B45,筅,118,竹,118.6
U+7B46,筆,118,竹,118.6
U+7B47,筇,118,竹,118.6
U+7B48,筈,118,竹,118.6
U+7B49,等,118,竹,118.6
U+7B4A,筊,118,竹,118.6
U+7B4B,筋,118,竹,118.6
U+7B4C,筌,118,竹,118.6
U+7B4D,筍,118,竹,118.6
U+7B4E,筎,118,竹,118.6
U+7B4F,筏,118,竹,118.6
U+7B50,筐,118,竹,118.6
U+7B51,筑,118,竹,118.6
U+7B52,筒,118,竹,118.6
U+7B53,筓,118,竹,118.6
U+7B54,答,118,竹,118.6
U+7B55,筕,118,竹,118.6
U+7B56,策,118,竹,118.6
U+7B57,筗,118,竹,118.6
U+7B58,筘,118,竹,118.6
U+7B59,筙,118,竹,118.6
U+7B5A,筚,118,竹,118.6
U+7B5B,筛,118,竹,118.6
U+7B5C,筜,118,竹,118.6
U+7B5D,筝,118,竹,118.6
U+7B5E,筞,118,竹,118.7
U+7B5F,筟,118,竹,118.7
U+7B60,筠,118,竹,118.7
U+7B61,筡,118,竹,118.7
U+7B62,筢,118,竹,118.7
U+7B63,筣,118,竹,118.7
U+7B64,筤,118,竹,118.7
U+7B65,筥,118,竹,118.7
U+7B66,筦,118,竹,118.7
U+7B67,筧,118,竹,118.7
U+7B68,筨,118,竹,118.7
U+7B69,筩,118,竹,118.7
U+7B6A,筪,118,竹,118.7
U+7B6B,筫,118,竹,118.7
U+7B6C,筬,118,竹,118.7
U+7B6D,筭,118,竹,118.7
U+7B6E,筮,118,竹,118.7
U+7B6F,筯,118,竹,118.7
U+7B70,筰,118,竹,118.7
U+7B71,筱,118,竹,118.7
U+7B72,筲,118,竹,118.7
U+7B73,筳,118,竹,118.7
U+7B74,筴,118,竹,118.7
U+7B75,筵,118,竹,118.7
U+7B76,筶,118,竹,118.7
U+7B77,筷,118,竹,118.7
U+7B78,筸,118,竹,118.7
U+7B79,筹,118,竹,118.7
U+7B7A,筺,118,竹,118.7
U+7B7B,筻,118,竹,118.7
U+7B7C,筼,118,竹,118.7
U+7B7D,筽,118,竹,118.7
U+7B7E,签,118,竹,118.7
U+7B7F,筿,118,竹,118.7
U+7B80,简,118,竹,118.7
U+7B81,箁,118,竹,118.8
U+7B82,箂,118,竹,118.8
U+7B83,箃,118,竹,118.8
U+7B84,箄,118,竹,118.8
U+7B85,箅,118,竹,118.8
U+7B86,箆,118,竹,118.8
U+7B87,箇,118,竹,118.8
U+7B88,箈,118,竹,118.8
U+7B89,箉,118,竹,118.8
U+7B8A,箊,118,竹,118.8
U+7B8B,箋,118,竹,118.8
U+7B8C,箌,118,竹,118.8
U+7B8D,箍,118,竹,118.8
U+7B8E,箎,118,竹,118.8
U+7B8F,箏,118,竹,118.8
U+7B90,箐,118,竹,118.8
U+7B91,箑,118,竹,118.8
U+7B92,箒,118,竹,118.8
U+7B93,箓,118,竹,118.8
U+7B94,箔,118,竹,118.8
U+7B95,箕,118,竹,118.8
U+7B96,箖,118,竹,118.8
U+7B97,算,118,竹,118.8
U+7B98,箘,118,竹,118.8
U+7B99,箙,118,竹,118.8
U+7B9A,箚,118,竹,118.8
U+7B9B,箛,118,竹,118.8
U+7B9C,箜,118,竹,118.8
U+7B9D,箝,118,竹,118.8
U+7B9E,箞,118,竹,118.8
U+7B9F,箟,118,竹,118.8
U+7BA0,箠,118,竹,118.8
U+7BA1,管,118,竹,118.8
U+7BA2,箢,118,竹,118.8
U+7BA3,箣,118,竹,118.8
U+7BA4,箤,118,竹,118.8
U+7BA5,箥,118,竹,118.8
U+7BA6,箦,118,竹,118.8
U+7BA7,箧,118,竹,118.8
U+7BA8,箨,118,竹,118.8
U+7BA9,箩,118,竹,118.8
U+7BAA,箪,118,竹,118.8
U+7BAB,箫,118,竹,118.8
U+7BAC,箬,118,竹,118.9
U+7BAD,箭,118,竹,118.9
U+7BAE,箮,118,竹,118.9
U+7BAF,箯,118,竹,118.9
U+7BB0,箰,118,竹,118.9
U+7BB1,箱,118,竹,118.9
U+7BB2,箲,118,竹,118.9
U+7BB3,箳,118,竹,118.9
U+7BB4,箴,118,竹,118.9
U+7BB5,箵,118,竹,118.9
U+7BB6,箶,118,竹,118.9
U+7BB7,箷,118,竹,118.9
U+7BB8,箸,118,竹,118.9
U+7BB9,箹,118,竹,118.9
U+7BBA,箺,118,竹,118.9
U+7BBB,箻,118,竹,118.9
U+7BBC,箼,118,竹,118.9
U+7BBD,箽,118,竹,118.9
U+7BBE,箾,118,竹,118.9
U+7BBF,箿,118,竹,118.9
U+7BC0,節,118,竹,118.7
U+7BC1,篁,118,竹,118.9
U+7BC2,篂,118,竹,118.9
U+7BC3,篃,118,竹,118.9
U+7BC4,範,118,竹,118.9
U+7BC5,篅,118,竹,118.9
U+7BC6,篆,118,竹,118.9
U+7BC7,篇,118,竹,118.9
U+7BC8,篈,118,竹,118.9
U+7BC9,築,118,竹,118.10
U+7BCA,篊,118,竹,118.9
U+7BCB,篋,118,竹,118.9
U+7BCC,篌,118,竹,118.9
U+7BCD,篍,118,竹,118.9
U+7BCE,篎,118,竹,118.9
U+7BCF,篏,118,竹,118.9
U+7BD0,篐,118,竹,118.9
U+7BD1,篑,118,竹,118.9
U+7BD2,篒,118,竹,118.9
U+7BD3,篓,118,竹,118.9
U+7BD4,篔,118,竹,118.10
U+7BD5,篕,118,竹,118.10
U+7BD6,篖,118,竹,118.10
U+7BD7,篗,118,竹,118.10
U+7BD8,篘,118,竹,118.10
U+7BD9,篙,118,竹,118.10
U+7BDA,篚,118,竹,118.10
U+7BDB,篛,118,竹,118.10
U+7BDC,篜,118,竹,118.10
U+7BDD,篝,118,竹,118.10
U+7BDE,篞,118,竹,118.10
U+7BDF,篟,118,竹,118.10
U+7BE0,篠,118,竹,118.10
U+7BE1,篡,118,竹,118.10
U+7BE2,篢,118,竹,118.10
U+7BE3,篣,118,竹,118.10
U+7BE4,篤,118,竹,118.10
U+7BE5,篥,118,竹,118.10
U+7BE6,篦,118,竹,118.10
U+7BE7,篧,118,竹,118.10
U+7BE8,篨,118,竹,118.10
U+7BE9,篩,118,竹,118.10
U+7BEA,篪,118,竹,118.10
U+7BEB,篫,118,竹,118.10
U+7BEC,篬,118,竹,118.10
U+7BED,篭,118,竹,118.10
U+7BEE,篮,118,竹,118.10
U+7BEF,篯,118,竹,118.10
U+7BF0,篰,118,竹,118.11
U+7BF1,篱,118,竹,118.11
U+7BF2,篲,118,竹,118.11
U+7BF3,篳,118,竹,118.11
U+7BF4,篴,118,竹,118.11
U+7BF5,篵,118,竹,118.11
U+7BF6,篶,118,竹,118.11
U+7BF7,篷,118,竹,118.11
U+7BF8,篸,118,竹,118.11
U+7BF9,篹,118,竹,118.11
U+7BFA,篺,118,竹,118.11
U+7BFB,篻,118,竹,118.11
U+7BFC,篼,118,竹,118.11
U+7BFD,篽,118,竹,118.11
U+7BFE,篾,118,竹,118.11
U+7BFF,篿,118,竹,118.11
U+7C00,簀,118,竹,118.11
U+7C01,簁,118,竹,118.11
U+7C02,簂,118,竹,118.11
U+7C03,簃,118,竹,118.11
U+7C04,簄,118,竹,118.11
U+7C05,簅,118,竹,118.11
U+7C06,簆,118,竹,118.11
U+7C07,簇,118,竹,118.11
U+7C08,簈,118,竹,118.11
U+7C09,簉,118,竹,118.11
U+7C0A,簊,118,竹,118.11
U+7C0B,簋,118,竹,118.11
U+7C0C,簌,118,竹,118.11
U+7C0D,簍,118,竹,118.11
U+7C0E,簎,118,竹,118.11
U+7C0F,簏,118,竹,118.11
U+7C10,簐,118,竹,118.11
U+7C11,簑,118,竹,118.10
U+7C12,簒,118,竹,118.11
U+7C13,簓,118,竹,118.11
U+7C14,簔,118,竹,118.11
U+7C15,簕,118,竹,118.10
U+7C16,簖,118,竹,118.11
U+7C17,簗,118,竹,118.11
U+7C18,簘,118,竹,118.12
U+7C19,簙,118,竹,118.12
U+7C1A,簚,118,竹,118.12
U+7C1B,簛,118,竹,118.12
U+7C1C,簜,118,竹,118.12
U+7C1D,簝,118,竹,118.12
U+7C1E,簞,118,竹,118.12
U+7C1F,簟,118,竹,118.12
U+7C20,簠,118,竹,118.12
U+7C21,簡,118,竹,118.12
U+7C22,簢,118,竹,118.12
U+7C23,簣,118,竹,118.12
U+7C24,簤,118,竹,118.12
U+7C25,簥,118,竹,118.12
U+7C26,簦,118,竹,118.12
U+7C27,簧,118,竹,118.12
U+7C28,簨,118,竹,118.12
U+7C29,簩,118,竹,118.12
U+7C2A,簪,118,竹,118.12
U+7C2B,簫,118,竹,118.12
U+7C2C,簬,118,竹,118.12
U+7C2D,簭,118,竹,118.12
U+7C2E,簮,118,竹,118.12
U+7C2F,簯,118,竹,118.12
U+7C30,簰,118,竹,118.12
U+7C31,簱,118,竹,118.12
U+7C32,簲,118,竹,118.12
U+7C33,簳,118,竹,118.13
U+7C34,簴,118,竹,118.13
U+7C35,簵,118,竹,118.13
U+7C36,簶,118,竹,118.13
U+7C37,簷,118,竹,118.13
U+7C38,簸,118,竹,118.13
U+7C39,簹,118,竹,118.13
U+7C3A,簺,118,竹,118.13
U+7C3B,簻,118,竹,118.13
U+7C3C,簼,118,竹,118.13
U+7C3D,簽,118,竹,118.13
U+7C3E,簾,118,竹,118.13
U+7C3F,簿,118,竹,118.13
U+7C40,籀,118,竹,118.13
U+7C41,籁,118,竹,118.13
U+7C42,籂,118,竹,118.13
U+7C43,籃,118,竹,118.14
U+7C44,籄,118,竹,118.14
U+7C45,籅,118,竹,118.14
U+7C46,籆,118,竹,118.14
U+7C47,籇,118,竹,118.14
U+7C48,籈,118,竹,118.14
U+7C49,籉,118,竹,118.14
U+7C4A,籊,118,竹,118.14
U+7C4B,籋,118,竹,118.14
U+7C4C,籌,118,竹,118.14
U+7C4D,籍,118,竹,118.14
U+7C4E,籎,118,竹,118.14
U+7C4F,籏,118,竹,118.14
U+7C50,籐,118,竹,118.15
U+7C51,籑,118,竹,118.15
U+7C52,籒,118,竹,118.15
U+7C53,籓,118,竹,118.15
U+7C54,籔,118,竹,118.15
U+7C55,籕,118,竹,118.14
U+7C56,籖,118,竹,118.14
U+7C57,籗,118,竹,118.16
U+7C58,籘,118,竹,118.16
U+7C59,籙,118,竹,118.16
U+7C5A,籚,118,竹,118.16
U+7C5B,籛,118,竹,118.16
U+7C5C,籜,118,竹,118.16
U+7C5D,籝,118,竹,118.16
U+7C5E,籞,118,竹,118.16
U+7C5F,籟,118,竹,118.16
U+7C60,籠,118,竹,118.16
U+7C61,籡,118,竹,118.16
U+7C62,籢,118,竹,118.17
U+7C63,籣,118,竹,118.17
U+7C64,籤,118,竹,118.17
U+7C65,籥,118,竹,118.17
U+7C66,籦,118,竹,118.17
U+7C67,籧,118,竹,118.17
U+7C68,籨,118,竹,118.17
U+7C69,籩,118,竹,118.19
U+7C6A,籪,118,竹,118.18
U+7C6B,籫,118,竹,118.19
U+7C6C,籬,118,竹,118.19
U+7C6D,籭,118,竹,118.19
U+7C6E,籮,118,竹,118.19
U+7C6F,籯,118,竹,118.20
U+7C70,籰,118,竹,118.20
U+7C71,籱,118,竹,118.24
U+7C72,籲,118,竹,118.26
U+7C73,米,119,米,119.0
U+7C74,籴,119,米,119.2 11.6
U+7C75,籵,119,米,119.2
U+7C76,籶,119,米,119.2
U+7C77,籷,119,米,119.3
U+7C78,籸,119,米,119.3
U+7C79,籹,119,米,119.3
U+7C7A,籺,119,米,119.3
U+7C7B,类,119,米,119.3 37.6
U+7C7C,籼,119,米,119.3
U+7C7D,籽,119,米,119.3
U+7C7E,籾,119,米,119.3
U+7C7F,籿,119,米,119.3
U+7C80,粀,119,米,119.3
U+7C81,粁,119,米,119.3
U+7C82,粂,119,米,119.3
U+7C83,粃,119,米,119.4
U+7C84,粄,119,米,119.4
U+7C85,粅,119,米,119.4
U+7C86,粆,119,米,119.4
U+7C87,粇,119,米,119.4
U+7C88,粈,119,米,119.4
U+7C89,粉,119,米,119.4
U+7C8A,粊,119,米,119.4
U+7C8B,粋,119,米,119.4
U+7C8C,粌,119,米,119.4
U+7C8D,粍,119,米,119.4
U+7C8E,粎,119,米,119.4
U+7C8F,粏,119,米,119.4
U+7C90,粐,119,米,119.4
U+7C91,粑,119,米,119.4
U+7C92,粒,119,米,119.5
U+7C93,粓,119,米,119.5
U+7C94,粔,119,米,119.5
U+7C95,粕,119,米,119.5
U+7C96,粖,119,米,119.5
U+7C97,粗,119,米,119.5
U+7C98,粘,119,米,119.5
U+7C99,粙,119,米,119.5
U+7C9A,粚,119,米,119.5
U+7C9B,粛,119,米,119.5
U+7C9C,粜,119,米,119.5
U+7C9D,粝,119,米,119.5
U+7C9E,粞,119,米,119.6
U+7C9F,粟,119,米,119.6
U+7CA0,粠,119,米,119.6
U+7CA1,粡,119,米,119.6
U+7CA2,粢,119,米,119.6
U+7CA3,粣,119,米,119.5
U+7CA4,粤,119,米,119.6
U+7CA5,粥,119,米,119.6
U+7CA6,粦,119,米,119.6
U+7CA7,粧,119,米,119.6
U+7CA8,粨,119,米,119.6
U+7CA9,粩,119,米,119.6
U+7CAA,粪,119,米,119.6
U+7CAB,粫,119,米,119.6
U+7CAC,粬,119,米,119.6
U+7CAD,粭,119,米,119.6
U+7CAE,粮,119,米,119.7
U+7CAF,粯,119,米,119.7
U+7CB0,粰,119,米,119.7
U+7CB1,粱,119,米,119.7
U+7CB2,粲,119,米,119.7
U+7CB3,粳,119,米,119.7
U+7CB4,粴,119,米,119.7
U+7CB5,粵,119,米,119.7
U+7CB6,粶,119,米,119.8
U+7CB7,粷,119,米,119.8
U+7CB8,粸,119,米,119.8
U+7CB9,粹,119,米,119.8
U+7CBA,粺,119,米,119.8
U+7CBB,粻,119,米,119.8
U+7CBC,粼,119,米,119.8
U+7CBD,粽,119,米,119.8
U+7CBE,精,119,米,119.8
U+7CBF,粿,119,米,119.8
U+7CC0,糀,119,米,119.7
U+7CC1,糁,119,米,119.8
U+7CC2,糂,119,米,119.9
U+7CC3,糃,119,米,119.9
U+7CC4,糄,119,米,119.9
U+7CC5,糅,119,米,119.9
U+7CC6,糆,119,米,119.9
U+7CC7,糇,119,米,119.9
U+7CC8,糈,119,米,119.9
U+7CC9,糉,119,米,119.9
U+7CCA,糊,119,米,119.9
U+7CCB,糋,119,米,119.9
U+7CCC,糌,119,米,119.9
U+7CCD,糍,119,米,119.9
U+7CCE,糎,119,米,119.9
U+7CCF,糏,119,米,119.10
U+7CD0,糐,119,米,119.10
U+7CD1,糑,119,米,119.10
U+7CD2,糒,119,米,119.10
U+7CD3,糓,119,米,119.10
U+7CD4,糔,119,米,119.10
U+7CD5,糕,119,米,119.10
U+7CD6,糖,119,米,119.10
U+7CD7,糗,119,米,119.10
U+7CD8,糘,119,米,119.10
U+7CD9,糙,119,米,119.11
U+7CDA,糚,119,米,119.11
U+7CDB,糛,119,米,119.11
U+7CDC,糜,119,米,119.11
U+7CDD,糝,119,米,119.11
U+7CDE,糞,119,米,119.11
U+7CDF,糟,119,米,119.11
U+7CE0,糠,119,米,119.11
U+7CE1,糡,119,米,119.11
U+7CE2,糢,119,米,119.11
U+7CE3,糣,119,米,119.12
U+7CE4,糤,119,米,119.12
U+7CE5,糥,119,米,119.12
U+7CE6,糦,119,米,119.12
U+7CE7,糧,119,米,119.12
U+7CE8,糨,119,米,119.11
U+7CE9,糩,119,米,119.13
U+7CEA,糪,119,米,119.13
U+7CEB,糫,119,米,119.13
U+7CEC,糬,119,米,119.13
U+7CED,糭,119,米,119.13
U+7CEE,糮,119,米,119.14
U+7CEF,糯,119,米,119.14
U+7CF0,糰,119,米,119.14
U+7CF1,糱,119,米,119.16
U+7CF2,糲,119,米,119.15
U+7CF3,糳,119,米,119.16
U+7CF4,糴,119,米,119.16
U+7CF5,糵,119,米,119.17
U+7CF6,糶,119,米,119.19
U+7CF7,糷,119,米,119.21
U+7CF8,糸,120,糸,120.0
U+7CF9,糹,120,糸,120.0
U+7CFA,糺,120,糸,120.1
U+7CFB,系,120,糸,120.1
U+7CFC,糼,120,糸,120.2
U+7CFD,糽,120,糸,120.2
U+7CFE,糾,120,糸,120.2
U+7CFF,糿,120,糸,120.2
U+7D00,紀,120,糸,120.3
U+7D01,紁,120,糸,120.3
U+7D02,紂,120,糸,120.3
U+7D03,紃,120,糸,120.3
U+7D04,約,120,糸,120.3
U+7D05,紅,120,糸,120.3
U+7D06,紆,120,糸,120.3
U+7D07,紇,120,糸,120.3
U+7D08,紈,120,糸,120.3
U+7D09,紉,120,糸,120.3
U+7D0A,紊,120,糸,120.4
U+7D0B,紋,120,糸,120.4
U+7D0C,紌,120,糸,120.4
U+7D0D,納,120,糸,120.4
U+7D0E,紎,120,糸,120.4
U+7D0F,紏,120,糸,120.4
U+7D10,紐,120,糸,120.4
U+7D11,紑,120,糸,120.4
U+7D12,紒,120,糸,120.4
U+7D13,紓,120,糸,120.4
U+7D14,純,120,糸,120.4
U+7D15,紕,120,糸,120.4
U+7D16,紖,120,糸,120.4
U+7D17,紗,120,糸,120.4
U+7D18,紘,120,糸,120.4
U+7D19,紙,120,糸,120.4
U+7D1A,級,120,糸,120.4
U+7D1B,紛,120,糸,120.4
U+7D1C,紜,120,糸,120.4
U+7D1D,紝,120,糸,120.4
U+7D1E,紞,120,糸,120.4
U+7D1F,紟,120,糸,120.4
U+7D20,素,120,糸,120.4
U+7D21,紡,120,糸,120.4
U+7D22,索,120,糸,120.4
U+7D23,紣,120,糸,120.4
U+7D24,紤,120,糸,120.4
U+7D25,紥,120,糸,120.4
U+7D26,紦,120,糸,120.4
U+7D27,紧,120,糸,120.4
U+7D28,紨,120,糸,120.5
U+7D29,紩,120,糸,120.5
U+7D2A,紪,120,糸,120.5
U+7D2B,紫,120,糸,120.5
U+7D2C,紬,120,糸,120.5
U+7D2D,紭,120,糸,120.5
U+7D2E,紮,120,糸,120.5
U+7D2F,累,120,糸,120.5
U+7D30,細,120,糸,120.5
U+7D31,紱,120,糸,120.5
U+7D32,紲,120,糸,120.5
U+7D33,紳,120,糸,120.5
U+7D34,紴,120,糸,120.5
U+7D35,紵,120,糸,120.5
U+7D36,紶,120,糸,120.5
U+7D37,紷,120,糸,120.5
U+7D38,紸,120,糸,120.5
U+7D39,紹,120,糸,120.5
U+7D3A,紺,120,糸,120.5
U+7D3B,紻,120,糸,120.5
U+7D3C,紼,120,糸,120.5
U+7D3D,紽,120,糸,120.5
U+7D3E,紾,120,糸,120.5
U+7D3F,紿,120,糸,120.5
U+7D40,絀,120,糸,120.5
U+7D41,絁,120,糸,120.5
U+7D42,終,120,糸,120.5
U+7D43,絃,120,糸,120.5
U+7D44,組,120,糸,120.5
U+7D45,絅,120,糸,120.5
U+7D46,絆,120,糸,120.5
U+7D47,絇,120,糸,120.5
U+7D48,絈,120,糸,120.5
U+7D49,絉,120,糸,120.5
U+7D4A,絊,120,糸,120.5
U+7D4B,絋,120,糸,120.5
U+7D4C,経,120,糸,120.5
U+7D4D,絍,120,糸,120.6
U+7D4E,絎,120,糸,120.6
U+7D4F,絏,120,糸,120.6
U+7D50,結,120,糸,120.6
U+7D51,絑,120,糸,120.6
U+7D52,絒,120,糸,120.6
U+7D53,絓,120,糸,120.6
U+7D54,絔,120,糸,120.6
U+7D55,絕,120,糸,120.6
U+7D56,絖,120,糸,120.6
U+7D57,絗,120,糸,120.6
U+7D58,絘,120,糸,120.6
U+7D59,絙,120,糸,120.6
U+7D5A,絚,120,糸,120.6
U+7D5B,絛,120,糸,120.7
U+7D5C,絜,120,糸,120.6
U+7D5D,絝,120,糸,120.6
U+7D5E,絞,120,糸,120.6
U+7D5F,絟,120,糸,120.6
U+7D60,絠,120,糸,120.6
U+7D61,絡,120,糸,120.6
U+7D62,絢,120,糸,120.6
U+7D63,絣,120,糸,120.6
U+7D64,絤,120,糸,120.6
U+7D65,絥,120,糸,120.6
U+7D66,給,120,糸,120.6
U+7D67,絧,120,糸,120.6
U+7D68,絨,120,糸,120.6
U+7D69,絩,120,糸,120.6
U+7D6A,絪,120,糸,120.6
U+7D6B,絫,120,糸,120.6
U+7D6C,絬,120,糸,120.6
U+7D6D,絭,120,糸,120.6
U+7D6E,絮,120,糸,120.6
U+7D6F,絯,120,糸,120.6
U+7D70,絰,120,糸,120.6
U+7D71,統,120,糸,120.6
U+7D72,絲,120,糸,120.6
U+7D73,絳,120,糸,120.6
U+7D74,絴,120,糸,120.6
U+7D75,絵,120,糸,120.6
U+7D76,絶,120,糸,120.6
U+7D77,絷,120,糸,120.6
U+7D78,絸,120,糸,120.7
U+7D79,絹,120,糸,120.7
U+7D7A,絺,120,糸,120.7
U+7D7B,絻,120,糸,120.7
U+7D7C,絼,120,糸,120.7
U+7D7D,絽,120,糸,120.7
U+7D7E,絾,120,糸,120.7
U+7D7F,絿,120,糸,120.7
U+7D80,綀,120,糸,120.7
U+7D81,綁,120,糸,120.7
U+7D82,綂,120,糸,120.7
U+7D83,綃,120,糸,120.7
U+7D84,綄,120,糸,120.7
U+7D85,綅,120,糸,120.7
U+7D86,綆,120,糸,120.7
U+7D87,綇,120,糸,120.7
U+7D88,綈,120,糸,120.7
U+7D89,綉,120,糸,120.7
U+7D8A,綊,120,糸,120.7
U+7D8B,綋,120,糸,120.7
U+7D8C,綌,120,糸,120.7
U+7D8D,綍,120,糸,120.7
U+7D8E,綎,120,糸,120.7
U+7D8F,綏,120,糸,120.7
U+7D90,綐,120,糸,120.7
U+7D91,綑,120,糸,120.7
U+7D92,綒,120,糸,120.7
U+7D93,經,120,糸,120.7
U+7D94,綔,120,糸,120.7
U+7D95,綕,120,糸,120.7
U+7D96,綖,120,糸,120.7
U+7D97,綗,120,糸,120.7
U+7D98,綘,120,糸,120.7
U+7D99,継,120,糸,120.7
U+7D9A,続,120,糸,120.7
U+7D9B,綛,120,糸,120.7
U+7D9C,綜,120,糸,120.8
U+7D9D,綝,120,糸,120.8
U+7D9E,綞,120,糸,120.8
U+7D9F,綟,120,糸,120.8
U+7DA0,綠,120,糸,120.8
U+7DA1,綡,120,糸,120.8
U+7DA2,綢,120,糸,120.8
U+7DA3,綣,120,糸,120.8
U+7DA4,綤,120,糸,120.8
U+7DA5,綥,120,糸,120.8
U+7DA6,綦,120,糸,120.8
U+7DA7,綧,120,糸,120.8
U+7DA8,綨,120,糸,120.8
U+7DA9,綩,120,糸,120.8
U+7DAA,綪,120,糸,120.8
U+7DAB,綫,120,糸,120.8
U+7DAC,綬,120,糸,120.8
U+7DAD,維,120,糸,120.8
U+7DAE,綮,120,糸,120.8
U+7DAF,綯,120,糸,120.8
U+7DB0,綰,120,糸,120.8
U+7DB1,綱,120,糸,120.8
U+7DB2,網,120,糸,120.8
U+7DB3,綳,120,糸,120.8
U+7DB4,綴,120,糸,120.8
U+7DB5,綵,120,糸,120.8
U+7DB6,綶,120,糸,120.8
U+7DB7,綷,120,糸,120.8
U+7DB8,綸,120,糸,120.8
U+7DB9,綹,120,糸,120.8
U+7DBA,綺,120,糸,120.8
U+7DBB,綻,120,糸,120.8
U+7DBC,綼,120,糸,120.8
U+7DBD,綽,120,糸,120.8
U+7DBE,綾,120,糸,120.8
U+7DBF,綿,120,糸,120.8
U+7DC0,緀,120,糸,120.8
U+7DC1,緁,120,糸,120.8
U+7DC2,緂,120,糸,120.8
U+7DC3,緃,120,糸,120.8
U+7DC4,緄,120,糸,120.8
U+7DC5,緅,120,糸,120.8
U+7DC6,緆,120,糸,120.8
U+7DC7,緇,120,糸,120.8
U+7DC8,緈,120,糸,120.8
U+7DC9,緉,120,糸,120.8
U+7DCA,緊,120,糸,120.8
U+7DCB,緋,120,糸,120.8
U+7DCC,緌,120,糸,120.8
U+7DCD,緍,120,糸,120.8
U+7DCE,緎,120,糸,120.8
U+7DCF,総,120,糸,120.8
U+7DD0,緐,120,糸,120.8
U+7DD1,緑,120,糸,120.8
U+7DD2,緒,120,糸,120.8
U+7DD3,緓,120,糸,120.9
U+7DD4,緔,120,糸,120.8
U+7DD5,緕,120,糸,120.8
U+7DD6,緖,120,糸,120.9
U+7DD7,緗,120,糸,120.9
U+7DD8,緘,120,糸,120.9
U+7DD9,緙,120,糸,120.9
U+7DDA,線,120,糸,120.9
U+7DDB,緛,120,糸,120.9
U+7DDC,緜,120,糸,120.9
U+7DDD,緝,120,糸,120.9
U+7DDE,緞,120,糸,120.9
U+7DDF,緟,120,糸,120.9
U+7DE0,締,120,糸,120.9
U+7DE1,緡,120,糸,120.9
U+7DE2,緢,120,糸,120.9
U+7DE3,緣,120,糸,120.9
U+7DE4,緤,120,糸,120.9
U+7DE5,緥,120,糸,120.9
U+7DE6,緦,120,糸,120.9
U+7DE7,緧,120,糸,120.9
U+7DE8,編,120,糸,120.9
U+7DE9,緩,120,糸,120.9
U+7DEA,緪,120,糸,120.9
U+7DEB,緫,120,糸,120.9
U+7DEC,緬,120,糸,120.9
U+7DED,緭,120,糸,120.9
U+7DEE,緮,120,糸,120.9
U+7DEF,緯,120,糸,120.9
U+7DF0,緰,120,糸,120.9
U+7DF1,緱,120,糸,120.9
U+7DF2,緲,120,糸,120.9
U+7DF3,緳,120,糸,120.9
U+7DF4,練,120,糸,120.9
U+7DF5,緵,120,糸,120.9
U+7DF6,緶,120,糸,120.9
U+7DF7,緷,120,糸,120.9
U+7DF8,緸,120,糸,120.9
U+7DF9,緹,120,糸,120.9
U+7DFA,緺,120,糸,120.9
U+7DFB,緻,120,糸,120.9
U+7DFC,緼,120,糸,120.9
U+7DFD,緽,120,糸,120.9
U+7DFE,緾,120,糸,120.9
U+7DFF,緿,120,糸,120.9
U+7E00,縀,120,糸,120.9
U+7E01,縁,120,糸,120.9
U+7E02,縂,120,糸,120.9
U+7E03,縃,120,糸,120.9
U+7E04,縄,120,糸,120.9
U+7E05,縅,120,糸,120.9
U+7E06,縆,120,糸,120.9
U+7E07,縇,120,糸,120.9
U+7E08,縈,120,糸,120.10
U+7E09,縉,120,糸,120.10
U+7E0A,縊,120,糸,120.10
U+7E0B,縋,120,糸,120.10
U+7E0C,縌,120,糸,120.10
U+7E0D,縍,120,糸,120.10
U+7E0E,縎,120,糸,120.10
U+7E0F,縏,120,糸,120.10
U+7E10,縐,120,糸,120.10
U+7E11,縑,120,糸,120.10
U+7E12,縒,120,糸,120.10
U+7E13,縓,120,糸,120.10
U+7E14,縔,120,糸,120.10
U+7E15,縕,120,糸,120.10
U+7E16,縖,120,糸,120.10
U+7E17,縗,120,糸,120.10
U+7E18,縘,120,糸,120.10
U+7E19,縙,120,糸,120.10
U+7E1A,縚,120,糸,120.10
U+7E1B,縛,120,糸,120.10
U+7E1C,縜,120,糸,120.10
U+7E1D,縝,120,糸,120.10
U+7E1E,縞,120,糸,120.10
U+7E1F,縟,120,糸,120.10
U+7E20,縠,120,糸,120.10
U+7E21,縡,120,糸,120.10
U+7E22,縢,120,糸,120.10
U+7E23,縣,120,糸,120.10
U+7E24,縤,120,糸,120.10
U+7E25,縥,120,糸,120.10
U+7E26,縦,120,糸,120.10
U+7E27,縧,120,糸,120.10
U+7E28,縨,120,糸,120.10
U+7E29,縩,120,糸,120.11
U+7E2A,縪,120,糸,120.11
U+7E2B,縫,120,糸,120.11
U+7E2C,縬,120,糸,120.11
U+7E2D,縭,120,糸,120.11
U+7E2E,縮,120,糸,120.11
U+7E2F,縯,120,糸,120.11
U+7E30,縰,120,糸,120.11
U+7E31,縱,120,糸,120.11
U+7E32,縲,120,糸,120.11
U+7E33,縳,120,糸,120.11
U+7E34,縴,120,糸,120.11
U+7E35,縵,120,糸,120.11
U+7E36,縶,120,糸,120.11
U+7E37,縷,120,糸,120.11
U+7E38,縸,120,糸,120.11
U+7E39,縹,120,糸,120.11
U+7E3A,縺,120,糸,120.11
U+7E3B,縻,120,糸,120.11
U+7E3C,縼,120,糸,120.11
U+7E3D,總,120,糸,120.11
U+7E3E,績,120,糸,120.11
U+7E3F,縿,120,糸,120.11
U+7E40,繀,120,糸,120.11
U+7E41,繁,120,糸,120.11
U+7E42,繂,120,糸,120.11
U+7E43,繃,120,糸,120.11
U+7E44,繄,120,糸,120.11
U+7E45,繅,120,糸,120.11
U+7E46,繆,120,糸,120.11
U+7E47,繇,120,糸,120.11
U+7E48,繈,120,糸,120.12
U+7E49,繉,120,糸,120.11
U+7E4A,繊,120,糸,120.11
U+7E4B,繋,120,糸,120.13
U+7E4C,繌,120,糸,120.11
U+7E4D,繍,120,糸,120.11
U+7E4E,繎,120,糸,120.12
U+7E4F,繏,120,糸,120.12
U+7E50,繐,120,糸,120.12
U+7E51,繑,120,糸,120.12
U+7E52,繒,120,糸,120.12
U+7E53,繓,120,糸,120.12
U+7E54,織,120,糸,120.12
U+7E55,繕,120,糸,120.12
U+7E56,繖,120,糸,120.12
U+7E57,繗,120,糸,120.12
U+7E58,繘,120,糸,120.12
U+7E59,繙,120,糸,120.12
U+7E5A,繚,120,糸,120.12
U+7E5B,繛,120,糸,120.12
U+7E5C,繜,120,糸,120.12
U+7E5D,繝,120,糸,120.12
U+7E5E,繞,120,糸,120.12
U+7E5F,繟,120,糸,120.12
U+7E60,繠,120,糸,120.12
U+7E61,繡,120,糸,120.12
U+7E62,繢,120,糸,120.12
U+7E63,繣,120,糸,120.12
U+7E64,繤,120,糸,120.12
U+7E65,繥,120,糸,120.12
U+7E66,繦,120,糸,120.13
U+7E67,繧,120,糸,120.12
U+7E68,繨,120,糸,120.13
U+7E69,繩,120,糸,120.13
U+7E6A,繪,120,糸,120.13
U+7E6B,繫,120,糸,120.13
U+7E6C,繬,120,糸,120.13
U+7E6D,繭,120,糸,120.13
U+7E6E,繮,120,糸,120.13
U+7E6F,繯,120,糸,120.13
U+7E70,繰,120,糸,120.13
U+7E71,繱,120,糸,120.12
U+7E72,繲,120,糸,120.13
U+7E73,繳,120,糸,120.13
U+7E74,繴,120,糸,120.13
U+7E75,繵,120,糸,120.13
U+7E76,繶,120,糸,120.13
U+7E77,繷,120,糸,120.13
U+7E78,繸,120,糸,120.13
U+7E79,繹,120,糸,120.13
U+7E7A,繺,120,糸,120.13
U+7E7B,繻,120,糸,120.14
U+7E7C,繼,120,糸,120.14
U+7E7D,繽,120,糸,120.14
U+7E7E,繾,120,糸,120.14
U+7E7F,繿,120,糸,120.14
U+7E80,纀,120,糸,120.14
U+7E81,纁,120,糸,120.14
U+7E82,纂,120,糸,120.14
U+7E83,纃,120,糸,120.14
U+7E84,纄,120,糸,120.15
U+7E85,纅,120,糸,120.15
U+7E86,纆,120,糸,120.15
U+7E87,纇,120,糸,120.15
U+7E88,纈,120,糸,120.15
U+7E89,纉,120,糸,120.15
U+7E8A,纊,120,糸,120.15
U+7E8B,纋,120,糸,120.15
U+7E8C,續,120,糸,120.15
U+7E8D,纍,120,糸,120.15
U+7E8E,纎,120,糸,120.15
U+7E8F,纏,120,糸,120.15
U+7E90,纐,120,糸,120.15
U+7E91,纑,120,糸,120.16
U+7E92,纒,120,糸,120.16
U+7E93,纓,120,糸,120.17
U+7E94,纔,120,糸,120.17
U+7E95,纕,120,糸,120.17
U+7E96,纖,120,糸,120.17
U+7E97,纗,120,糸,120.18
U+7E98,纘,120,糸,120.19
U+7E99,纙,120,糸,120.19
U+7E9A,纚,120,糸,120.19
U+7E9B,纛,120,糸,120.19
U+7E9C,纜,120,糸,120.21
U+7E9D,纝,120,糸,120.21
U+7E9E,纞,120,糸,120.23
U+7E9F,纟,120',纟,120'.0
U+7EA0,纠,120',纟,120'.2
U+7EA1,纡,120',纟,120'.3
U+7EA2,红,120',纟,120'.3
U+7EA3,纣,120',纟,120'.3
U+7EA4,纤,120',纟,120'.3
U+7EA5,纥,120',纟,120'.3
U+7EA6,约,120',纟,120'.3
U+7EA7,级,120',纟,120'.3
U+7EA8,纨,120',纟,120'.3
U+7EA9,纩,120',纟,120'.3
U+7EAA,纪,120',纟,120'.3
U+7EAB,纫,120',纟,120'.3
U+7EAC,纬,120',纟,120'.4
U+7EAD,纭,120',纟,120'.4
U+7EAE,纮,120',纟,120'.4
U+7EAF,纯,120',纟,120'.4
U+7EB0,纰,120',纟,120'.4
U+7EB1,纱,120',纟,120'.4
U+7EB2,纲,120',纟,120'.4
U+7EB3,纳,120',纟,120'.4
U+7EB4,纴,120',纟,120'.4
U+7EB5,纵,120',纟,120'.4
U+7EB6,纶,120',纟,120'.3
U+7EB7,纷,120',纟,120'.4
U+7EB8,纸,120',纟,120'.4
U+7EB9,纹,120',纟,120'.4
U+7EBA,纺,120',纟,120'.4
U+7EBB,纻,120',纟,120'.4
U+7EBC,纼,120',纟,120'.4
U+7EBD,纽,120',纟,120'.4
U+7EBE,纾,120',纟,120'.4
U+7EBF,线,120',纟,120'.5
U+7EC0,绀,120',纟,120'.5
U+7EC1,绁,120',纟,120'.5
U+7EC2,绂,120',纟,120'.5
U+7EC3,练,120',纟,120'.5
U+7EC4,组,120',纟,120'.5
U+7EC5,绅,120',纟,120'.5
U+7EC6,细,120',纟,120'.5
U+7EC7,织,120',纟,120'.5
U+7EC8,终,120',纟,120'.5
U+7EC9,绉,120',纟,120'.5
U+7ECA,绊,120',纟,120'.5
U+7ECB,绋,120',纟,120'.5
U+7ECC,绌,120',纟,120'.5
U+7ECD,绍,120',纟,120'.5
U+7ECE,绎,120',纟,120'.5
U+7ECF,经,120',纟,120'.5
U+7ED0,绐,120',纟,120'.5
U+7ED1,绑,120',纟,120'.6
U+7ED2,绒,120',纟,120'.6
U+7ED3,结,120',纟,120'.6
U+7ED4,绔,120',纟,120'.6
U+7ED5,绕,120',纟,120'.6
U+7ED6,绖,120',纟,120'.6
U+7ED7,绗,120',纟,120'.6
U+7ED8,绘,120',纟,120'.6
U+7ED9,给,120',纟,120'.6
U+7EDA,绚,120',纟,120'.6
U+7EDB,绛,120',纟,120'.6
U+7EDC,络,120',纟,120'.6
U+7EDD,绝,120',纟,120'.6
U+7EDE,绞,120',纟,120'.6
U+7EDF,统,120',纟,120'.6
U+7EE0,绠,120',纟,120'.7
U+7EE1,绡,120',纟,120'.7
U+7EE2,绢,120',纟,120'.7
U+7EE3,绣,120',纟,120'.7
U+7EE4,绤,120',纟,120'.7
U+7EE5,绥,120',纟,120'.7
U+7EE6,绦,120',纟,120'.7
U+7EE7,继,120',纟,120'.7
U+7EE8,绨,120',纟,120'.7
U+7EE9,绩,120',纟,120'.8
U+7EEA,绪,120',纟,120'.8
U+7EEB,绫,120',纟,120'.8
U+7EEC,绬,120',纟,120'.8
U+7EED,续,120',纟,120'.8
U+7EEE,绮,120',纟,120'.8
U+7EEF,绯,120',纟,120'.8
U+7EF0,绰,120',纟,120'.8
U+7EF1,绱,120',纟,120'.8
U+7EF2,绲,120',纟,120'.8
U+7EF3,绳,120',纟,120'.8
U+7EF4,维,120',纟,120'.8
U+7EF5,绵,120',纟,120'.8
U+7EF6,绶,120',纟,120'.8
U+7EF7,绷,120',纟,120'.8
U+7EF8,绸,120',纟,120'.8
U+7EF9,绹,120',纟,120'.8
U+7EFA,绺,120',纟,120'.8
U+7EFB,绻,120',纟,120'.8
U+7EFC,综,120',纟,120'.8
U+7EFD,绽,120',纟,120'.8
U+7EFE,绾,120',纟,120'.8
U+7EFF,绿,120',纟,120'.8
U+7F00,缀,120',纟,120'.8
U+7F01,缁,120',纟,120'.8
U+7F02,缂,120',纟,120'.9
U+7F03,缃,120',纟,120'.9
U+7F04,缄,120',纟,120'.9
U+7F05,缅,120',纟,120'.9
U+7F06,缆,120',纟,120'.9
U+7F07,缇,120',纟,120'.9
U+7F08,缈,120',纟,120'.9
U+7F09,缉,120',纟,120'.9
U+7F0A,缊,120',纟,120'.9
U+7F0B,缋,120',纟,120'.9
U+7F0C,缌,120',纟,120'.9
U+7F0D,缍,120',纟,120'.9
U+7F0E,缎,120',纟,120'.9
U+7F0F,缏,120',纟,120'.9
U+7F10,缐,120',纟,120'.9
U+7F11,缑,120',纟,120'.9
U+7F12,缒,120',纟,120'.9
U+7F13,缓,120',纟,120'.9
U+7F14,缔,120',纟,120'.9
U+7F15,缕,120',纟,120'.9
U+7F16,编,120',纟,120'.9
U+7F17,缗,120',纟,120'.9
U+7F18,缘,120',纟,120'.9
U+7F19,缙,120',纟,120'.10
U+7F1A,缚,120',纟,120'.10
U+7F1B,缛,120',纟,120'.10
U+7F1C,缜,120',纟,120'.10
U+7F1D,缝,120',纟,120'.10
U+7F1E,缞,120',纟,120'.10
U+7F1F,缟,120',纟,120'.10
U+7F20,缠,120',纟,120'.10
U+7F21,缡,120',纟,120'.10
U+7F22,缢,120',纟,120'.10
U+7F23,缣,120',纟,120'.10
U+7F24,缤,120',纟,120'.10
U+7F25,缥,120',纟,120'.11
U+7F26,缦,120',纟,120'.11
U+7F27,缧,120',纟,120'.11
U+7F28,缨,120',纟,120'.11
U+7F29,缩,120',纟,120'.11
U+7F2A,缪,120',纟,120'.11
U+7F2B,缫,120',纟,120'.11
U+7F2C,缬,120',纟,120'.12
U+7F2D,缭,120',纟,120'.12
U+7F2E,缮,120',纟,120'.12
U+7F2F,缯,120',纟,120'.12
U+7F30,缰,120',纟,120'.13
U+7F31,缱,120',纟,120'.13
U+7F32,缲,120',纟,120'.13
U+7F33,缳,120',纟,120'.13
U+7F34,缴,120',纟,120'.13
U+7F35,缵,120',纟,120'.16
U+7F36,缶,121,缶,121.0
U+7F37,缷,121,缶,121.2
U+7F38,缸,121,缶,121.3
U+7F39,缹,121,缶,121.4
U+7F3A,缺,121,缶,121.4
U+7F3B,缻,121,缶,121.5
U+7F3C,缼,121,缶,121.4
U+7F3D,缽,121,缶,121.5
U+7F3E,缾,121,缶,121.6
U+7F3F,缿,121,缶,121.6
U+7F40,罀,121,缶,121.6
U+7F41,罁,121,缶,121.8
U+7F42,罂,121,缶,121.8
U+7F43,罃,121,缶,121.10
U+7F44,罄,121,缶,121.11
U+7F45,罅,121,缶,121.11
U+7F46,罆,121,缶,121.11
U+7F47,罇,121,缶,121.12
U+7F48,罈,121,缶,121.12
U+7F49,罉,121,缶,121.12
U+7F4A,罊,121,缶,121.13
U+7F4B,罋,121,缶,121.13
U+7F4C,罌,121,缶,121.14
U+7F4D,罍,121,缶,121.15
U+7F4E,罎,121,缶,121.16
U+7F4F,罏,121,缶,121.16
U+7F50,罐,121,缶,121.18
U+7F51,网,122,网,122.0
U+7F52,罒,122,网,122.0
U+7F53,罓,122,网,122.0
U+7F54,罔,122,网,122.3
U+7F55,罕,122,网,122.3
U+7F56,罖,122,网,122.3
U+7F57,罗,122,网,122.3
U+7F58,罘,122,网,122.4
U+7F59,罙,122,网,122.4
U+7F5A,罚,122,网,122.4
U+7F5B,罛,122,网,122.5
U+7F5C,罜,122,网,122.5
U+7F5D,罝,122,网,122.5
U+7F5E,罞,122,网,122.5
U+7F5F,罟,122,网,122.5
U+7F60,罠,122,网,122.5
U+7F61,罡,122,网,122.5
U+7F62,罢,122,网,122.5
U+7F63,罣,122,网,122.6
U+7F64,罤,122,网,122.7
U+7F65,罥,122,网,122.7
U+7F66,罦,122,网,122.7
U+7F67,罧,122,网,122.8
U+7F68,罨,122,网,122.8
U+7F69,罩,122,网,122.8
U+7F6A,罪,122,网,122.8
U+7F6B,罫,122,网,122.8
U+7F6C,罬,122,网,122.8
U+7F6D,罭,122,网,122.8
U+7F6E,置,122,网,122.8
U+7F6F,罯,122,网,122.9
U+7F70,罰,122,网,122.9
U+7F71,罱,122,网,122.9
U+7F72,署,122,网,122.8
U+7F73,罳,122,网,122.9
U+7F74,罴,122,网,122.9 86.10
U+7F75,罵,122,网,122.10
U+7F76,罶,122,网,122.10
U+7F77,罷,122,网,122.10
U+7F78,罸,122,网,122.10
U+7F79,罹,122,网,122.11
U+7F7A,罺,122,网,122.11
U+7F7B,罻,122,网,122.11
U+7F7C,罼,122,网,122.11
U+7F7D,罽,122,网,122.12
U+7F7E,罾,122,网,122.12
U+7F7F,罿,122,网,122.12
U+7F80,羀,122,网,122.12
U+7F81,羁,122,网,122.12
U+7F82,羂,122,网,122.13
U+7F83,羃,122,网,122.14
U+7F84,羄,122,网,122.14
U+7F85,羅,122,网,122.14
U+7F86,羆,122,网,122.14
U+7F87,羇,122,网,122.17
U+7F88,羈,122,网,122.19
U+7F89,羉,122,网,122.19
U+7F8A,羊,123,羊,123.0
U+7F8B,羋,123,羊,123.1
U+7F8C,羌,123,羊,123.2
U+7F8D,羍,123,羊,123.3
U+7F8E,美,123,羊,123.3
U+7F8F,羏,123,羊,123.3
U+7F90,羐,123,羊,123.3
U+7F91,羑,123,羊,123.3
U+7F92,羒,123,羊,123.4
U+7F93,羓,123,羊,123.4
U+7F94,羔,123,羊,123.4
U+7F95,羕,123,羊,123.5
U+7F96,羖,123,羊,123.4
U+7F97,羗,123,羊,123.4
U+7F98,羘,123,羊,123.4
U+7F99,羙,123,羊,123.4
U+7F9A,羚,123,羊,123.5
U+7F9B,羛,123,羊,123.5
U+7F9C,羜,123,羊,123.5
U+7F9D,羝,123,羊,123.5
U+7F9E,羞,123,羊,123.5
U+7F9F,羟,123,羊,123.5
U+7FA0,羠,123,羊,123.6
U+7FA1,羡,123,羊,123.6
U+7FA2,羢,123,羊,123.6
U+7FA3,羣,123,羊,123.7
U+7FA4,群,123,羊,123.7
U+7FA5,羥,123,羊,123.7
U+7FA6,羦,123,羊,123.7
U+7FA7,羧,123,羊,123.7
U+7FA8,羨,123,羊,123.7
U+7FA9,義,123,羊,123.7
U+7FAA,羪,123,羊,123.7
U+7FAB,羫,123,羊,123.8
U+7FAC,羬,123,羊,123.9
U+7FAD,羭,123,羊,123.9
U+7FAE,羮,123,羊,123.9
U+7FAF,羯,123,羊,123.9
U+7FB0,羰,123,羊,123.9
U+7FB1,羱,123,羊,123.10
U+7FB2,羲,123,羊,123.10
U+7FB3,羳,123,羊,123.12
U+7FB4,羴,123,羊,123.12
U+7FB5,羵,123,羊,123.12
U+7FB6,羶,123,羊,123.13
U+7FB7,羷,123,羊,123.13
U+7FB8,羸,123,羊,123.13
U+7FB9,羹,123,羊,123.13
U+7FBA,羺,123,羊,123.14
U+7FBB,羻,123,羊,123.15
U+7FBC,羼,123,羊,123.15
U+7FBD,羽,124,羽,124.0
U+7FBE,羾,124,羽,124.3
U+7FBF,羿,124,羽,124.3
U+7FC0,翀,124,羽,124.4
U+7FC1,翁,124,羽,124.4
U+7FC2,翂,124,羽,124.4
U+7FC3,翃,124,羽,124.4
U+7FC4,翄,124,羽,124.4
U+7FC5,翅,124,羽,124.4
U+7FC6,翆,124,羽,124.4
U+7FC7,翇,124,羽,124.5
U+7FC8,翈,124,羽,124.5
U+7FC9,翉,124,羽,124.5
U+7FCA,翊,124,羽,124.5
U+7FCB,翋,124,羽,124.5
U+7FCC,翌,124,羽,124.5
U+7FCD,翍,124,羽,124.5
U+7FCE,翎,124,羽,124.5
U+7FCF,翏,124,羽,124.5
U+7FD0,翐,124,羽,124.5
U+7FD1,翑,124,羽,124.5
U+7FD2,習,124,羽,124.5
U+7FD3,翓,124,羽,124.6
U+7FD4,翔,124,羽,124.6
U+7FD5,翕,124,羽,124.6
U+7FD6,翖,124,羽,124.6
U+7FD7,翗,124,羽,124.6
U+7FD8,翘,124,羽,124.6
U+7FD9,翙,124,羽,124.6
U+7FDA,翚,124,羽,124.6
U+7FDB,翛,124,羽,124.7
U+7FDC,翜,124,羽,124.7
U+7FDD,翝,124,羽,124.7
U+7FDE,翞,124,羽,124.8
U+7FDF,翟,124,羽,124.8
U+7FE0,翠,124,羽,124.8
U+7FE1,翡,124,羽,124.8
U+7FE2,翢,124,羽,124.8
U+7FE3,翣,124,羽,124.8
U+7FE4,翤,124,羽,124.8
U+7FE5,翥,124,羽,124.9
U+7FE6,翦,124,羽,124.9
U+7FE7,翧,124,羽,124.9
U+7FE8,翨,124,羽,124.9
U+7FE9,翩,124,羽,124.9
U+7FEA,翪,124,羽,124.9
U+7FEB,翫,124,羽,124.9
U+7FEC,翬,124,羽,124.9
U+7FED,翭,124,羽,124.9
U+7FEE,翮,124,羽,124.10
U+7FEF,翯,124,羽,124.10
U+7FF0,翰,124,羽,124.10
U+7FF1,翱,124,羽,124.10
U+7FF2,翲,124,羽,124.11
U+7FF3,翳,124,羽,124.11
U+7FF4,翴,124,羽,124.11
U+7FF5,翵,124,羽,124.11 196.6
U+7FF6,翶,124,羽,124.11
U+7FF7,翷,124,羽,124.12
U+7FF8,翸,124,羽,124.12
U+7FF9,翹,124,羽,124.12
U+7FFA,翺,124,羽,124.12
U+7FFB,翻,124,羽,124.12
U+7FFC,翼,124,羽,124.11
U+7FFD,翽,124,羽,124.13
U+7FFE,翾,124,羽,124.13
U+7FFF,翿,124,羽,124.14
U+8000,耀,124,羽,124.14
U+8001,老,125,老,125.0
U+8002,耂,125,老,125.-2
U+8003,考,125,老,125.0
U+8004,耄,125,老,125.4
U+8005,者,125,老,125.4
U+8006,耆,125,老,125.4 72.6
U+8007,耇,125,老,125.5
U+8008,耈,125,老,125.5
U+8009,耉,125,老,125.5
U+800A,耊,125,老,125.6
U+800B,耋,125,老,125.6
U+800C,而,126,而,126.0
U+800D,耍,126,而,126.3
U+800E,耎,126,而,126.3
U+800F,耏,126,而,126.3
U+8010,耐,126,而,126.3
U+8011,耑,126,而,126.3
U+8012,耒,127,耒,127.0
U+8013,耓,127,耒,127.2
U+8014,耔,127,耒,127.3
U+8015,耕,127,耒,127.4
U+8016,耖,127,耒,127.4
U+8017,耗,127,耒,127.4
U+8018,耘,127,耒,127.4
U+8019,耙,127,耒,127.4
U+801A,耚,127,耒,127.5
U+801B,耛,127,耒,127.5
U+801C,耜,127,耒,127.5
U+801D,耝,127,耒,127.5
U+801E,耞,127,耒,127.5
U+801F,耟,127,耒,127.5
U+8020,耠,127,耒,127.6
U+8021,耡,127,耒,127.7
U+8022,耢,127,耒,127.7
U+8023,耣,127,耒,127.8
U+8024,耤,127,耒,127.8
U+8025,耥,127,耒,127.8
U+8026,耦,127,耒,127.9
U+8027,耧,127,耒,127.9
U+8028,耨,127,耒,127.10
U+8029,耩,127,耒,127.10
U+802A,耪,127,耒,127.10
U+802B,耫,127,耒,127.11
U+802C,耬,127,耒,127.11
U+802D,耭,127,耒,127.12
U+802E,耮,127,耒,127.12
U+802F,耯,127,耒,127.14
U+8030,耰,127,耒,127.15
U+8031,耱,127,耒,127.16
U+8032,耲,127,耒,127.16
U+8033,耳,128,耳,128.0
U+8034,耴,128,耳,128.1
U+8035,耵,128,耳,128.2
U+8036,耶,128,耳,128.3
U+8037,耷,128,耳,128.3
U+8038,耸,128,耳,128.4
U+8039,耹,128,耳,128.4
U+803A,耺,128,耳,128.4
U+803B,耻,128,耳,128.4
U+803C,耼,128,耳,128.4
U+803D,耽,128,耳,128.4
U+803E,耾,128,耳,128.4
U+803F,耿,128,耳,128.4
U+8040,聀,128,耳,128.4
U+8041,聁,128,耳,128.4
U+8042,聂,128,耳,128.4
U+8043,聃,128,耳,128.5
U+8044,聄,128,耳,128.5
U+8045,聅,128,耳,128.5
U+8046,聆,128,耳,128.5
U+8047,聇,128,耳,128.5
U+8048,聈,128,耳,128.5
U+8049,聉,128,耳,128.5
U+804A,聊,128,耳,128.5
U+804B,聋,128,耳,128.5
U+804C,职,128,耳,128.5
U+804D,聍,128,耳,128.5
U+804E,聎,128,耳,128.6
U+804F,聏,128,耳,128.6
U+8050,聐,128,耳,128.6
U+8051,聑,128,耳,128.6
U+8052,聒,128,耳,128.6
U+8053,聓,128,耳,128.6
U+8054,联,128,耳,128.6
U+8055,聕,128,耳,128.7
U+8056,聖,128,耳,128.7
U+8057,聗,128,耳,128.7
U+8058,聘,128,耳,128.7
U+8059,聙,128,耳,128.8
U+805A,聚,128,耳,128.8
U+805B,聛,128,耳,128.8
U+805C,聜,128,耳,128.8
U+805D,聝,128,耳,128.8
U+805E,聞,128,耳,128.8
U+805F,聟,128,耳,128.8
U+8060,聠,128,耳,128.6
U+8061,聡,128,耳,128.8
U+8062,聢,128,耳,128.8
U+8063,聣,128,耳,128.8
U+8064,聤,128,耳,128.9
U+8065,聥,128,耳,128.9
U+8066,聦,128,耳,128.9
U+8067,聧,128,耳,128.9
U+8068,聨,128,耳,128.9
U+8069,聩,128,耳,128.9
U+806A,聪,128,耳,128.9
U+806B,聫,128,耳,128.9
U+806C,聬,128,耳,128.10
U+806D,聭,128,耳,128.10
U+806E,聮,128,耳,128.12
U+806F,聯,128,耳,128.11
U+8070,聰,128,耳,128.11
U+8071,聱,128,耳,128.11
U+8072,聲,128,耳,128.11
U+8073,聳,128,耳,128.11
U+8074,聴,128,耳,128.12
U+8075,聵,128,耳,128.12
U+8076,聶,128,耳,128.12
U+8077,職,128,耳,128.12
U+8078,聸,128,耳,128.13
U+8079,聹,128,耳,128.14
U+807A,聺,128,耳,128.14
U+807B,聻,128,耳,128.14
U+807C,聼,128,耳,128.14
U+807D,聽,128,耳,128.16
U+807E,聾,128,耳,128.16
U+807F,聿,129,聿,129.0
U+8080,肀,129,聿,129.-2
U+8081,肁,129,聿,129.4
U+8082,肂,129,聿,129.4
U+8083,肃,129,聿,129.4
U+8084,肄,129,聿,129.7
U+8085,肅,129,聿,129.7
U+8086,肆,129,聿,129.7
U+8087,肇,129,聿,129.8
U+8088,肈,129,聿,129.8
U+8089,肉,130,肉,130.0
U+808A,肊,130,肉,130.1
U+808B,肋,130,肉,130.2
U+808C,肌,130,肉,130.2
U+808D,肍,130,肉,130.2
U+808E,肎,130,肉,130.2
U+808F,肏,130,肉,130.2
U+8090,肐,130,肉,130.3
U+8091,肑,130,肉,130.3
U+8092,肒,130,肉,130.3
U+8093,肓,130,肉,130.3
U+8094,肔,130,肉,130.3
U+8095,肕,130,肉,130.3
U+8096,肖,130,肉,130.3
U+8097,肗,130,肉,130.3
U+8098,肘,130,肉,130.3
U+8099,肙,130,肉,130.3
U+809A,肚,130,肉,130.3
U+809B,肛,130,肉,130.3
U+809C,肜,130,肉,130.3
U+809D,肝,130,肉,130.3
U+809E,肞,130,肉,130.3
U+809F,肟,130,肉,130.3
U+80A0,肠,130,肉,130.3
U+80A1,股,130,肉,130.4
U+80A2,肢,130,肉,130.4
U+80A3,肣,130,肉,130.4
U+80A4,肤,130,肉,130.4
U+80A5,肥,130,肉,130.4
U+80A6,肦,130,肉,130.4
U+80A7,肧,130,肉,130.4
U+80A8,肨,130,肉,130.4
U+80A9,肩,130,肉,130.4
U+80AA,肪,130,肉,130.4
U+80AB,肫,130,肉,130.4
U+80AC,肬,130,肉,130.4
U+80AD,肭,130,肉,130.4
U+80AE,肮,130,肉,130.4
U+80AF,肯,130,肉,130.4
U+80B0,肰,130,肉,130.4
U+80B1,肱,130,肉,130.4
U+80B2,育,130,肉,130.4
U+80B3,肳,130,肉,130.4
U+80B4,肴,130,肉,130.4
U+80B5,肵,130,肉,130.4
U+80B6,肶,130,肉,130.4
U+80B7,肷,130,肉,130.4
U+80B8,肸,130,肉,130.4
U+80B9,肹,130,肉,130.4
U+80BA,肺,130,肉,130.4
U+80BB,肻,130,肉,130.4
U+80BC,肼,130,肉,130.4
U+80BD,肽,130,肉,130.4
U+80BE,肾,130,肉,130.4
U+80BF,肿,130,肉,130.4
U+80C0,胀,130,肉,130.4
U+80C1,胁,130,肉,130.4
U+80C2,胂,130,肉,130.5
U+80C3,胃,130,肉,130.5
U+80C4,胄,130,肉,130.5
U+80C5,胅,130,肉,130.5
U+80C6,胆,130,肉,130.5
U+80C7,胇,130,肉,130.5
U+80C8,胈,130,肉,130.5
U+80C9,胉,130,肉,130.5
U+80CA,胊,130,肉,130.5
U+80CB,胋,130,肉,130.5
U+80CC,背,130,肉,130.5
U+80CD,胍,130,肉,130.5
U+80CE,胎,130,肉,130.5
U+80CF,胏,130,肉,130.5
U+80D0,胐,130,肉,130.5
U+80D1,胑,130,肉,130.5
U+80D2,胒,130,肉,130.5
U+80D3,胓,130,肉,130.5
U+80D4,胔,130,肉,130.5
U+80D5,胕,130,肉,130.5
U+80D6,胖,130,肉,130.5
U+80D7,胗,130,肉,130.5
U+80D8,胘,130,肉,130.5
U+80D9,胙,130,肉,130.5
U+80DA,胚,130,肉,130.5
U+80DB,胛,130,肉,130.5
U+80DC,胜,130,肉,130.5
U+80DD,胝,130,肉,130.5
U+80DE,胞,130,肉,130.5
U+80DF,胟,130,肉,130.5
U+80E0,胠,130,肉,130.5
U+80E1,胡,130,肉,130.5
U+80E2,胢,130,肉,130.5
U+80E3,胣,130,肉,130.5
U+80E4,胤,130,肉,130.5
U+80E5,胥,130,肉,130.5
U+80E6,胦,130,肉,130.5
U+80E7,胧,130,肉,130.5
U+80E8,胨,130,肉,130.5
U+80E9,胩,130,肉,130.5
U+80EA,胪,130,肉,130.5
U+80EB,胫,130,肉,130.5
U+80EC,胬,130,肉,130.5
U+80ED,胭,130,肉,130.6
U+80EE,胮,130,肉,130.6
U+80EF,胯,130,肉,130.6
U+80F0,胰,130,肉,130.6
U+80F1,胱,130,肉,130.6
U+80F2,胲,130,肉,130.6
U+80F3,胳,130,肉,130.6
U+80F4,胴,130,肉,130.6
U+80F5,胵,130,肉,130.6
U+80F6,胶,130,肉,130.6
U+80F7,胷,130,肉,130.6
U+80F8,胸,130,肉,130.6
U+80F9,胹,130,肉,130.6
U+80FA,胺,130,肉,130.6
U+80FB,胻,130,肉,130.6
U+80FC,胼,130,肉,130.6
U+80FD,能,130,肉,130.6
U+80FE,胾,130,肉,130.6
U+80FF,胿,130,肉,130.6
U+8100,脀,130,肉,130.6
U+8101,脁,130,肉,130.6
U+8102,脂,130,肉,130.6
U+8103,脃,130,肉,130.6
U+8104,脄,130,肉,130.6
U+8105,脅,130,肉,130.6
U+8106,脆,130,肉,130.6
U+8107,脇,130,肉,130.6
U+8108,脈,130,肉,130.6
U+8109,脉,130,肉,130.5
U+810A,脊,130,肉,130.6
U+810B,脋,130,肉,130.6
U+810C,脌,130,肉,130.6
U+810D,脍,130,肉,130.6
U+810E,脎,130,肉,130.6
U+810F,脏,130,肉,130.6
U+8110,脐,130,肉,130.6
U+8111,脑,130,肉,130.6
U+8112,脒,130,肉,130.6
U+8113,脓,130,肉,130.6
U+8114,脔,130,肉,130.6
U+8115,脕,130,肉,130.7
U+8116,脖,130,肉,130.7
U+8117,脗,130,肉,130.7
U+8118,脘,130,肉,130.7
U+8119,脙,130,肉,130.7
U+811A,脚,130,肉,130.7
U+811B,脛,130,肉,130.7
U+811C,脜,130,肉,130.7
U+811D,脝,130,肉,130.7
U+811E,脞,130,肉,130.7
U+811F,脟,130,肉,130.7
U+8120,脠,130,肉,130.7
U+8121,脡,130,肉,130.7
U+8122,脢,130,肉,130.7
U+8123,脣,130,肉,130.7
U+8124,脤,130,肉,130.7
U+8125,脥,130,肉,130.7
U+8126,脦,130,肉,130.7
U+8127,脧,130,肉,130.7
U+8128,脨,130,肉,130.7
U+8129,脩,130,肉,130.7
U+812A,脪,130,肉,130.7
U+812B,脫,130,肉,130.7
U+812C,脬,130,肉,130.7
U+812D,脭,130,肉,130.7
U+812E,脮,130,肉,130.7
U+812F,脯,130,肉,130.7
U+8130,脰,130,肉,130.7
U+8131,脱,130,肉,130.7
U+8132,脲,130,肉,130.7
U+8133,脳,130,肉,130.7
U+8134,脴,130,肉,130.7
U+8135,脵,130,肉,130.7
U+8136,脶,130,肉,130.7
U+8137,脷,130,肉,130.7
U+8138,脸,130,肉,130.7
U+8139,脹,130,肉,130.8
U+813A,脺,130,肉,130.8
U+813B,脻,130,肉,130.8
U+813C,脼,130,肉,130.8
U+813D,脽,130,肉,130.8
U+813E,脾,130,肉,130.8
U+813F,脿,130,肉,130.8
U+8140,腀,130,肉,130.8
U+8141,腁,130,肉,130.8
U+8142,腂,130,肉,130.8
U+8143,腃,130,肉,130.8
U+8144,腄,130,肉,130.8
U+8145,腅,130,肉,130.8
U+8146,腆,130,肉,130.8
U+8147,腇,130,肉,130.8
U+8148,腈,130,肉,130.8
U+8149,腉,130,肉,130.8
U+814A,腊,130,肉,130.8
U+814B,腋,130,肉,130.8
U+814C,腌,130,肉,130.8
U+814D,腍,130,肉,130.8
U+814E,腎,130,肉,130.8
U+814F,腏,130,肉,130.8
U+8150,腐,130,肉,130.8
U+8151,腑,130,肉,130.8
U+8152,腒,130,肉,130.8
U+8153,腓,130,肉,130.8
U+8154,腔,130,肉,130.8
U+8155,腕,130,肉,130.8
U+8156,腖,130,肉,130.8
U+8157,腗,130,肉,130.8
U+8158,腘,130,肉,130.8
U+8159,腙,130,肉,130.8
U+815A,腚,130,肉,130.8
U+815B,腛,130,肉,130.9
U+815C,腜,130,肉,130.9
U+815D,腝,130,肉,130.9
U+815E,腞,130,肉,130.9
U+815F,腟,130,肉,130.9
U+8160,腠,130,肉,130.9
U+8161,腡,130,肉,130.9
U+8162,腢,130,肉,130.9
U+8163,腣,130,肉,130.9
U+8164,腤,130,肉,130.9
U+8165,腥,130,肉,130.9
U+8166,腦,130,肉,130.9
U+8167,腧,130,肉,130.9
U+8168,腨,130,肉,130.9
U+8169,腩,130,肉,130.9
U+816A,腪,130,肉,130.9
U+816B,腫,130,肉,130.9
U+816C,腬,130,肉,130.9
U+816D,腭,130,肉,130.9
U+816E,腮,130,肉,130.9
U+816F,腯,130,肉,130.9
U+8170,腰,130,肉,130.9
U+8171,腱,130,肉,130.9
U+8172,腲,130,肉,130.9
U+8173,腳,130,肉,130.9
U+8174,腴,130,肉,130.9
U+8175,腵,130,肉,130.9
U+8176,腶,130,肉,130.9
U+8177,腷,130,肉,130.9
U+8178,腸,130,肉,130.9
U+8179,腹,130,肉,130.9
U+817A,腺,130,肉,130.9
U+817B,腻,130,肉,130.9
U+817C,腼,130,肉,130.9
U+817D,腽,130,肉,130.9
U+817E,腾,130,肉,130.9
U+817F,腿,130,肉,130.10
U+8180,膀,130,肉,130.10
U+8181,膁,130,肉,130.10
U+8182,膂,130,肉,130.10
U+8183,膃,130,肉,130.10
U+8184,膄,130,肉,130.10
U+8185,膅,130,肉,130.10
U+8186,膆,130,肉,130.10
U+8187,膇,130,肉,130.10
U+8188,膈,130,肉,130.10
U+8189,膉,130,肉,130.10
U+818A,膊,130,肉,130.10
U+818B,膋,130,肉,130.10
U+818C,膌,130,肉,130.10
U+818D,膍,130,肉,130.10
U+818E,膎,130,肉,130.10
U+818F,膏,130,肉,130.10
U+8190,膐,130,肉,130.10
U+8191,膑,130,肉,130.10
U+8192,膒,130,肉,130.11
U+8193,膓,130,肉,130.11
U+8194,膔,130,肉,130.11
U+8195,膕,130,肉,130.11
U+8196,膖,130,肉,130.11
U+8197,膗,130,肉,130.11
U+8198,膘,130,肉,130.11
U+8199,膙,130,肉,130.11
U+819A,膚,130,肉,130.11
U+819B,膛,130,肉,130.11
U+819C,膜,130,肉,130.11
U+819D,膝,130,肉,130.11
U+819E,膞,130,肉,130.11
U+819F,膟,130,肉,130.11
U+81A0,膠,130,肉,130.11
U+81A1,膡,130,肉,130.11
U+81A2,膢,130,肉,130.11
U+81A3,膣,130,肉,130.11
U+81A4,膤,74,月,74.11
U+81A5,膥,130,肉,130.12
U+81A6,膦,130,肉,130.12
U+81A7,膧,130,肉,130.12
U+81A8,膨,130,肉,130.12
U+81A9,膩,130,肉,130.12
U+81AA,膪,130,肉,130.12
U+81AB,膫,130,肉,130.12
U+81AC,膬,130,肉,130.12
U+81AD,膭,130,肉,130.12
U+81AE,膮,130,肉,130.12
U+81AF,膯,130,肉,130.12
U+81B0,膰,130,肉,130.12
U+81B1,膱,130,肉,130.12
U+81B2,膲,130,肉,130.12
U+81B3,膳,130,肉,130.12
U+81B4,膴,130,肉,130.12
U+81B5,膵,130,肉,130.12
U+81B6,膶,130,肉,130.12
U+81B7,膷,130,肉,130.13
U+81B8,膸,130,肉,130.13
U+81B9,膹,130,肉,130.13
U+81BA,膺,130,肉,130.13
U+81BB,膻,130,肉,130.13
U+81BC,膼,130,肉,130.13
U+81BD,膽,130,肉,130.13
U+81BE,膾,130,肉,130.13
U+81BF,膿,130,肉,130.13
U+81C0,臀,130,肉,130.13
U+81C1,臁,130,肉,130.13
U+81C2,臂,130,肉,130.13
U+81C3,臃,130,肉,130.13
U+81C4,臄,130,肉,130.13
U+81C5,臅,130,肉,130.13
U+81C6,臆,130,肉,130.13
U+81C7,臇,130,肉,130.13
U+81C8,臈,130,肉,130.13
U+81C9,臉,130,肉,130.13
U+81CA,臊,130,肉,130.13
U+81CB,臋,130,肉,130.13
U+81CC,臌,130,肉,130.13
U+81CD,臍,130,肉,130.14
U+81CE,臎,130,肉,130.14
U+81CF,臏,130,肉,130.14
U+81D0,臐,130,肉,130.14
U+81D1,臑,130,肉,130.14
U+81D2,臒,130,肉,130.14
U+81D3,臓,130,肉,130.14
U+81D4,臔,130,肉,130.15
U+81D5,臕,130,肉,130.15
U+81D6,臖,130,肉,130.16
U+81D7,臗,130,肉,130.15
U+81D8,臘,130,肉,130.15
U+81D9,臙,130,肉,130.16
U+81DA,臚,130,肉,130.16
U+81DB,臛,130,肉,130.16
U+81DC,臜,130,肉,130.16
U+81DD,臝,130,肉,130.17
U+81DE,臞,130,肉,130.18
U+81DF,臟,130,肉,130.18
U+81E0,臠,130,肉,130.19
U+81E1,臡,130,肉,130.19
U+81E2,臢,130,肉,130.19
U+81E3,臣,131,臣,131.0
U+81E4,臤,131,臣,131.2
U+81E5,臥,131,臣,131.2
U+81E6,臦,131,臣,131.6
U+81E7,臧,131,臣,131.8
U+81E8,臨,131,臣,131.11
U+81E9,臩,131,臣,131.11
U+81EA,自,132,自,132.0
U+81EB,臫,132,自,132.1
U+81EC,臬,132,自,132.4
U+81ED,臭,132,自,132.4
U+81EE,臮,132,自,132.6
U+81EF,臯,132,自,132.6
U+81F0,臰,132,自,132.6
U+81F1,臱,132,自,132.9
U+81F2,臲,132,自,132.10
U+81F3,至,133,至,133.0
U+81F4,致,133,至,133.3
U+81F5,臵,133,至,133.6
U+81F6,臶,133,至,133.6
U+81F7,臷,133,至,133.6
U+81F8,臸,133,至,133.6
U+81F9,臹,133,至,133.7
U+81FA,臺,133,至,133.8
U+81FB,臻,133,至,133.10
U+81FC,臼,134,臼,134.0
U+81FD,臽,134,臼,134.2
U+81FE,臾,134,臼,134.2
U+81FF,臿,134,臼,134.3
U+8200,舀,134,臼,134.4
U+8201,舁,134,臼,134.4
U+8202,舂,134,臼,134.5
U+8203,舃,134,臼,134.6
U+8204,舄,134,臼,134.6
U+8205,舅,134,臼,134.7
U+8206,舆,134,臼,134.10 12.12
U+8207,與,134,臼,134.8
U+8208,興,134,臼,134.9
U+8209,舉,134,臼,134.10
U+820A,舊,134,臼,134.12
U+820B,舋,134,臼,134.13
U+820C,舌,135,舌,135.0
U+820D,舍,135,舌,135.2
U+820E,舎,135,舌,135.2
U+820F,舏,135,舌,135.2
U+8210,舐,135,舌,135.4
U+8211,舑,135,舌,135.5
U+8212,舒,135,舌,135.6
U+8213,舓,135,舌,135.8
U+8214,舔,135,舌,135.8
U+8215,舕,135,舌,135.8
U+8216,舖,135,舌,135.9
U+8217,舗,135,舌,135.9
U+8218,舘,135,舌,135.10
U+8219,舙,135,舌,135.12
U+821A,舚,135,舌,135.13
U+821B,舛,136,舛,136.0
U+821C,舜,136,舛,136.6
U+821D,舝,136,舛,136.7
U+821E,舞,136,舛,136.8
U+821F,舟,137,舟,137.0
U+8220,舠,137,舟,137.2
U+8221,舡,137,舟,137.3
U+8222,舢,137,舟,137.3
U+8223,舣,137,舟,137.3
U+8224,舤,137,舟,137.3
U+8225,舥,137,舟,137.4
U+8226,舦,137,舟,137.4
U+8227,舧,137,舟,137.4
U+8228,舨,137,舟,137.4
U+8229,舩,137,舟,137.4
U+822A,航,137,舟,137.4
U+822B,舫,137,舟,137.4
U+822C,般,137,舟,137.4
U+822D,舭,137,舟,137.4
U+822E,舮,137,舟,137.4
U+822F,舯,137,舟,137.4
U+8230,舰,137,舟,137.4
U+8231,舱,137,舟,137.4
U+8232,舲,137,舟,137.5
U+8233,舳,137,舟,137.5
U+8234,舴,137,舟,137.5
U+8235,舵,137,舟,137.5
U+8236,舶,137,舟,137.5
U+8237,舷,137,舟,137.5
U+8238,舸,137,舟,137.5
U+8239,船,137,舟,137.5
U+823A,舺,137,舟,137.5
U+823B,舻,137,舟,137.5
U+823C,舼,137,舟,137.6
U+823D,舽,137,舟,137.6
U+823E,舾,137,舟,137.6
U+823F,舿,137,舟,137.6
U+8240,艀,137,舟,137.7
U+8241,艁,137,舟,137.7
U+8242,艂,137,舟,137.7
U+8243,艃,137,舟,137.7
U+8244,艄,137,舟,137.7
U+8245,艅,137,舟,137.7
U+8246,艆,137,舟,137.7
U+8247,艇,137,舟,137.7
U+8248,艈,137,舟,137.7
U+8249,艉,137,舟,137.7
U+824A,艊,137,舟,137.8
U+824B,艋,137,舟,137.8
U+824C,艌,137,舟,137.8
U+824D,艍,137,舟,137.8
U+824E,艎,137,舟,137.9
U+824F,艏,137,舟,137.9
U+8250,艐,137,舟,137.9
U+8251,艑,137,舟,137.9
U+8252,艒,137,舟,137.9
U+8253,艓,137,舟,137.9
U+8254,艔,137,舟,137.9
U+8255,艕,137,舟,137.10
U+8256,艖,137,舟,137.10
U+8257,艗,137,舟,137.10
U+8258,艘,137,舟,137.10
U+8259,艙,137,舟,137.10
U+825A,艚,137,舟,137.11
U+825B,艛,137,舟,137.11
U+825C,艜,137,舟,137.11
U+825D,艝,137,舟,137.11
U+825E,艞,137,舟,137.12
U+825F,艟,137,舟,137.12
U+8260,艠,137,舟,137.12
U+8261,艡,137,舟,137.13
U+8262,艢,137,舟,137.13
U+8263,艣,137,舟,137.13
U+8264,艤,137,舟,137.13
U+8265,艥,137,舟,137.13
U+8266,艦,137,舟,137.14
U+8267,艧,137,舟,137.14
U+8268,艨,137,舟,137.14
U+8269,艩,137,舟,137.14
U+826A,艪,137,舟,137.15
U+826B,艫,137,舟,137.16
U+826C,艬,137,舟,137.17
U+826D,艭,137,舟,137.18
U+826E,艮,138,艮,138.0
U+826F,良,138,艮,138.1
U+8270,艰,138,艮,138.2 29.6
U+8271,艱,138,艮,138.11
U+8272,色,139,色,139.0
U+8273,艳,139,色,139.4
U+8274,艴,139,色,139.5
U+8275,艵,139,色,139.8
U+8276,艶,139,色,139.13
U+8277,艷,139,色,139.18
U+8278,艸,140,艸,140.0
U+8279,艹,140,艸,140.0
U+827A,艺,140,艸,140.1
U+827B,艻,140,艸,140.2
U+827C,艼,140,艸,140.2
U+827D,艽,140,艸,140.2
U+827E,艾,140,艸,140.2
U+827F,艿,140,艸,140.2
U+8280,芀,140,艸,140.2
U+8281,芁,140,艸,140.2
U+8282,节,140,艸,140.2
U+8283,芃,140,艸,140.3
U+8284,芄,140,艸,140.3
U+8285,芅,140,艸,140.3
U+8286,芆,140,艸,140.3
U+8287,芇,140,艸,140.3
U+8288,芈,140,艸,140.3
U+8289,芉,140,艸,140.3
U+828A,芊,140,艸,140.3
U+828B,芋,140,艸,140.3
U+828C,芌,140,艸,140.3
U+828D,芍,140,艸,140.3
U+828E,芎,140,艸,140.3
U+828F,芏,140,艸,140.3
U+8290,芐,140,艸,140.3
U+8291,芑,140,艸,140.3
U+8292,芒,140,艸,140.3
U+8293,芓,140,艸,140.3
U+8294,芔,140,艸,140.3
U+8295,芕,140,艸,140.3
U+8296,芖,140,艸,140.3
U+8297,芗,140,艸,140.3
U+8298,芘,140,艸,140.4
U+8299,芙,140,艸,140.4
U+829A,芚,140,艸,140.4
U+829B,芛,140,艸,140.4
U+829C,芜,140,艸,140.4
U+829D,芝,140,艸,140.4
U+829E,芞,140,艸,140.4
U+829F,芟,140,艸,140.4
U+82A0,芠,140,艸,140.4
U+82A1,芡,140,艸,140.4
U+82A2,芢,140,艸,140.4
U+82A3,芣,140,艸,140.4
U+82A4,芤,140,艸,140.4
U+82A5,芥,140,艸,140.4
U+82A6,芦,140,艸,140.4
U+82A7,芧,140,艸,140.4
U+82A8,芨,140,艸,140.4
U+82A9,芩,140,艸,140.4
U+82AA,芪,140,艸,140.4
U+82AB,芫,140,艸,140.4
U+82AC,芬,140,艸,140.4
U+82AD,芭,140,艸,140.4
U+82AE,芮,140,艸,140.4
U+82AF,芯,140,艸,140.4
U+82B0,芰,140,艸,140.4
U+82B1,花,140,艸,140.4
U+82B2,芲,140,艸,140.4
U+82B3,芳,140,艸,140.4
U+82B4,芴,140,艸,140.4
U+82B5,芵,140,艸,140.4
U+82B6,芶,140,艸,140.4
U+82B7,芷,140,艸,140.4
U+82B8,芸,140,艸,140.4
U+82B9,芹,140,艸,140.4
U+82BA,芺,140,艸,140.4
U+82BB,芻,140,艸,140.4
U+82BC,芼,140,艸,140.4
U+82BD,芽,140,艸,140.4
U+82BE,芾,140,艸,140.4
U+82BF,芿,140,艸,140.5
U+82C0,苀,140,艸,140.4
U+82C1,苁,140,艸,140.4
U+82C2,苂,140,艸,140.4
U+82C3,苃,140,艸,140.4
U+82C4,苄,140,艸,140.4
U+82C5,苅,140,艸,140.4
U+82C6,苆,140,艸,140.4
U+82C7,苇,140,艸,140.4
U+82C8,苈,140,艸,140.4
U+82C9,苉,140,艸,140.4
U+82CA,苊,140,艸,140.4
U+82CB,苋,140,艸,140.4
U+82CC,苌,140,艸,140.4
U+82CD,苍,140,艸,140.4
U+82CE,苎,140,艸,140.4
U+82CF,苏,140,艸,140.4
U+82D0,苐,140,艸,140.5
U+82D1,苑,140,艸,140.5
U+82D2,苒,140,艸,140.5
U+82D3,苓,140,艸,140.5
U+82D4,苔,140,艸,140.5
U+82D5,苕,140,艸,140.5
U+82D6,苖,140,艸,140.5
U+82D7,苗,140,艸,140.5
U+82D8,苘,140,艸,140.5
U+82D9,苙,140,艸,140.5
U+82DA,苚,140,艸,140.5
U+82DB,苛,140,艸,140.5
U+82DC,苜,140,艸,140.5
U+82DD,苝,140,艸,140.5
U+82DE,苞,140,艸,140.5
U+82DF,苟,140,艸,140.5
U+82E0,苠,140,艸,140.5
U+82E1,苡,140,艸,140.5
U+82E2,苢,140,艸,140.5
U+82E3,苣,140,艸,140.5
U+82E4,苤,140,艸,140.5
U+82E5,若,140,艸,140.5
U+82E6,苦,140,艸,140.5
U+82E7,苧,140,艸,140.5
U+82E8,苨,140,艸,140.5
U+82E9,苩,140,艸,140.5
U+82EA,苪,140,艸,140.5
U+82EB,苫,140,艸,140.5
U+82EC,苬,140,艸,140.5
U+82ED,苭,140,艸,140.5
U+82EE,苮,140,艸,140.5
U+82EF,苯,140,艸,140.5
U+82F0,苰,140,艸,140.5
U+82F1,英,140,艸,140.5
U+82F2,苲,140,艸,140.5
U+82F3,苳,140,艸,140.5
U+82F4,苴,140,艸,140.5
U+82F5,苵,140,艸,140.5
U+82F6,苶,140,艸,140.5
U+82F7,苷,140,艸,140.5
U+82F8,苸,140,艸,140.5
U+82F9,苹,140,艸,140.5
U+82FA,苺,140,艸,140.5
U+82FB,苻,140,艸,140.5
U+82FC,苼,140,艸,140.5
U+82FD,苽,140,艸,140.5
U+82FE,苾,140,艸,140.5
U+82FF,苿,140,艸,140.5
U+8300,茀,140,艸,140.5
U+8301,茁,140,艸,140.5
U+8302,茂,140,艸,140.5
U+8303,范,140,艸,140.5
U+8304,茄,140,艸,140.5
U+8305,茅,140,艸,140.5
U+8306,茆,140,艸,140.5
U+8307,茇,140,艸,140.5
U+8308,茈,140,艸,140.5
U+8309,茉,140,艸,140.5
U+830A,茊,140,艸,140.5
U+830B,茋,140,艸,140.5
U+830C,茌,140,艸,140.5
U+830D,茍,140,艸,140.5
U+830E,茎,140,艸,140.5
U+830F,茏,140,艸,140.5
U+8310,茐,140,艸,140.5
U+8311,茑,140,艸,140.5
U+8312,茒,140,艸,140.6
U+8313,茓,140,艸,140.5
U+8314,茔,140,艸,140.5 32.6
U+8315,茕,140,艸,140.5
U+8316,茖,140,艸,140.6
U+8317,茗,140,艸,140.6
U+8318,茘,140,艸,140.6
U+8319,茙,140,艸,140.6
U+831A,茚,140,艸,140.6
U+831B,茛,140,艸,140.6
U+831C,茜,140,艸,140.6
U+831D,茝,140,艸,140.7
U+831E,茞,140,艸,140.6
U+831F,茟,140,艸,140.6
U+8320,茠,140,艸,140.6
U+8321,茡,140,艸,140.6
U+8322,茢,140,艸,140.6
U+8323,茣,140,艸,140.7
U+8324,茤,140,艸,140.6
U+8325,茥,140,艸,140.6
U+8326,茦,140,艸,140.6
U+8327,茧,140,艸,140.6
U+8328,茨,140,艸,140.6
U+8329,茩,140,艸,140.6
U+832A,茪,140,艸,140.6
U+832B,茫,140,艸,140.6
U+832C,茬,140,艸,140.6
U+832D,茭,140,艸,140.6
U+832E,茮,140,艸,140.6
U+832F,茯,140,艸,140.6
U+8330,茰,140,艸,140.6
U+8331,茱,140,艸,140.6
U+8332,茲,140,艸,140.6
U+8333,茳,140,艸,140.6
U+8334,茴,140,艸,140.6
U+8335,茵,140,艸,140.6
U+8336,茶,140,艸,140.6
U+8337,茷,140,艸,140.6
U+8338,茸,140,艸,140.6
U+8339,茹,140,艸,140.6
U+833A,茺,140,艸,140.6
U+833B,茻,140,艸,140.6
U+833C,茼,140,艸,140.6
U+833D,茽,140,艸,140.6
U+833E,茾,140,艸,140.4
U+833F,茿,140,艸,140.6
U+8340,荀,140,艸,140.6
U+8341,荁,140,艸,140.6
U+8342,荂,140,艸,140.6
U+8343,荃,140,艸,140.6
U+8344,荄,140,艸,140.6
U+8345,荅,140,艸,140.6
U+8346,荆,140,艸,140.6 18.8
U+8347,荇,140,艸,140.6
U+8348,荈,140,艸,140.6
U+8349,草,140,艸,140.6
U+834A,荊,140,艸,140.6
U+834B,荋,140,艸,140.6
U+834C,荌,140,艸,140.6
U+834D,荍,140,艸,140.6
U+834E,荎,140,艸,140.6
U+834F,荏,140,艸,140.6
U+8350,荐,140,艸,140.6
U+8351,荑,140,艸,140.6
U+8352,荒,140,艸,140.6
U+8353,荓,140,艸,140.8
U+8354,荔,140,艸,140.6
U+8355,荕,140,艸,140.6
U+8356,荖,140,艸,140.6
U+8357,荗,140,艸,140.6
U+8358,荘,140,艸,140.6
U+8359,荙,140,艸,140.6
U+835A,荚,140,艸,140.6
U+835B,荛,140,艸,140.6
U+835C,荜,140,艸,140.6
U+835D,荝,140,艸,140.6
U+835E,荞,140,艸,140.6
U+835F,荟,140,艸,140.6
U+8360,荠,140,艸,140.6
U+8361,荡,140,艸,140.6
U+8362,荢,140,艸,140.6
U+8363,荣,140,艸,140.6 75.5
U+8364,荤,140,艸,140.6
U+8365,荥,140,艸,140.6 85.6
U+8366,荦,140,艸,140.6 93.6
U+8367,荧,140,艸,140.6 86.6
U+8368,荨,140,艸,140.6
U+8369,荩,140,艸,140.6
U+836A,荪,140,艸,140.6
U+836B,荫,140,艸,140.7
U+836C,荬,140,艸,140.6
U+836D,荭,140,艸,140.6
U+836E,荮,140,艸,140.6
U+836F,药,140,艸,140.6
U+8370,荰,140,艸,140.7
U+8371,荱,140,艸,140.7
U+8372,荲,140,艸,140.7
U+8373,荳,140,艸,140.7
U+8374,荴,140,艸,140.7
U+8375,荵,140,艸,140.7
U+8376,荶,140,艸,140.7
U+8377,荷,140,艸,140.7
U+8378,荸,140,艸,140.7
U+8379,荹,140,艸,140.7
U+837A,荺,140,艸,140.7
U+837B,荻,140,艸,140.7
U+837C,荼,140,艸,140.7
U+837D,荽,140,艸,140.7
U+837E,荾,140,艸,140.7
U+837F,荿,140,艸,140.7
U+8380,莀,140,艸,140.7
U+8381,莁,140,艸,140.7
U+8382,莂,140,艸,140.7
U+8383,莃,140,艸,140.7
U+8384,莄,140,艸,140.7
U+8385,莅,140,艸,140.7
U+8386,莆,140,艸,140.7
U+8387,莇,140,艸,140.7
U+8388,莈,140,艸,140.7
U+8389,莉,140,艸,140.7
U+838A,莊,140,艸,140.7
U+838B,莋,140,艸,140.7
U+838C,莌,140,艸,140.7
U+838D,莍,140,艸,140.7
U+838E,莎,140,艸,140.7
U+838F,莏,140,艸,140.7
U+8390,莐,140,艸,140.7
U+8391,莑,140,艸,140.7
U+8392,莒,140,艸,140.7
U+8393,莓,140,艸,140.7
U+8394,莔,140,艸,140.7
U+8395,莕,140,艸,140.7
U+8396,莖,140,艸,140.7
U+8397,莗,140,艸,140.7
U+8398,莘,140,艸,140.7
U+8399,莙,140,艸,140.7
U+839A,莚,140,艸,140.7
U+839B,莛,140,艸,140.7
U+839C,莜,140,艸,140.7
U+839D,莝,140,艸,140.7
U+839E,莞,140,艸,140.7
U+839F,莟,140,艸,140.7
U+83A0,莠,140,艸,140.7
U+83A1,莡,140,艸,140.7
U+83A2,莢,140,艸,140.7
U+83A3,莣,140,艸,140.7
U+83A4,莤,140,艸,140.7
U+83A5,莥,140,艸,140.7
U+83A6,莦,140,艸,140.7
U+83A7,莧,140,艸,140.7
U+83A8,莨,140,艸,140.7
U+83A9,莩,140,艸,140.7
U+83AA,莪,140,艸,140.7
U+83AB,莫,140,艸,140.7
U+83AC,莬,140,艸,140.7
U+83AD,莭,140,艸,140.9
U+83AE,莮,140,艸,140.7
U+83AF,莯,140,艸,140.7
U+83B0,莰,140,艸,140.7
U+83B1,莱,140,艸,140.7
U+83B2,莲,140,艸,140.7
U+83B3,莳,140,艸,140.7
U+83B4,莴,140,艸,140.7
U+83B5,莵,140,艸,140.7
U+83B6,莶,140,艸,140.7
U+83B7,获,140,艸,140.7
U+83B8,莸,140,艸,140.7
U+83B9,莹,140,艸,140.7 96.6
U+83BA,莺,140,艸,140.7 196'.6
U+83BB,莻,140,艸,140.7
U+83BC,莼,140,艸,140.7
U+83BD,莽,140,艸,140.7
U+83BE,莾,140,艸,140.8
U+83BF,莿,140,艸,140.8
U+83C0,菀,140,艸,140.8
U+83C1,菁,140,艸,140.8
U+83C2,菂,140,艸,140.8
U+83C3,菃,140,艸,140.8
U+83C4,菄,140,艸,140.8
U+83C5,菅,140,艸,140.8
U+83C6,菆,140,艸,140.8
U+83C7,菇,140,艸,140.8
U+83C8,菈,140,艸,140.8
U+83C9,菉,140,艸,140.8
U+83CA,菊,140,艸,140.8
U+83CB,菋,140,艸,140.8
U+83CC,菌,140,艸,140.8
U+83CD,菍,140,艸,140.8
U+83CE,菎,140,艸,140.8
U+83CF,菏,140,艸,140.8
U+83D0,菐,140,艸,140.8
U+83D1,菑,140,艸,140.8
U+83D2,菒,140,艸,140.8
U+83D3,菓,140,艸,140.8
U+83D4,菔,140,艸,140.8
U+83D5,菕,140,艸,140.8
U+83D6,菖,140,艸,140.8
U+83D7,菗,140,艸,140.8
U+83D8,菘,140,艸,140.8
U+83D9,菙,140,艸,140.8
U+83DA,菚,140,艸,140.8
U+83DB,菛,140,艸,140.8
U+83DC,菜,140,艸,140.8
U+83DD,菝,140,艸,140.8
U+83DE,菞,140,艸,140.8
U+83DF,菟,140,艸,140.8
U+83E0,菠,140,艸,140.8
U+83E1,菡,140,艸,140.8
U+83E2,菢,140,艸,140.8
U+83E3,菣,140,艸,140.8
U+83E4,菤,140,艸,140.8
U+83E5,菥,140,艸,140.8
U+83E6,菦,140,艸,140.8
U+83E7,菧,140,艸,140.8
U+83E8,菨,140,艸,140.8
U+83E9,菩,140,艸,140.8
U+83EA,菪,140,艸,140.8
U+83EB,菫,140,艸,140.8
U+83EC,菬,140,艸,140.8
U+83ED,菭,140,艸,140.8
U+83EE,菮,140,艸,140.8
U+83EF,華,140,艸,140.8
U+83F0,菰,140,艸,140.8
U+83F1,菱,140,艸,140.8
U+83F2,菲,140,艸,140.8
U+83F3,菳,140,艸,140.8
U+83F4,菴,140,艸,140.8
U+83F5,菵,140,艸,140.8
U+83F6,菶,140,艸,140.8
U+83F7,菷,140,艸,140.8
U+83F8,菸,140,艸,140.8
U+83F9,菹,140,艸,140.8
U+83FA,菺,140,艸,140.8
U+83FB,菻,140,艸,140.8
U+83FC,菼,140,艸,140.8
U+83FD,菽,140,艸,140.8
U+83FE,菾,140,艸,140.8
U+83FF,菿,140,艸,140.8
U+8400,萀,140,艸,140.8
U+8401,萁,140,艸,140.8
U+8402,萂,140,艸,140.8
U+8403,萃,140,艸,140.8
U+8404,萄,140,艸,140.8
U+8405,萅,140,艸,140.8
U+8406,萆,140,艸,140.8
U+8407,萇,140,艸,140.8
U+8408,萈,140,艸,140.8
U+8409,萉,140,艸,140.8
U+840A,萊,140,艸,140.8
U+840B,萋,140,艸,140.8
U+840C,萌,140,艸,140.8
U+840D,萍,140,艸,140.8
U+840E,萎,140,艸,140.8
U+840F,萏,140,艸,140.8
U+8410,萐,140,艸,140.8
U+8411,萑,140,艸,140.8
U+8412,萒,140,艸,140.8
U+8413,萓,140,艸,140.8
U+8414,萔,140,艸,140.8
U+8415,萕,140,艸,140.8
U+8416,萖,140,艸,140.8
U+8417,萗,140,艸,140.8
U+8418,萘,140,艸,140.8
U+8419,萙,140,艸,140.8
U+841A,萚,140,艸,140.8
U+841B,萛,140,艸,140.8
U+841C,萜,140,艸,140.8
U+841D,萝,140,艸,140.8
U+841E,萞,140,艸,140.8
U+841F,萟,140,艸,140.8
U+8420,萠,140,艸,140.8
U+8421,萡,140,艸,140.8
U+8422,萢,140,艸,140.8
U+8423,萣,140,艸,140.8
U+8424,萤,140,艸,140.8 142.6
U+8425,营,140,艸,140.8
U+8426,萦,140,艸,140.8 120.6
U+8427,萧,140,艸,140.8
U+8428,萨,140,艸,140.8
U+8429,萩,140,艸,140.9
U+842A,萪,140,艸,140.9
U+842B,萫,140,艸,140.9
U+842C,萬,114,禸,114.8 140.9
U+842D,萭,140,艸,140.9
U+842E,萮,140,艸,140.9
U+842F,萯,140,艸,140.9
U+8430,萰,140,艸,140.9
U+8431,萱,140,艸,140.9
U+8432,萲,140,艸,140.9
U+8433,萳,140,艸,140.9
U+8434,萴,140,艸,140.9
U+8435,萵,140,艸,140.9
U+8436,萶,140,艸,140.9
U+8437,萷,140,艸,140.9
U+8438,萸,140,艸,140.9
U+8439,萹,140,艸,140.9
U+843A,萺,140,艸,140.9
U+843B,萻,140,艸,140.9
U+843C,萼,140,艸,140.9
U+843D,落,140,艸,140.9
U+843E,萾,140,艸,140.9
U+843F,萿,140,艸,140.9
U+8440,葀,140,艸,140.9
U+8441,葁,140,艸,140.9
U+8442,葂,140,艸,140.9
U+8443,葃,140,艸,140.9
U+8444,葄,140,艸,140.9
U+8445,葅,140,艸,140.9
U+8446,葆,140,艸,140.9
U+8447,葇,140,艸,140.9
U+8448,葈,140,艸,140.9
U+8449,葉,140,艸,140.9
U+844A,葊,140,艸,140.9
U+844B,葋,140,艸,140.9
U+844C,葌,140,艸,140.9
U+844D,葍,140,艸,140.9
U+844E,葎,140,艸,140.9
U+844F,葏,140,艸,140.9
U+8450,葐,140,艸,140.9
U+8451,葑,140,艸,140.9
U+8452,葒,140,艸,140.9
U+8453,葓,140,艸,140.9
U+8454,葔,140,艸,140.9
U+8455,葕,140,艸,140.9
U+8456,葖,140,艸,140.9
U+8457,著,140,艸,140.8
U+8458,葘,140,艸,140.9
U+8459,葙,140,艸,140.9
U+845A,葚,140,艸,140.9
U+845B,葛,140,艸,140.9
U+845C,葜,140,艸,140.9
U+845D,葝,140,艸,140.9
U+845E,葞,140,艸,140.9
U+845F,葟,140,艸,140.9
U+8460,葠,140,艸,140.9
U+8461,葡,140,艸,140.9
U+8462,葢,140,艸,140.9
U+8463,董,140,艸,140.9
U+8464,葤,140,艸,140.9
U+8465,葥,140,艸,140.9
U+8466,葦,140,艸,140.9
U+8467,葧,140,艸,140.9
U+8468,葨,140,艸,140.9
U+8469,葩,140,艸,140.9
U+846A,葪,140,艸,140.9
U+846B,葫,140,艸,140.9
U+846C,葬,140,艸,140.9
U+846D,葭,140,艸,140.9
U+846E,葮,140,艸,140.9
U+846F,葯,140,艸,140.9
U+8470,葰,140,艸,140.9
U+8471,葱,140,艸,140.9
U+8472,葲,140,艸,140.9
U+8473,葳,140,艸,140.9
U+8474,葴,140,艸,140.9
U+8475,葵,140,艸,140.9
U+8476,葶,140,艸,140.9
U+8477,葷,140,艸,140.9
U+8478,葸,140,艸,140.9
U+8479,葹,140,艸,140.9
U+847A,葺,140,艸,140.9
U+847B,葻,140,艸,140.9
U+847C,葼,140,艸,140.9
U+847D,葽,140,艸,140.9
U+847E,葾,140,艸,140.9
U+847F,葿,140,艸,140.9
U+8480,蒀,140,艸,140.9
U+8481,蒁,140,艸,140.9
U+8482,蒂,140,艸,140.9
U+8483,蒃,140,艸,140.9
U+8484,蒄,140,艸,140.9
U+8485,蒅,140,艸,140.9
U+8486,蒆,140,艸,140.9
U+8487,蒇,140,艸,140.9
U+8488,蒈,140,艸,140.9
U+8489,蒉,140,艸,140.9
U+848A,蒊,140,艸,140.9
U+848B,蒋,140,艸,140.9
U+848C,蒌,140,艸,140.9
U+848D,蒍,140,艸,140.9
U+848E,蒎,140,艸,140.9
U+848F,蒏,140,艸,140.9 164.6
U+8490,蒐,140,艸,140.10
U+8491,蒑,140,艸,140.10
U+8492,蒒,140,艸,140.10
U+8493,蒓,140,艸,140.10
U+8494,蒔,140,艸,140.10
U+8495,蒕,140,艸,140.10
U+8496,蒖,140,艸,140.10
U+8497,蒗,140,艸,140.10
U+8498,蒘,140,艸,140.10
U+8499,蒙,140,艸,140.10
U+849A,蒚,140,艸,140.10
U+849B,蒛,140,艸,140.10
U+849C,蒜,140,艸,140.10
U+849D,蒝,140,艸,140.10
U+849E,蒞,140,艸,140.10
U+849F,蒟,140,艸,140.10
U+84A0,蒠,140,艸,140.10
U+84A1,蒡,140,艸,140.10
U+84A2,蒢,140,艸,140.10
U+84A3,蒣,140,艸,140.10
U+84A4,蒤,140,艸,140.10
U+84A5,蒥,140,艸,140.10
U+84A6,蒦,140,艸,140.10
U+84A7,蒧,140,艸,140.10
U+84A8,蒨,140,艸,140.10
U+84A9,蒩,140,艸,140.10
U+84AA,蒪,140,艸,140.10
U+84AB,蒫,140,艸,140.10
U+84AC,蒬,140,艸,140.10
U+84AD,蒭,140,艸,140.10
U+84AE,蒮,140,艸,140.10
U+84AF,蒯,140,艸,140.10
U+84B0,蒰,140,艸,140.10
U+84B1,蒱,140,艸,140.10
U+84B2,蒲,140,艸,140.10
U+84B3,蒳,140,艸,140.10
U+84B4,蒴,140,艸,140.10
U+84B5,蒵,140,艸,140.10
U+84B6,蒶,140,艸,140.10
U+84B7,蒷,140,艸,140.10
U+84B8,蒸,86,火,86.10 140.10
U+84B9,蒹,140,艸,140.10
U+84BA,蒺,140,艸,140.10
U+84BB,蒻,140,艸,140.10
U+84BC,蒼,140,艸,140.10
U+84BD,蒽,140,艸,140.10
U+84BE,蒾,140,艸,140.10
U+84BF,蒿,140,艸,140.10
U+84C0,蓀,140,艸,140.10
U+84C1,蓁,140,艸,140.10
U+84C2,蓂,140,艸,140.10
U+84C3,蓃,140,艸,140.10
U+84C4,蓄,140,艸,140.10
U+84C5,蓅,140,艸,140.10
U+84C6,蓆,140,艸,140.10
U+84C7,蓇,140,艸,140.10
U+84C8,蓈,140,艸,140.10
U+84C9,蓉,140,艸,140.10
U+84CA,蓊,140,艸,140.10
U+84CB,蓋,140,艸,140.10
U+84CC,蓌,140,艸,140.10
U+84CD,蓍,140,艸,140.10
U+84CE,蓎,140,艸,140.10
U+84CF,蓏,140,艸,140.10
U+84D0,蓐,140,艸,140.10
U+84D1,蓑,140,艸,140.10
U+84D2,蓒,140,艸,140.10
U+84D3,蓓,140,艸,140.10
U+84D4,蓔,140,艸,140.10
U+84D5,蓕,140,艸,140.10
U+84D6,蓖,140,艸,140.10
U+84D7,蓗,140,艸,140.10
U+84D8,蓘,140,艸,140.10
U+84D9,蓙,140,艸,140.10
U+84DA,蓚,140,艸,140.10
U+84DB,蓛,140,艸,140.10
U+84DC,蓜,140,艸,140.10
U+84DD,蓝,140,艸,140.10
U+84DE,蓞,140,艸,140.10
U+84DF,蓟,140,艸,140.10
U+84E0,蓠,140,艸,140.10
U+84E1,蓡,140,艸,140.10
U+84E2,蓢,140,艸,140.10
U+84E3,蓣,140,艸,140.10
U+84E4,蓤,140,艸,140.10
U+84E5,蓥,140,艸,140.10 167.6
U+84E6,蓦,140,艸,140.10
U+84E7,蓧,140,艸,140.11
U+84E8,蓨,140,艸,140.11
U+84E9,蓩,140,艸,140.11
U+84EA,蓪,140,艸,140.11
U+84EB,蓫,140,艸,140.11
U+84EC,蓬,140,艸,140.11
U+84ED,蓭,140,艸,140.11
U+84EE,蓮,140,艸,140.11
U+84EF,蓯,140,艸,140.11
U+84F0,蓰,140,艸,140.11
U+84F1,蓱,140,艸,140.11
U+84F2,蓲,140,艸,140.11
U+84F3,蓳,140,艸,140.11
U+84F4,蓴,140,艸,140.11
U+84F5,蓵,140,艸,140.11
U+84F6,蓶,140,艸,140.11
U+84F7,蓷,140,艸,140.11
U+84F8,蓸,140,艸,140.11
U+84F9,蓹,140,艸,140.11
U+84FA,蓺,140,艸,140.11
U+84FB,蓻,140,艸,140.11
U+84FC,蓼,140,艸,140.11
U+84FD,蓽,140,艸,140.11
U+84FE,蓾,140,艸,140.11
U+84FF,蓿,140,艸,140.11
U+8500,蔀,140,艸,140.11
U+8501,蔁,140,艸,140.11
U+8502,蔂,140,艸,140.11
U+8503,蔃,140,艸,140.11
U+8504,蔄,140,艸,140.11
U+8505,蔅,140,艸,140.11
U+8506,蔆,140,艸,140.11
U+8507,蔇,140,艸,140.11
U+8508,蔈,140,艸,140.11
U+8509,蔉,140,艸,140.11
U+850A,蔊,140,艸,140.11
U+850B,蔋,140,艸,140.11
U+850C,蔌,140,艸,140.11
U+850D,蔍,140,艸,140.11
U+850E,蔎,140,艸,140.11
U+850F,蔏,140,艸,140.11
U+8510,蔐,140,艸,140.11
U+8511,蔑,140,艸,140.11
U+8512,蔒,140,艸,140.11
U+8513,蔓,140,艸,140.11
U+8514,蔔,140,艸,140.11
U+8515,蔕,140,艸,140.11
U+8516,蔖,140,艸,140.11
U+8517,蔗,140,艸,140.11
U+8518,蔘,140,艸,140.11
U+8519,蔙,140,艸,140.11
U+851A,蔚,140,艸,140.11
U+851B,蔛,140,艸,140.11
U+851C,蔜,140,艸,140.11
U+851D,蔝,140,艸,140.11
U+851E,蔞,140,艸,140.11
U+851F,蔟,140,艸,140.11
U+8520,蔠,140,艸,140.11
U+8521,蔡,140,艸,140.11
U+8522,蔢,140,艸,140.11
U+8523,蔣,140,艸,140.11
U+8524,蔤,140,艸,140.11
U+8525,蔥,140,艸,140.11
U+8526,蔦,140,艸,140.11
U+8527,蔧,140,艸,140.11
U+8528,蔨,140,艸,140.11
U+8529,蔩,140,艸,140.11
U+852A,蔪,140,艸,140.11
U+852B,蔫,140,艸,140.11
U+852C,蔬,140,艸,140.11
U+852D,蔭,140,艸,140.11
U+852E,蔮,140,艸,140.11
U+852F,蔯,140,艸,140.11
U+8530,蔰,140,艸,140.11
U+8531,蔱,140,艸,140.11 140.10
U+8532,蔲,140,艸,140.11
U+8533,蔳,140,艸,140.11
U+8534,蔴,140,艸,140.11
U+8535,蔵,140,艸,140.11
U+8536,蔶,140,艸,140.11
U+8537,蔷,140,艸,140.11
U+8538,蔸,140,艸,140.11
U+8539,蔹,140,艸,140.11
U+853A,蔺,140,艸,140.11
U+853B,蔻,140,艸,140.11
U+853C,蔼,140,艸,140.11
U+853D,蔽,140,艸,140.12
U+853E,蔾,140,艸,140.12
U+853F,蔿,140,艸,140.12
U+8540,蕀,140,艸,140.12
U+8541,蕁,140,艸,140.12
U+8542,蕂,140,艸,140.12
U+8543,蕃,140,艸,140.12
U+8544,蕄,140,艸,140.12
U+8545,蕅,140,艸,140.12
U+8546,蕆,140,艸,140.12
U+8547,蕇,140,艸,140.12
U+8548,蕈,140,艸,140.12
U+8549,蕉,140,艸,140.12
U+854A,蕊,140,艸,140.12
U+854B,蕋,140,艸,140.12
U+854C,蕌,140,艸,140.12
U+854D,蕍,140,艸,140.12
U+854E,蕎,140,艸,140.12
U+854F,蕏,140,艸,140.12
U+8550,蕐,140,艸,140.12
U+8551,蕑,140,艸,140.12
U+8552,蕒,140,艸,140.12
U+8553,蕓,140,艸,140.12
U+8554,蕔,140,艸,140.12
U+8555,蕕,140,艸,140.12
U+8556,蕖,140,艸,140.12
U+8557,蕗,140,艸,140.12
U+8558,蕘,140,艸,140.12
U+8559,蕙,140,艸,140.12
U+855A,蕚,140,艸,140.12
U+855B,蕛,140,艸,140.12
U+855C,蕜,140,艸,140.12
U+855D,蕝,140,艸,140.12
U+855E,蕞,140,艸,140.12
U+855F,蕟,140,艸,140.12
U+8560,蕠,140,艸,140.12
U+8561,蕡,140,艸,140.12
U+8562,蕢,140,艸,140.12
U+8563,蕣,140,艸,140.12
U+8564,蕤,140,艸,140.12
U+8565,蕥,140,艸,140.12
U+8566,蕦,140,艸,140.12
U+8567,蕧,140,艸,140.12
U+8568,蕨,140,艸,140.12
U+8569,蕩,140,艸,140.12
U+856A,蕪,140,艸,140.12
U+856B,蕫,140,艸,140.12
U+856C,蕬,140,艸,140.12
U+856D,蕭,140,艸,140.12
U+856E,蕮,140,艸,140.12
U+856F,蕯,140,艸,140.12
U+8570,蕰,140,艸,140.12
U+8571,蕱,140,艸,140.12
U+8572,蕲,140,艸,140.12
U+8573,蕳,140,艸,140.12
U+8574,蕴,140,艸,140.12
U+8575,蕵,140,艸,140.12
U+8576,蕶,140,艸,140.13
U+8577,蕷,140,艸,140.13
U+8578,蕸,140,艸,140.13
U+8579,蕹,140,艸,140.13
U+857A,蕺,140,艸,140.13
U+857B,蕻,140,艸,140.13
U+857C,蕼,140,艸,140.13
U+857D,蕽,140,艸,140.13
U+857E,蕾,140,艸,140.13
U+857F,蕿,140,艸,140.13
U+8580,薀,140,艸,140.13
U+8581,薁,140,艸,140.13
U+8582,薂,140,艸,140.13
U+8583,薃,140,艸,140.13
U+8584,薄,140,艸,140.13
U+8585,薅,140,艸,140.13
U+8586,薆,140,艸,140.13
U+8587,薇,140,艸,140.13
U+8588,薈,140,艸,140.13
U+8589,薉,140,艸,140.13
U+858A,薊,140,艸,140.13
U+858B,薋,140,艸,140.13
U+858C,薌,140,艸,140.13
U+858D,薍,140,艸,140.13
U+858E,薎,140,艸,140.13
U+858F,薏,140,艸,140.13
U+8590,薐,140,艸,140.13
U+8591,薑,140,艸,140.13
U+8592,薒,140,艸,140.13
U+8593,薓,140,艸,140.13
U+8594,薔,140,艸,140.13
U+8595,薕,140,艸,140.13
U+8596,薖,140,艸,140.13
U+8597,薗,140,艸,140.13
U+8598,薘,140,艸,140.13
U+8599,薙,140,艸,140.13
U+859A,薚,140,艸,140.13
U+859B,薛,140,艸,140.13
U+859C,薜,140,艸,140.13
U+859D,薝,140,艸,140.13
U+859E,薞,140,艸,140.13
U+859F,薟,140,艸,140.13
U+85A0,薠,140,艸,140.13
U+85A1,薡,140,艸,140.13
U+85A2,薢,140,艸,140.13
U+85A3,薣,140,艸,140.13
U+85A4,薤,140,艸,140.13
U+85A5,薥,140,艸,140.13
U+85A6,薦,140,艸,140.13
U+85A7,薧,140,艸,140.13
U+85A8,薨,140,艸,140.13
U+85A9,薩,140,艸,140.14
U+85AA,薪,140,艸,140.13
U+85AB,薫,140,艸,140.13
U+85AC,薬,140,艸,140.13
U+85AD,薭,140,艸,140.14
U+85AE,薮,140,艸,140.13
U+85AF,薯,140,艸,140.14
U+85B0,薰,140,艸,140.14
U+85B1,薱,140,艸,140.14
U+85B2,薲,140,艸,140.14
U+85B3,薳,140,艸,140.14
U+85B4,薴,140,艸,140.14
U+85B5,薵,140,艸,140.14
U+85B6,薶,140,艸,140.14
U+85B7,薷,140,艸,140.14
U+85B8,薸,140,艸,140.14
U+85B9,薹,140,艸,140.14
U+85BA,薺,140,艸,140.14
U+85BB,薻,140,艸,140.14
U+85BC,薼,140,艸,140.14
U+85BD,薽,140,艸,140.14
U+85BE,薾,140,艸,140.14
U+85BF,薿,140,艸,140.14
U+85C0,藀,140,艸,140.14
U+85C1,藁,140,艸,140.14
U+85C2,藂,140,艸,140.14
U+85C3,藃,140,艸,140.14
U+85C4,藄,140,艸,140.14
U+85C5,藅,140,艸,140.14
U+85C6,藆,140,艸,140.14
U+85C7,藇,140,艸,140.14
U+85C8,藈,140,艸,140.14
U+85C9,藉,140,艸,140.14
U+85CA,藊,140,艸,140.14
U+85CB,藋,140,艸,140.14
U+85CC,藌,140,艸,140.14
U+85CD,藍,140,艸,140.14
U+85CE,藎,140,艸,140.14
U+85CF,藏,140,艸,140.14
U+85D0,藐,140,艸,140.14
U+85D1,藑,140,艸,140.14
U+85D2,藒,140,艸,140.14
U+85D3,藓,140,艸,140.14
U+85D4,藔,140,艸,140.15
U+85D5,藕,140,艸,140.15
U+85D6,藖,140,艸,140.15
U+85D7,藗,140,艸,140.15
U+85D8,藘,140,艸,140.15
U+85D9,藙,140,艸,140.15
U+85DA,藚,140,艸,140.15
U+85DB,藛,140,艸,140.15
U+85DC,藜,140,艸,140.15
U+85DD,藝,140,艸,140.15
U+85DE,藞,140,艸,140.15
U+85DF,藟,140,艸,140.15
U+85E0,藠,140,艸,140.15
U+85E1,藡,140,艸,140.15
U+85E2,藢,140,艸,140.15
U+85E3,藣,140,艸,140.15
U+85E4,藤,140,艸,140.15
U+85E5,藥,140,艸,140.15
U+85E6,藦,140,艸,140.15
U+85E7,藧,140,艸,140.15
U+85E8,藨,140,艸,140.15
U+85E9,藩,140,艸,140.15
U+85EA,藪,140,艸,140.15
U+85EB,藫,140,艸,140.15
U+85EC,藬,140,艸,140.15
U+85ED,藭,140,艸,140.15
U+85EE,藮,140,艸,140.16
U+85EF,藯,140,艸,140.15
U+85F0,藰,140,艸,140.15
U+85F1,藱,140,艸,140.15
U+85F2,藲,140,艸,140.15
U+85F3,藳,140,艸,140.15
U+85F4,藴,140,艸,140.15
U+85F5,藵,140,艸,140.15
U+85F6,藶,140,艸,140.16
U+85F7,藷,140,艸,140.16
U+85F8,藸,140,艸,140.16
U+85F9,藹,140,艸,140.16
U+85FA,藺,140,艸,140.16
U+85FB,藻,140,艸,140.16
U+85FC,藼,140,艸,140.16
U+85FD,藽,140,艸,140.16
U+85FE,藾,140,艸,140.16
U+85FF,藿,140,艸,140.16
U+8600,蘀,140,艸,140.16
U+8601,蘁,140,艸,140.16
U+8602,蘂,140,艸,140.16
U+8603,蘃,140,艸,140.16
U+8604,蘄,140,艸,140.16
U+8605,蘅,140,艸,140.16
U+8606,蘆,140,艸,140.16
U+8607,蘇,140,艸,140.16
U+8608,蘈,140,艸,140.16
U+8609,蘉,140,艸,140.16
U+860A,蘊,140,艸,140.16
U+860B,蘋,140,艸,140.16
U+860C,蘌,140,艸,140.16
U+860D,蘍,140,艸,140.16
U+860E,蘎,140,艸,140.16
U+860F,蘏,140,艸,140.16
U+8610,蘐,140,艸,140.16
U+8611,蘑,140,艸,140.16
U+8612,蘒,140,艸,140.17
U+8613,蘓,140,艸,140.16
U+8614,蘔,140,艸,140.16
U+8615,蘕,140,艸,140.17
U+8616,蘖,140,艸,140.17
U+8617,蘗,140,艸,140.17
U+8618,蘘,140,艸,140.17
U+8619,蘙,140,艸,140.17
U+861A,蘚,140,艸,140.17
U+861B,蘛,140,艸,140.17
U+861C,蘜,140,艸,140.17
U+861D,蘝,140,艸,140.17
U+861E,蘞,140,艸,140.17
U+861F,蘟,140,艸,140.17
U+8620,蘠,140,艸,140.17
U+8621,蘡,140,艸,140.17
U+8622,蘢,140,艸,140.16
U+8623,蘣,140,艸,140.17
U+8624,蘤,140,艸,140.14
U+8625,蘥,140,艸,140.17
U+8626,蘦,140,艸,140.17
U+8627,蘧,140,艸,140.17
U+8628,蘨,140,艸,140.17
U+8629,蘩,140,艸,140.17
U+862A,蘪,140,艸,140.17
U+862B,蘫,140,艸,140.17
U+862C,蘬,140,艸,140.17
U+862D,蘭,140,艸,140.17
U+862E,蘮,140,艸,140.17
U+862F,蘯,140,艸,140.17
U+8630,蘰,140,艸,140.17
U+8631,蘱,140,艸,140.19
U+8632,蘲,140,艸,140.18
U+8633,蘳,140,艸,140.18
U+8634,蘴,140,艸,140.18
U+8635,蘵,140,艸,140.18
U+8636,蘶,140,艸,140.18
U+8637,蘷,140,艸,140.18
U+8638,蘸,140,艸,140.19
U+8639,蘹,140,艸,140.19
U+863A,蘺,140,艸,140.19
U+863B,蘻,140,艸,140.19
U+863C,蘼,140,艸,140.19
U+863D,蘽,140,艸,140.19
U+863E,蘾,140,艸,140.19
U+863F,蘿,140,艸,140.19
U+8640,虀,140,艸,140.19
U+8641,虁,140,艸,140.19
U+8642,虂,140,艸,140.20
U+8643,虃,140,艸,140.20
U+8644,虄,140,艸,140.20
U+8645,虅,140,艸,140.20
U+8646,虆,140,艸,140.21
U+8647,虇,140,艸,140.21
U+8648,虈,140,艸,140.21
U+8649,虉,140,艸,140.21
U+864A,虊,140,艸,140.23
U+864B,虋,140,艸,140.25
U+864C,虌,140,艸,140.25
U+864D,虍,141,虍,141.0
U+864E,虎,141,虍,141.2
U+864F,虏,141,虍,141.2
U+8650,虐,141,虍,141.3
U+8651,虑,141,虍,141.4 61.6
U+8652,虒,27,厂,27.8 141.4
U+8653,虓,141,虍,141.4
U+8654,虔,141,虍,141.4
U+8655,處,141,虍,141.5
U+8656,虖,141,虍,141.5
U+8657,虗,141,虍,141.5
U+8658,虘,141,虍,141.5
U+8659,虙,141,虍,141.5
U+865A,虚,141,虍,141.5
U+865B,虛,141,虍,141.6
U+865C,虜,141,虍,141.6
U+865D,虝,141,虍,141.6
U+865E,虞,141,虍,141.7
U+865F,號,141,虍,141.7
U+8660,虠,141,虍,141.8
U+8661,虡,141,虍,141.8
U+8662,虢,141,虍,141.9
U+8663,虣,141,虍,141.9
U+8664,虤,141,虍,141.10
U+8665,虥,141,虍,141.10
U+8666,虦,141,虍,141.10
U+8667,虧,141,虍,141.11
U+8668,虨,141,虍,141.11
U+8669,虩,141,虍,141.12
U+866A,虪,141,虍,141.20
U+866B,虫,142,虫,142.0
U+866C,虬,142,虫,142.1
U+866D,虭,142,虫,142.2
U+866E,虮,142,虫,142.2
U+866F,虯,142,虫,142.2
U+8670,虰,142,虫,142.2
U+8671,虱,142,虫,142.2
U+8672,虲,142,虫,142.2
U+8673,虳,142,虫,142.3
U+8674,虴,142,虫,142.3
U+8675,虵,142,虫,142.3
U+8676,虶,142,虫,142.3
U+8677,虷,142,虫,142.3
U+8678,虸,142,虫,142.3
U+8679,虹,142,虫,142.3
U+867A,虺,142,虫,142.3
U+867B,虻,142,虫,142.3
U+867C,虼,142,虫,142.3
U+867D,虽,142,虫,142.3 30.6
U+867E,虾,142,虫,142.3
U+867F,虿,142,虫,142.3
U+8680,蚀,142,虫,142.3
U+8681,蚁,142,虫,142.3
U+8682,蚂,142,虫,142.3
U+8683,蚃,142,虫,142.3
U+8684,蚄,142,虫,142.4
U+8685,蚅,142,虫,142.4
U+8686,蚆,142,虫,142.4
U+8687,蚇,142,虫,142.4
U+8688,蚈,142,虫,142.6
U+8689,蚉,142,虫,142.4
U+868A,蚊,142,虫,142.4
U+868B,蚋,142,虫,142.4
U+868C,蚌,142,虫,142.4
U+868D,蚍,142,虫,142.4
U+868E,蚎,142,虫,142.4
U+868F,蚏,142,虫,142.4
U+8690,蚐,142,虫,142.4
U+8691,蚑,142,虫,142.4
U+8692,蚒,142,虫,142.4
U+8693,蚓,142,虫,142.4
U+8694,蚔,142,虫,142.4
U+8695,蚕,142,虫,142.4
U+8696,蚖,142,虫,142.4
U+8697,蚗,142,虫,142.4
U+8698,蚘,142,虫,142.4
U+8699,蚙,142,虫,142.4
U+869A,蚚,142,虫,142.4
U+869B,蚛,142,虫,142.4
U+869C,蚜,142,虫,142.4
U+869D,蚝,142,虫,142.4
U+869E,蚞,142,虫,142.4
U+869F,蚟,142,虫,142.4
U+86A0,蚠,142,虫,142.4
U+86A1,蚡,142,虫,142.4
U+86A2,蚢,142,虫,142.4
U+86A3,蚣,142,虫,142.4
U+86A4,蚤,142,虫,142.4
U+86A5,蚥,142,虫,142.4
U+86A6,蚦,142,虫,142.4
U+86A7,蚧,142,虫,142.4
U+86A8,蚨,142,虫,142.4
U+86A9,蚩,142,虫,142.4
U+86AA,蚪,142,虫,142.4
U+86AB,蚫,142,虫,142.5
U+86AC,蚬,142,虫,142.4
U+86AD,蚭,142,虫,142.5
U+86AE,蚮,142,虫,142.5
U+86AF,蚯,142,虫,142.5
U+86B0,蚰,142,虫,142.5
U+86B1,蚱,142,虫,142.5
U+86B2,蚲,142,虫,142.5
U+86B3,蚳,142,虫,142.5
U+86B4,蚴,142,虫,142.5
U+86B5,蚵,142,虫,142.5
U+86B6,蚶,142,虫,142.5
U+86B7,蚷,142,虫,142.5
U+86B8,蚸,142,虫,142.5
U+86B9,蚹,142,虫,142.5
U+86BA,蚺,142,虫,142.5
U+86BB,蚻,142,虫,142.5
U+86BC,蚼,142,虫,142.5
U+86BD,蚽,142,虫,142.5
U+86BE,蚾,142,虫,142.5
U+86BF,蚿,142,虫,142.5
U+86C0,蛀,142,虫,142.5
U+86C1,蛁,142,虫,142.5
U+86C2,蛂,142,虫,142.5
U+86C3,蛃,142,虫,142.5
U+86C4,蛄,142,虫,142.5
U+86C5,蛅,142,虫,142.5
U+86C6,蛆,142,虫,142.5
U+86C7,蛇,142,虫,142.5
U+86C8,蛈,142,虫,142.5
U+86C9,蛉,142,虫,142.5
U+86CA,蛊,142,虫,142.5
U+86CB,蛋,142,虫,142.5
U+86CC,蛌,142,虫,142.5
U+86CD,蛍,142,虫,142.5
U+86CE,蛎,142,虫,142.5
U+86CF,蛏,142,虫,142.5
U+86D0,蛐,142,虫,142.6
U+86D1,蛑,142,虫,142.6
U+86D2,蛒,142,虫,142.6
U+86D3,蛓,142,虫,142.6
U+86D4,蛔,142,虫,142.6
U+86D5,蛕,142,虫,142.6
U+86D6,蛖,142,虫,142.7
U+86D7,蛗,142,虫,142.6
U+86D8,蛘,142,虫,142.6
U+86D9,蛙,142,虫,142.6
U+86DA,蛚,142,虫,142.6
U+86DB,蛛,142,虫,142.6
U+86DC,蛜,142,虫,142.6
U+86DD,蛝,142,虫,142.6
U+86DE,蛞,142,虫,142.6
U+86DF,蛟,142,虫,142.6
U+86E0,蛠,142,虫,142.6
U+86E1,蛡,142,虫,142.6
U+86E2,蛢,142,虫,142.6
U+86E3,蛣,142,虫,142.6
U+86E4,蛤,142,虫,142.6
U+86E5,蛥,142,虫,142.6
U+86E6,蛦,142,虫,142.6
U+86E7,蛧,142,虫,142.6
U+86E8,蛨,142,虫,142.6
U+86E9,蛩,142,虫,142.6
U+86EA,蛪,142,虫,142.6
U+86EB,蛫,142,虫,142.6
U+86EC,蛬,142,虫,142.6
U+86ED,蛭,142,虫,142.6
U+86EE,蛮,142,虫,142.6
U+86EF,蛯,142,虫,142.6
U+86F0,蛰,142,虫,142.6
U+86F1,蛱,142,虫,142.6
U+86F2,蛲,142,虫,142.6
U+86F3,蛳,142,虫,142.6
U+86F4,蛴,142,虫,142.6
U+86F5,蛵,142,虫,142.7
U+86F6,蛶,142,虫,142.7
U+86F7,蛷,142,虫,142.7
U+86F8,蛸,142,虫,142.7
U+86F9,蛹,142,虫,142.7
U+86FA,蛺,142,虫,142.7
U+86FB,蛻,142,虫,142.7
U+86FC,蛼,142,虫,142.7
U+86FD,蛽,142,虫,142.7
U+86FE,蛾,142,虫,142.7
U+86FF,蛿,142,虫,142.7
U+8700,蜀,142,虫,142.7
U+8701,蜁,142,虫,142.7
U+8702,蜂,142,虫,142.7
U+8703,蜃,142,虫,142.7
U+8704,蜄,142,虫,142.7
U+8705,蜅,142,虫,142.7
U+8706,蜆,142,虫,142.7
U+8707,蜇,142,虫,142.7
U+8708,蜈,142,虫,142.7
U+8709,蜉,142,虫,142.7
U+870A,蜊,142,虫,142.7
U+870B,蜋,142,虫,142.7
U+870C,蜌,142,虫,142.7
U+870D,蜍,142,虫,142.7
U+870E,蜎,142,虫,142.7
U+870F,蜏,142,虫,142.7
U+8710,蜐,142,虫,142.7
U+8711,蜑,142,虫,142.7
U+8712,蜒,142,虫,142.7
U+8713,蜓,142,虫,142.7
U+8714,蜔,142,虫,142.7
U+8715,蜕,142,虫,142.7
U+8716,蜖,142,虫,142.7
U+8717,蜗,142,虫,142.7
U+8718,蜘,142,虫,142.8
U+8719,蜙,142,虫,142.8
U+871A,蜚,142,虫,142.8
U+871B,蜛,142,虫,142.8
U+871C,蜜,142,虫,142.8
U+871D,蜝,142,虫,142.8
U+871E,蜞,142,虫,142.8
U+871F,蜟,142,虫,142.8
U+8720,蜠,142,虫,142.8
U+8721,蜡,142,虫,142.8
U+8722,蜢,142,虫,142.8
U+8723,蜣,142,虫,142.8
U+8724,蜤,142,虫,142.8
U+8725,蜥,142,虫,142.8
U+8726,蜦,142,虫,142.8
U+8727,蜧,142,虫,142.8
U+8728,蜨,142,虫,142.8
U+8729,蜩,142,虫,142.8
U+872A,蜪,142,虫,142.8
U+872B,蜫,142,虫,142.7
U+872C,蜬,142,虫,142.8
U+872D,蜭,142,虫,142.8
U+872E,蜮,142,虫,142.8
U+872F,蜯,142,虫,142.8
U+8730,蜰,142,虫,142.8
U+8731,蜱,142,虫,142.8
U+8732,蜲,142,虫,142.8
U+8733,蜳,142,虫,142.8
U+8734,蜴,142,虫,142.8
U+8735,蜵,142,虫,142.8
U+8736,蜶,142,虫,142.8
U+8737,蜷,142,虫,142.8
U+8738,蜸,142,虫,142.8
U+8739,蜹,142,虫,142.8
U+873A,蜺,142,虫,142.8
U+873B,蜻,142,虫,142.8
U+873C,蜼,142,虫,142.8
U+873D,蜽,142,虫,142.8
U+873E,蜾,142,虫,142.8
U+873F,蜿,142,虫,142.8
U+8740,蝀,142,虫,142.8
U+8741,蝁,142,虫,142.8
U+8742,蝂,142,虫,142.8
U+8743,蝃,142,虫,142.8
U+8744,蝄,142,虫,142.8
U+8745,蝅,142,虫,142.8
U+8746,蝆,142,虫,142.7
U+8747,蝇,142,虫,142.8
U+8748,蝈,142,虫,142.8
U+8749,蝉,142,虫,142.8
U+874A,蝊,142,虫,142.8
U+874B,蝋,142,虫,142.8
U+874C,蝌,142,虫,142.9
U+874D,蝍,142,虫,142.9
U+874E,蝎,142,虫,142.9
U+874F,蝏,142,虫,142.9
U+8750,蝐,142,虫,142.9
U+8751,蝑,142,虫,142.9
U+8752,蝒,142,虫,142.9
U+8753,蝓,142,虫,142.9
U+8754,蝔,142,虫,142.9
U+8755,蝕,142,虫,142.9
U+8756,蝖,142,虫,142.9
U+8757,蝗,142,虫,142.9
U+8758,蝘,142,虫,142.9
U+8759,蝙,142,虫,142.9
U+875A,蝚,142,虫,142.9
U+875B,蝛,142,虫,142.9
U+875C,蝜,142,虫,142.9
U+875D,蝝,142,虫,142.9
U+875E,蝞,142,虫,142.9
U+875F,蝟,142,虫,142.9
U+8760,蝠,142,虫,142.9
U+8761,蝡,142,虫,142.9
U+8762,蝢,142,虫,142.9
U+8763,蝣,142,虫,142.9
U+8764,蝤,142,虫,142.9
U+8765,蝥,142,虫,142.9
U+8766,蝦,142,虫,142.9
U+8767,蝧,142,虫,142.9
U+8768,蝨,142,虫,142.9
U+8769,蝩,142,虫,142.9
U+876A,蝪,142,虫,142.9
U+876B,蝫,142,虫,142.9
U+876C,蝬,142,虫,142.9
U+876D,蝭,142,虫,142.9
U+876E,蝮,142,虫,142.9
U+876F,蝯,142,虫,142.9
U+8770,蝰,142,虫,142.9
U+8771,蝱,142,虫,142.9
U+8772,蝲,142,虫,142.9
U+8773,蝳,142,虫,142.9
U+8774,蝴,142,虫,142.9
U+8775,蝵,142,虫,142.9
U+8776,蝶,142,虫,142.9
U+8777,蝷,142,虫,142.9
U+8778,蝸,142,虫,142.9
U+8779,蝹,142,虫,142.10
U+877A,蝺,142,虫,142.9
U+877B,蝻,142,虫,142.9
U+877C,蝼,142,虫,142.9
U+877D,蝽,142,虫,142.9
U+877E,蝾,142,虫,142.9
U+877F,蝿,142,虫,142.9
U+8780,螀,142,虫,142.9
U+8781,螁,142,虫,142.10
U+8782,螂,142,虫,142.10
U+8783,螃,142,虫,142.10
U+8784,螄,142,虫,142.10
U+8785,螅,142,虫,142.10
U+8786,螆,142,虫,142.10
U+8787,螇,142,虫,142.10
U+8788,螈,142,虫,142.10
U+8789,螉,142,虫,142.10
U+878A,螊,142,虫,142.10
U+878B,螋,142,虫,142.10
U+878C,螌,142,虫,142.10
U+878D,融,142,虫,142.10
U+878E,螎,142,虫,142.10
U+878F,螏,142,虫,142.10
U+8790,螐,142,虫,142.10
U+8791,螑,142,虫,142.10
U+8792,螒,142,虫,142.10
U+8793,螓,142,虫,142.10
U+8794,螔,142,虫,142.10
U+8795,螕,142,虫,142.10
U+8796,螖,142,虫,142.10
U+8797,螗,142,虫,142.10
U+8798,螘,142,虫,142.10
U+8799,螙,142,虫,142.10
U+879A,螚,142,虫,142.10
U+879B,螛,142,虫,142.10
U+879C,螜,142,虫,142.10
U+879D,螝,142,虫,142.10
U+879E,螞,142,虫,142.10
U+879F,螟,142,虫,142.10
U+87A0,螠,142,虫,142.10
U+87A1,螡,142,虫,142.10
U+87A2,螢,142,虫,142.10
U+87A3,螣,142,虫,142.10
U+87A4,螤,142,虫,142.10
U+87A5,螥,142,虫,142.10
U+87A6,螦,142,虫,142.10
U+87A7,螧,142,虫,142.10
U+87A8,螨,142,虫,142.10
U+87A9,螩,142,虫,142.10
U+87AA,螪,142,虫,142.11
U+87AB,螫,142,虫,142.11
U+87AC,螬,142,虫,142.11
U+87AD,螭,142,虫,142.11
U+87AE,螮,142,虫,142.11
U+87AF,螯,142,虫,142.11
U+87B0,螰,142,虫,142.11
U+87B1,螱,142,虫,142.11
U+87B2,螲,142,虫,142.11
U+87B3,螳,142,虫,142.11
U+87B4,螴,142,虫,142.11
U+87B5,螵,142,虫,142.11
U+87B6,螶,142,虫,142.11
U+87B7,螷,142,虫,142.11
U+87B8,螸,142,虫,142.11
U+87B9,螹,142,虫,142.11
U+87BA,螺,142,虫,142.11
U+87BB,螻,142,虫,142.11
U+87BC,螼,142,虫,142.11
U+87BD,螽,142,虫,142.11
U+87BE,螾,142,虫,142.11
U+87BF,螿,142,虫,142.11
U+87C0,蟀,142,虫,142.11
U+87C1,蟁,142,虫,142.11
U+87C2,蟂,142,虫,142.11
U+87C3,蟃,142,虫,142.11
U+87C4,蟄,142,虫,142.11
U+87C5,蟅,142,虫,142.11
U+87C6,蟆,142,虫,142.11
U+87C7,蟇,142,虫,142.11
U+87C8,蟈,142,虫,142.11
U+87C9,蟉,142,虫,142.11
U+87CA,蟊,142,虫,142.11
U+87CB,蟋,142,虫,142.11
U+87CC,蟌,142,虫,142.11
U+87CD,蟍,142,虫,142.11
U+87CE,蟎,142,虫,142.11
U+87CF,蟏,142,虫,142.11
U+87D0,蟐,142,虫,142.11
U+87D1,蟑,142,虫,142.11
U+87D2,蟒,142,虫,142.11
U+87D3,蟓,142,虫,142.12
U+87D4,蟔,142,虫,142.12
U+87D5,蟕,142,虫,142.12
U+87D6,蟖,142,虫,142.12
U+87D7,蟗,142,虫,142.12
U+87D8,蟘,142,虫,142.12
U+87D9,蟙,142,虫,142.12
U+87DA,蟚,142,虫,142.12
U+87DB,蟛,142,虫,142.12
U+87DC,蟜,142,虫,142.12
U+87DD,蟝,142,虫,142.12
U+87DE,蟞,142,虫,142.12
U+87DF,蟟,142,虫,142.12
U+87E0,蟠,142,虫,142.12
U+87E1,蟡,142,虫,142.9
U+87E2,蟢,142,虫,142.12
U+87E3,蟣,142,虫,142.12
U+87E4,蟤,142,虫,142.12
U+87E5,蟥,142,虫,142.12
U+87E6,蟦,142,虫,142.12
U+87E7,蟧,142,虫,142.12
U+87E8,蟨,142,虫,142.12
U+87E9,蟩,142,虫,142.12
U+87EA,蟪,142,虫,142.12
U+87EB,蟫,142,虫,142.12
U+87EC,蟬,142,虫,142.12
U+87ED,蟭,142,虫,142.12
U+87EE,蟮,142,虫,142.12
U+87EF,蟯,142,虫,142.12
U+87F0,蟰,142,虫,142.12
U+87F1,蟱,142,虫,142.12
U+87F2,蟲,142,虫,142.12
U+87F3,蟳,142,虫,142.12
U+87F4,蟴,142,虫,142.12
U+87F5,蟵,142,虫,142.12
U+87F6,蟶,142,虫,142.13
U+87F7,蟷,142,虫,142.13
U+87F8,蟸,142,虫,142.13
U+87F9,蟹,142,虫,142.13
U+87FA,蟺,142,虫,142.13
U+87FB,蟻,142,虫,142.13
U+87FC,蟼,142,虫,142.13
U+87FD,蟽,142,虫,142.13
U+87FE,蟾,142,虫,142.13
U+87FF,蟿,142,虫,142.13
U+8800,蠀,142,虫,142.13
U+8801,蠁,142,虫,142.12
U+8802,蠂,142,虫,142.13
U+8803,蠃,142,虫,142.13
U+8804,蠄,142,虫,142.13
U+8805,蠅,142,虫,142.13
U+8806,蠆,142,虫,142.13
U+8807,蠇,142,虫,142.13
U+8808,蠈,142,虫,142.13
U+8809,蠉,142,虫,142.13
U+880A,蠊,142,虫,142.13
U+880B,蠋,142,虫,142.13
U+880C,蠌,142,虫,142.13
U+880D,蠍,142,虫,142.13
U+880E,蠎,142,虫,142.12
U+880F,蠏,142,虫,142.13
U+8810,蠐,142,虫,142.14
U+8811,蠑,142,虫,142.14
U+8812,蠒,142,虫,142.14
U+8813,蠓,142,虫,142.14
U+8814,蠔,142,虫,142.14
U+8815,蠕,142,虫,142.14
U+8816,蠖,142,虫,142.14
U+8817,蠗,142,虫,142.14
U+8818,蠘,142,虫,142.14
U+8819,蠙,142,虫,142.14
U+881A,蠚,142,虫,142.15
U+881B,蠛,142,虫,142.15
U+881C,蠜,142,虫,142.15
U+881D,蠝,142,虫,142.15
U+881E,蠞,142,虫,142.15
U+881F,蠟,142,虫,142.15
U+8820,蠠,142,虫,142.15
U+8821,蠡,142,虫,142.15
U+8822,蠢,142,虫,142.15
U+8823,蠣,142,虫,142.15
U+8824,蠤,142,虫,142.15
U+8825,蠥,142,虫,142.16
U+8826,蠦,142,虫,142.16
U+8827,蠧,142,虫,142.16
U+8828,蠨,142,虫,142.16
U+8829,蠩,142,虫,142.16
U+882A,蠪,142,虫,142.16
U+882B,蠫,142,虫,142.16
U+882C,蠬,142,虫,142.16
U+882D,蠭,142,虫,142.17
U+882E,蠮,142,虫,142.17
U+882F,蠯,142,虫,142.17
U+8830,蠰,142,虫,142.17
U+8831,蠱,142,虫,142.17
U+8832,蠲,142,虫,142.17
U+8833,蠳,142,虫,142.17
U+8834,蠴,142,虫,142.15
U+8835,蠵,142,虫,142.18
U+8836,蠶,142,虫,142.18
U+8837,蠷,142,虫,142.18
U+8838,蠸,142,虫,142.18
U+8839,蠹,142,虫,142.18
U+883A,蠺,142,虫,142.18
U+883B,蠻,142,虫,142.19
U+883C,蠼,142,虫,142.20
U+883D,蠽,142,虫,142.21
U+883E,蠾,142,虫,142.21
U+883F,蠿,142,虫,142.22
U+8840,血,143,血,143.0
U+8841,衁,143,血,143.3
U+8842,衂,143,血,143.3
U+8843,衃,143,血,143.4
U+8844,衄,143,血,143.4
U+8845,衅,143,血,143.5
U+8846,衆,143,血,143.6
U+8847,衇,143,血,143.6
U+8848,衈,143,血,143.6
U+8849,衉,143,血,143.6
U+884A,衊,143,血,143.15
U+884B,衋,143,血,143.18
U+884C,行,144,行,144.0
U+884D,衍,144,行,144.3
U+884E,衎,144,行,144.3
U+884F,衏,144,行,144.4
U+8850,衐,144,行,144.5
U+8851,衑,144,行,144.5
U+8852,衒,144,行,144.5
U+8853,術,144,行,144.5
U+8854,衔,144,行,144.5
U+8855,衕,144,行,144.6
U+8856,衖,144,行,144.6
U+8857,街,144,行,144.6
U+8858,衘,144,行,144.6
U+8859,衙,144,行,144.7
U+885A,衚,144,行,144.9
U+885B,衛,144,行,144.9
U+885C,衜,144,行,144.9
U+885D,衝,144,行,144.9
U+885E,衞,144,行,144.10
U+885F,衟,144,行,144.10
U+8860,衠,144,行,144.10
U+8861,衡,144,行,144.10
U+8862,衢,144,行,144.18
U+8863,衣,145,衣,145.0
U+8864,衤,145,衣,145.0
U+8865,补,145,衣,145.2
U+8866,衦,145,衣,145.3
U+8867,衧,145,衣,145.3
U+8868,表,145,衣,145.3
U+8869,衩,145,衣,145.3
U+886A,衪,145,衣,145.3
U+886B,衫,145,衣,145.3
U+886C,衬,145,衣,145.3
U+886D,衭,145,衣,145.4
U+886E,衮,145,衣,145.4
U+886F,衯,145,衣,145.4
U+8870,衰,145,衣,145.4
U+8871,衱,145,衣,145.4
U+8872,衲,145,衣,145.4
U+8873,衳,145,衣,145.4
U+8874,衴,145,衣,145.4
U+8875,衵,145,衣,145.4
U+8876,衶,145,衣,145.4
U+8877,衷,145,衣,145.4
U+8878,衸,145,衣,145.4
U+8879,衹,145,衣,145.4
U+887A,衺,145,衣,145.4
U+887B,衻,145,衣,145.4
U+887C,衼,145,衣,145.4
U+887D,衽,145,衣,145.4
U+887E,衾,145,衣,145.4
U+887F,衿,145,衣,145.4
U+8880,袀,145,衣,145.4
U+8881,袁,145,衣,145.4
U+8882,袂,145,衣,145.4
U+8883,袃,145,衣,145.4
U+8884,袄,145,衣,145.4
U+8885,袅,145,衣,145.4
U+8886,袆,145,衣,145.4
U+8887,袇,145,衣,145.4
U+8888,袈,145,衣,145.5
U+8889,袉,145,衣,145.5
U+888A,袊,145,衣,145.5
U+888B,袋,145,衣,145.5
U+888C,袌,145,衣,145.5
U+888D,袍,145,衣,145.5
U+888E,袎,145,衣,145.5
U+888F,袏,145,衣,145.5
U+8890,袐,145,衣,145.5
U+8891,袑,145,衣,145.5
U+8892,袒,145,衣,145.5
U+8893,袓,145,衣,145.5
U+8894,袔,145,衣,145.5
U+8895,袕,145,衣,145.5
U+8896,袖,145,衣,145.5
U+8897,袗,145,衣,145.5
U+8898,袘,145,衣,145.5
U+8899,袙,145,衣,145.5
U+889A,袚,145,衣,145.5
U+889B,袛,145,衣,145.5
U+889C,袜,145,衣,145.5
U+889D,袝,145,衣,145.5
U+889E,袞,145,衣,145.5
U+889F,袟,145,衣,145.5
U+88A0,袠,145,衣,145.5
U+88A1,袡,145,衣,145.5
U+88A2,袢,145,衣,145.5
U+88A3,袣,145,衣,145.5
U+88A4,袤,145,衣,145.5
U+88A5,袥,145,衣,145.5
U+88A6,袦,145,衣,145.5
U+88A7,袧,145,衣,145.5
U+88A8,袨,145,衣,145.5
U+88A9,袩,145,衣,145.5
U+88AA,袪,145,衣,145.5
U+88AB,被,145,衣,145.5
U+88AC,袬,145,衣,145.5
U+88AD,袭,145,衣,145.5
U+88AE,袮,145,衣,145.5
U+88AF,袯,145,衣,145.6
U+88B0,袰,145,衣,145.5
U+88B1,袱,145,衣,145.6
U+88B2,袲,145,衣,145.6
U+88B3,袳,145,衣,145.6
U+88B4,袴,145,衣,145.6
U+88B5,袵,145,衣,145.6
U+88B6,袶,145,衣,145.6
U+88B7,袷,145,衣,145.6
U+88B8,袸,145,衣,145.6
U+88B9,袹,145,衣,145.6
U+88BA,袺,145,衣,145.6
U+88BB,袻,145,衣,145.6
U+88BC,袼,145,衣,145.6
U+88BD,袽,145,衣,145.6
U+88BE,袾,145,衣,145.6
U+88BF,袿,145,衣,145.6
U+88C0,裀,145,衣,145.6
U+88C1,裁,145,衣,145.6
U+88C2,裂,145,衣,145.6
U+88C3,裃,145,衣,145.6
U+88C4,裄,145,衣,145.6
U+88C5,装,145,衣,145.6
U+88C6,裆,145,衣,145.6
U+88C7,裇,145,衣,145.6
U+88C8,裈,145,衣,145.6
U+88C9,裉,145,衣,145.6
U+88CA,裊,145,衣,145.7
U+88CB,裋,145,衣,145.7
U+88CC,裌,145,衣,145.7
U+88CD,裍,145,衣,145.7
U+88CE,裎,145,衣,145.7
U+88CF,裏,145,衣,145.7
U+88D0,裐,145,衣,145.7
U+88D1,裑,145,衣,145.7
U+88D2,裒,145,衣,145.7
U+88D3,裓,145,衣,145.7
U+88D4,裔,145,衣,145.7
U+88D5,裕,145,衣,145.7
U+88D6,裖,145,衣,145.7
U+88D7,裗,145,衣,145.7
U+88D8,裘,145,衣,145.7
U+88D9,裙,145,衣,145.7
U+88DA,裚,145,衣,145.7
U+88DB,裛,145,衣,145.7
U+88DC,補,145,衣,145.7
U+88DD,裝,145,衣,145.7
U+88DE,裞,145,衣,145.7
U+88DF,裟,145,衣,145.7
U+88E0,裠,145,衣,145.7
U+88E1,裡,145,衣,145.7
U+88E2,裢,145,衣,145.7
U+88E3,裣,145,衣,145.7
U+88E4,裤,145,衣,145.7
U+88E5,裥,145,衣,145.7
U+88E6,裦,145,衣,145.9
U+88E7,裧,145,衣,145.8
U+88E8,裨,145,衣,145.8
U+88E9,裩,145,衣,145.8
U+88EA,裪,145,衣,145.8
U+88EB,裫,145,衣,145.8
U+88EC,裬,145,衣,145.8
U+88ED,裭,145,衣,145.8
U+88EE,裮,145,衣,145.8
U+88EF,裯,145,衣,145.8
U+88F0,裰,145,衣,145.8
U+88F1,裱,145,衣,145.8
U+88F2,裲,145,衣,145.8
U+88F3,裳,145,衣,145.8
U+88F4,裴,145,衣,145.8
U+88F5,裵,145,衣,145.8
U+88F6,裶,145,衣,145.8
U+88F7,裷,145,衣,145.8
U+88F8,裸,145,衣,145.8
U+88F9,裹,145,衣,145.8
U+88FA,裺,145,衣,145.8
U+88FB,裻,145,衣,145.8
U+88FC,裼,145,衣,145.8
U+88FD,製,145,衣,145.8
U+88FE,裾,145,衣,145.8
U+88FF,裿,145,衣,145.8
U+8900,褀,145,衣,145.8
U+8901,褁,145,衣,145.8
U+8902,褂,145,衣,145.8
U+8903,褃,145,衣,145.8
U+8904,褄,145,衣,145.8
U+8905,褅,145,衣,145.9
U+8906,褆,145,衣,145.9
U+8907,複,145,衣,145.9
U+8908,褈,145,衣,145.9
U+8909,褉,145,衣,145.9
U+890A,褊,145,衣,145.9
U+890B,褋,145,衣,145.9
U+890C,褌,145,衣,145.9
U+890D,褍,145,衣,145.9
U+890E,褎,145,衣,145.9
U+890F,褏,145,衣,145.9
U+8910,褐,145,衣,145.9
U+8911,褑,145,衣,145.9
U+8912,褒,145,衣,145.9
U+8913,褓,145,衣,145.9
U+8914,褔,145,衣,145.9
U+8915,褕,145,衣,145.9
U+8916,褖,145,衣,145.9
U+8917,褗,145,衣,145.9
U+8918,褘,145,衣,145.9
U+8919,褙,145,衣,145.9
U+891A,褚,145,衣,145.9
U+891B,褛,145,衣,145.9
U+891C,褜,145,衣,145.9
U+891D,褝,145,衣,145.9
U+891E,褞,145,衣,145.10
U+891F,褟,145,衣,145.10
U+8920,褠,145,衣,145.10
U+8921,褡,145,衣,145.10
U+8922,褢,145,衣,145.10
U+8923,褣,145,衣,145.10
U+8924,褤,145,衣,145.10
U+8925,褥,145,衣,145.10
U+8926,褦,145,衣,145.10
U+8927,褧,145,衣,145.10
U+8928,褨,145,衣,145.10
U+8929,褩,145,衣,145.10
U+892A,褪,145,衣,145.10
U+892B,褫,145,衣,145.10
U+892C,褬,145,衣,145.10
U+892D,褭,145,衣,145.10
U+892E,褮,145,衣,145.10
U+892F,褯,145,衣,145.10
U+8930,褰,145,衣,145.10
U+8931,褱,145,衣,145.10
U+8932,褲,145,衣,145.10
U+8933,褳,145,衣,145.11
U+8934,褴,145,衣,145.10
U+8935,褵,145,衣,145.11
U+8936,褶,145,衣,145.11
U+8937,褷,145,衣,145.11
U+8938,褸,145,衣,145.11
U+8939,褹,145,衣,145.11
U+893A,褺,145,衣,145.11
U+893B,褻,145,衣,145.11
U+893C,褼,145,衣,145.11
U+893D,褽,145,衣,145.11
U+893E,褾,145,衣,145.11
U+893F,褿,145,衣,145.11
U+8940,襀,145,衣,145.11
U+8941,襁,145,衣,145.11
U+8942,襂,145,衣,145.11
U+8943,襃,145,衣,145.11
U+8944,襄,145,衣,145.11
U+8945,襅,145,衣,145.11
U+8946,襆,145,衣,145.12
U+8947,襇,145,衣,145.12
U+8948,襈,145,衣,145.12
U+8949,襉,145,衣,145.12
U+894A,襊,145,衣,145.12
U+894B,襋,145,衣,145.12
U+894C,襌,145,衣,145.12
U+894D,襍,145,衣,145.12
U+894E,襎,145,衣,145.12
U+894F,襏,145,衣,145.12
U+8950,襐,145,衣,145.12
U+8951,襑,145,衣,145.12
U+8952,襒,145,衣,145.12
U+8953,襓,145,衣,145.12
U+8954,襔,145,衣,145.11
U+8955,襕,145,衣,145.12
U+8956,襖,145,衣,145.13
U+8957,襗,145,衣,145.13
U+8958,襘,145,衣,145.13
U+8959,襙,145,衣,145.13
U+895A,襚,145,衣,145.13
U+895B,襛,145,衣,145.13
U+895C,襜,145,衣,145.13
U+895D,襝,145,衣,145.13
U+895E,襞,145,衣,145.13
U+895F,襟,145,衣,145.13
U+8960,襠,145,衣,145.13
U+8961,襡,145,衣,145.13
U+8962,襢,145,衣,145.13
U+8963,襣,145,衣,145.14
U+8964,襤,145,衣,145.14
U+8965,襥,145,衣,145.14
U+8966,襦,145,衣,145.14
U+8967,襧,145,衣,145.14
U+8968,襨,145,衣,145.14
U+8969,襩,145,衣,145.15
U+896A,襪,145,衣,145.15
U+896B,襫,145,衣,145.15
U+896C,襬,145,衣,145.15
U+896D,襭,145,衣,145.15
U+896E,襮,145,衣,145.15
U+896F,襯,145,衣,145.16
U+8970,襰,145,衣,145.16
U+8971,襱,145,衣,145.16
U+8972,襲,145,衣,145.16
U+8973,襳,145,衣,145.17
U+8974,襴,145,衣,145.17
U+8975,襵,145,衣,145.18
U+8976,襶,145,衣,145.18
U+8977,襷,145,衣,145.18
U+8978,襸,145,衣,145.19
U+8979,襹,145,衣,145.19
U+897A,襺,145,衣,145.19
U+897B,襻,145,衣,145.19
U+897C,襼,145,衣,145.19
U+897D,襽,145,衣,145.17
U+897E,襾,146,襾,146.0
U+897F,西,146,襾,146.0
U+8980,覀,146,襾,146.0
U+8981,要,146,襾,146.3
U+8982,覂,146,襾,146.5
U+8983,覃,146,襾,146.6
U+8984,覄,146,襾,146.6
U+8985,覅,146,襾,146.7
U+8986,覆,146,襾,146.12
U+8987,覇,146,襾,146.13
U+8988,覈,146,襾,146.13
U+8989,覉,146,襾,146.17
U+898A,覊,146,襾,146.19
U+898B,見,147,見,147.0
U+898C,覌,147,見,147.2
U+898D,覍,147,見,147.3
U+898E,覎,147,見,147.3
U+898F,規,147,見,147.4
U+8990,覐,147,見,147.4
U+8991,覑,147,見,147.4
U+8992,覒,147,見,147.4
U+8993,覓,147,見,147.4
U+8994,覔,147,見,147.4
U+8995,覕,147,見,147.5
U+8996,視,113,示,113.7 147.5
U+8997,覗,147,見,147.5
U+8998,覘,147,見,147.5
U+8999,覙,147,見,147.2
U+899A,覚,147,見,147.5
U+899B,覛,147,見,147.6
U+899C,覜,147,見,147.6
U+899D,覝,147,見,147.7
U+899E,覞,147,見,147.7
U+899F,覟,147,見,147.7
U+89A0,覠,147,見,147.7
U+89A1,覡,147,見,147.7
U+89A2,覢,147,見,147.8
U+89A3,覣,147,見,147.8
U+89A4,覤,147,見,147.8
U+89A5,覥,147,見,147.8
U+89A6,覦,147,見,147.9
U+89A7,覧,147,見,147.9
U+89A8,覨,147,見,147.9
U+89A9,覩,147,見,147.9
U+89AA,親,147,見,147.9
U+89AB,覫,147,見,147.10
U+89AC,覬,147,見,147.10
U+89AD,覭,147,見,147.10
U+89AE,覮,147,見,147.10
U+89AF,覯,147,見,147.10
U+89B0,覰,147,見,147.11
U+89B1,覱,147,見,147.11
U+89B2,覲,147,見,147.11
U+89B3,観,147,見,147.11
U+89B4,覴,147,見,147.12
U+89B5,覵,147,見,147.12
U+89B6,覶,147,見,147.12
U+89B7,覷,147,見,147.12
U+89B8,覸,147,見,147.12
U+89B9,覹,147,見,147.13
U+89BA,覺,147,見,147.13
U+89BB,覻,147,見,147.13
U+89BC,覼,147,見,147.14
U+89BD,覽,147,見,147.14
U+89BE,覾,147,見,147.15
U+89BF,覿,147,見,147.15
U+89C0,觀,147,見,147.18
U+89C1,见,147',见,147'.0
U+89C2,观,147',见,147'.2
U+89C3,觃,147',见,147'.3
U+89C4,规,147',见,147'.4
U+89C5,觅,147',见,147'.4
U+89C6,视,113,示,113.4
U+89C7,觇,147',见,147'.5
U+89C8,览,147',见,147'.5
U+89C9,觉,147',见,147'.5
U+89CA,觊,147',见,147'.6
U+89CB,觋,147',见,147'.7
U+89CC,觌,147',见,147'.8
U+89CD,觍,147',见,147'.8
U+89CE,觎,147',见,147'.9
U+89CF,觏,147',见,147'.10
U+89D0,觐,147',见,147'.11
U+89D1,觑,147',见,147'.11
U+89D2,角,148,角,148.0
U+89D3,觓,148,角,148.2
U+89D4,觔,148,角,148.2
U+89D5,觕,148,角,148.4 93.7
U+89D6,觖,148,角,148.4
U+89D7,觗,148,角,148.4
U+89D8,觘,148,角,148.4
U+89D9,觙,148,角,148.4
U+89DA,觚,148,角,148.5
U+89DB,觛,148,角,148.5
U+89DC,觜,148,角,148.6
U+89DD,觝,148,角,148.5
U+89DE,觞,148,角,148.5
U+89DF,觟,148,角,148.6
U+89E0,觠,148,角,148.6
U+89E1,觡,148,角,148.6
U+89E2,觢,148,角,148.6
U+89E3,解,148,角,148.6
U+89E4,觤,148,角,148.6
U+89E5,觥,148,角,148.6
U+89E6,触,148,角,148.6
U+89E7,觧,148,角,148.6
U+89E8,觨,148,角,148.7
U+89E9,觩,148,角,148.7
U+89EA,觪,148,角,148.7
U+89EB,觫,148,角,148.7
U+89EC,觬,148,角,148.8
U+89ED,觭,148,角,148.8
U+89EE,觮,148,角,148.8
U+89EF,觯,148,角,148.8
U+89F0,觰,148,角,148.9
U+89F1,觱,148,角,148.9
U+89F2,觲,148,角,148.10
U+89F3,觳,148,角,148.10
U+89F4,觴,148,角,148.11
U+89F5,觵,148,角,148.12
U+89F6,觶,148,角,148.12
U+89F7,觷,148,角,148.13
U+89F8,觸,148,角,148.13
U+89F9,觹,148,角,148.13
U+89FA,觺,148,角,148.14
U+89FB,觻,148,角,148.15
U+89FC,觼,148,角,148.15
U+89FD,觽,148,角,148.16
U+89FE,觾,148,角,148.16
U+89FF,觿,148,角,148.18
U+8A00,言,149,言,149.0
U+8A01,訁,149,言,149.0
U+8A02,訂,149,言,149.2
U+8A03,訃,149,言,149.2
U+8A04,訄,149,言,149.2
U+8A05,訅,149,言,149.2
U+8A06,訆,149,言,149.2
U+8A07,訇,149,言,149.2
U+8A08,計,149,言,149.2
U+8A09,訉,149,言,149.3
U+8A0A,訊,149,言,149.3
U+8A0B,訋,149,言,149.3
U+8A0C,訌,149,言,149.3
U+8A0D,訍,149,言,149.3
U+8A0E,討,149,言,149.3
U+8A0F,訏,149,言,149.3
U+8A10,訐,149,言,149.3
U+8A11,訑,149,言,149.3
U+8A12,訒,149,言,149.3
U+8A13,訓,149,言,149.3
U+8A14,訔,149,言,149.3
U+8A15,訕,149,言,149.3
U+8A16,訖,149,言,149.3
U+8A17,託,149,言,149.3
U+8A18,記,149,言,149.3
U+8A19,訙,149,言,149.3
U+8A1A,訚,149,言,149.3
U+8A1B,訛,149,言,149.4
U+8A1C,訜,149,言,149.4
U+8A1D,訝,149,言,149.4
U+8A1E,訞,149,言,149.4
U+8A1F,訟,149,言,149.4
U+8A20,訠,149,言,149.4
U+8A21,訡,149,言,149.4
U+8A22,訢,149,言,149.4
U+8A23,訣,149,言,149.4
U+8A24,訤,149,言,149.4
U+8A25,訥,149,言,149.4
U+8A26,訦,149,言,149.4
U+8A27,訧,149,言,149.4
U+8A28,訨,149,言,149.4
U+8A29,訩,149,言,149.4
U+8A2A,訪,149,言,149.4
U+8A2B,訫,149,言,149.4
U+8A2C,訬,149,言,149.4
U+8A2D,設,149,言,149.4
U+8A2E,訮,149,言,149.4
U+8A2F,訯,149,言,149.4
U+8A30,訰,149,言,149.4
U+8A31,許,149,言,149.4
U+8A32,訲,149,言,149.4
U+8A33,訳,149,言,149.4
U+8A34,訴,149,言,149.5
U+8A35,訵,149,言,149.5
U+8A36,訶,149,言,149.5
U+8A37,訷,149,言,149.5
U+8A38,訸,149,言,149.5
U+8A39,訹,149,言,149.5
U+8A3A,診,149,言,149.5
U+8A3B,註,149,言,149.5
U+8A3C,証,149,言,149.5
U+8A3D,訽,149,言,149.5
U+8A3E,訾,149,言,149.5
U+8A3F,訿,149,言,149.5
U+8A40,詀,149,言,149.5
U+8A41,詁,149,言,149.5
U+8A42,詂,149,言,149.5
U+8A43,詃,149,言,149.5
U+8A44,詄,149,言,149.5
U+8A45,詅,149,言,149.5
U+8A46,詆,149,言,149.5
U+8A47,詇,149,言,149.5
U+8A48,詈,149,言,149.5
U+8A49,詉,149,言,149.5
U+8A4A,詊,149,言,149.5
U+8A4B,詋,149,言,149.5
U+8A4C,詌,149,言,149.5
U+8A4D,詍,149,言,149.5
U+8A4E,詎,149,言,149.5
U+8A4F,詏,149,言,149.5
U+8A50,詐,149,言,149.5
U+8A51,詑,149,言,149.5
U+8A52,詒,149,言,149.5
U+8A53,詓,149,言,149.5
U+8A54,詔,149,言,149.5
U+8A55,評,149,言,149.5
U+8A56,詖,149,言,149.5
U+8A57,詗,149,言,149.5
U+8A58,詘,149,言,149.5
U+8A59,詙,149,言,149.5
U+8A5A,詚,149,言,149.5
U+8A5B,詛,149,言,149.5
U+8A5C,詜,149,言,149.5
U+8A5D,詝,149,言,149.5
U+8A5E,詞,149,言,149.5
U+8A5F,詟,149,言,149.5
U+8A60,詠,149,言,149.5
U+8A61,詡,149,言,149.6
U+8A62,詢,149,言,149.6
U+8A63,詣,149,言,149.6
U+8A64,詤,149,言,149.6
U+8A65,詥,149,言,149.6
U+8A66,試,149,言,149.6
U+8A67,詧,149,言,149.6
U+8A68,詨,149,言,149.6
U+8A69,詩,149,言,149.6
U+8A6A,詪,149,言,149.6
U+8A6B,詫,149,言,149.6
U+8A6C,詬,149,言,149.6
U+8A6D,詭,149,言,149.6
U+8A6E,詮,149,言,149.6
U+8A6F,詯,149,言,149.6
U+8A70,詰,149,言,149.6
U+8A71,話,149,言,149.6
U+8A72,該,149,言,149.6
U+8A73,詳,149,言,149.6
U+8A74,詴,149,言,149.6
U+8A75,詵,149,言,149.6
U+8A76,詶,149,言,149.6
U+8A77,詷,149,言,149.6
U+8A78,詸,149,言,149.6
U+8A79,詹,149,言,149.6
U+8A7A,詺,149,言,149.6
U+8A7B,詻,149,言,149.6
U+8A7C,詼,149,言,149.6
U+8A7D,詽,149,言,149.6
U+8A7E,詾,149,言,149.6
U+8A7F,詿,149,言,149.6
U+8A80,誀,149,言,149.6
U+8A81,誁,149,言,149.6
U+8A82,誂,149,言,149.6
U+8A83,誃,149,言,149.6
U+8A84,誄,149,言,149.6
U+8A85,誅,149,言,149.6
U+8A86,誆,149,言,149.6
U+8A87,誇,149,言,149.6
U+8A88,誈,149,言,149.6
U+8A89,誉,149,言,149.6
U+8A8A,誊,149,言,149.6
U+8A8B,誋,149,言,149.7
U+8A8C,誌,149,言,149.7
U+8A8D,認,149,言,149.7
U+8A8E,誎,149,言,149.7
U+8A8F,誏,149,言,149.7
U+8A90,誐,149,言,149.7
U+8A91,誑,149,言,149.7
U+8A92,誒,149,言,149.7
U+8A93,誓,149,言,149.7
U+8A94,誔,149,言,149.7
U+8A95,誕,149,言,149.7
U+8A96,誖,149,言,149.7
U+8A97,誗,149,言,149.7
U+8A98,誘,149,言,149.7
U+8A99,誙,149,言,149.7
U+8A9A,誚,149,言,149.7
U+8A9B,誛,149,言,149.7
U+8A9C,誜,149,言,149.7
U+8A9D,誝,149,言,149.7
U+8A9E,語,149,言,149.7
U+8A9F,誟,149,言,149.7
U+8AA0,誠,149,言,149.6
U+8AA1,誡,149,言,149.7
U+8AA2,誢,149,言,149.7
U+8AA3,誣,149,言,149.7
U+8AA4,誤,149,言,149.7
U+8AA5,誥,149,言,149.7
U+8AA6,誦,149,言,149.7
U+8AA7,誧,149,言,149.7
U+8AA8,誨,149,言,149.7
U+8AA9,誩,149,言,149.7
U+8AAA,說,149,言,149.7
U+8AAB,誫,149,言,149.7
U+8AAC,説,149,言,149.7
U+8AAD,読,149,言,149.7
U+8AAE,誮,149,言,149.7
U+8AAF,誯,149,言,149.8
U+8AB0,誰,149,言,149.8
U+8AB1,誱,149,言,149.8
U+8AB2,課,149,言,149.8
U+8AB3,誳,149,言,149.8
U+8AB4,誴,149,言,149.8
U+8AB5,誵,149,言,149.8
U+8AB6,誶,149,言,149.8
U+8AB7,誷,149,言,149.8
U+8AB8,誸,149,言,149.8
U+8AB9,誹,149,言,149.8
U+8ABA,誺,149,言,149.8
U+8ABB,誻,149,言,149.8
U+8ABC,誼,149,言,149.8
U+8ABD,誽,149,言,149.8
U+8ABE,誾,149,言,149.8
U+8ABF,調,149,言,149.8
U+8AC0,諀,149,言,149.8
U+8AC1,諁,149,言,149.8
U+8AC2,諂,149,言,149.8
U+8AC3,諃,149,言,149.8
U+8AC4,諄,149,言,149.8
U+8AC5,諅,149,言,149.8
U+8AC6,諆,149,言,149.8
U+8AC7,談,149,言,149.8
U+8AC8,諈,149,言,149.8
U+8AC9,諉,149,言,149.8
U+8ACA,諊,149,言,149.8
U+8ACB,請,149,言,149.8
U+8ACC,諌,149,言,149.8
U+8ACD,諍,149,言,149.8
U+8ACE,諎,149,言,149.8
U+8ACF,諏,149,言,149.8
U+8AD0,諐,149,言,149.8
U+8AD1,諑,149,言,149.8
U+8AD2,諒,149,言,149.8
U+8AD3,諓,149,言,149.8
U+8AD4,諔,149,言,149.8
U+8AD5,諕,149,言,149.8
U+8AD6,論,149,言,149.8
U+8AD7,諗,149,言,149.8
U+8AD8,諘,149,言,149.8
U+8AD9,諙,149,言,149.8
U+8ADA,諚,149,言,149.8
U+8ADB,諛,149,言,149.9
U+8ADC,諜,149,言,149.9
U+8ADD,諝,149,言,149.9
U+8ADE,諞,149,言,149.9
U+8ADF,諟,149,言,149.9
U+8AE0,諠,149,言,149.9
U+8AE1,諡,149,言,149.9
U+8AE2,諢,149,言,149.9
U+8AE3,諣,149,言,149.9
U+8AE4,諤,149,言,149.9
U+8AE5,諥,149,言,149.9
U+8AE6,諦,149,言,149.9
U+8AE7,諧,149,言,149.9
U+8AE8,諨,149,言,149.9
U+8AE9,諩,149,言,149.8
U+8AEA,諪,149,言,149.9
U+8AEB,諫,149,言,149.9
U+8AEC,諬,149,言,149.9
U+8AED,諭,149,言,149.9
U+8AEE,諮,149,言,149.9
U+8AEF,諯,149,言,149.9
U+8AF0,諰,149,言,149.9
U+8AF1,諱,149,言,149.9
U+8AF2,諲,149,言,149.9
U+8AF3,諳,149,言,149.9
U+8AF4,諴,149,言,149.9
U+8AF5,諵,149,言,149.9
U+8AF6,諶,149,言,149.9
U+8AF7,諷,149,言,149.9
U+8AF8,諸,149,言,149.9
U+8AF9,諹,149,言,149.9
U+8AFA,諺,149,言,149.9
U+8AFB,諻,149,言,149.9
U+8AFC,諼,149,言,149.9
U+8AFD,諽,149,言,149.9
U+8AFE,諾,149,言,149.9
U+8AFF,諿,149,言,149.9
U+8B00,謀,149,言,149.9
U+8B01,謁,149,言,149.9
U+8B02,謂,149,言,149.9
U+8B03,謃,149,言,149.9
U+8B04,謄,149,言,149.10
U+8B05,謅,149,言,149.10
U+8B06,謆,149,言,149.10
U+8B07,謇,149,言,149.10
U+8B08,謈,149,言,149.10
U+8B09,謉,149,言,149.10
U+8B0A,謊,149,言,149.10
U+8B0B,謋,149,言,149.10
U+8B0C,謌,149,言,149.10
U+8B0D,謍,149,言,149.10
U+8B0E,謎,149,言,149.10
U+8B0F,謏,149,言,149.10
U+8B10,謐,149,言,149.10
U+8B11,謑,149,言,149.10
U+8B12,謒,149,言,149.10
U+8B13,謓,149,言,149.10
U+8B14,謔,149,言,149.10
U+8B15,謕,149,言,149.10
U+8B16,謖,149,言,149.10
U+8B17,謗,149,言,149.10
U+8B18,謘,149,言,149.10
U+8B19,謙,149,言,149.10
U+8B1A,謚,149,言,149.10
U+8B1B,講,149,言,149.10
U+8B1C,謜,149,言,149.10
U+8B1D,謝,149,言,149.10
U+8B1E,謞,149,言,149.10
U+8B1F,謟,149,言,149.10
U+8B20,謠,149,言,149.10
U+8B21,謡,149,言,149.10
U+8B22,謢,149,言,149.10
U+8B23,謣,149,言,149.11
U+8B24,謤,149,言,149.11
U+8B25,謥,149,言,149.11
U+8B26,謦,149,言,149.11
U+8B27,謧,149,言,149.11
U+8B28,謨,149,言,149.11
U+8B29,謩,149,言,149.11
U+8B2A,謪,149,言,149.11
U+8B2B,謫,149,言,149.11
U+8B2C,謬,149,言,149.11
U+8B2D,謭,149,言,149.11
U+8B2E,謮,149,言,149.11
U+8B2F,謯,149,言,149.11
U+8B30,謰,149,言,149.11
U+8B31,謱,149,言,149.11
U+8B32,謲,149,言,149.11
U+8B33,謳,149,言,149.11
U+8B34,謴,149,言,149.11
U+8B35,謵,149,言,149.11
U+8B36,謶,149,言,149.11
U+8B37,謷,149,言,149.11
U+8B38,謸,149,言,149.11
U+8B39,謹,149,言,149.11
U+8B3A,謺,149,言,149.11
U+8B3B,謻,149,言,149.11
U+8B3C,謼,149,言,149.11
U+8B3D,謽,149,言,149.11
U+8B3E,謾,149,言,149.11
U+8B3F,謿,149,言,149.12
U+8B40,譀,149,言,149.12
U+8B41,譁,149,言,149.12
U+8B42,譂,149,言,149.12
U+8B43,譃,149,言,149.12
U+8B44,譄,149,言,149.12
U+8B45,譅,149,言,149.12
U+8B46,譆,149,言,149.12
U+8B47,譇,149,言,149.12
U+8B48,譈,149,言,149.12
U+8B49,證,149,言,149.12
U+8B4A,譊,149,言,149.12
U+8B4B,譋,149,言,149.12
U+8B4C,譌,149,言,149.12
U+8B4D,譍,149,言,149.13
U+8B4E,譎,149,言,149.12
U+8B4F,譏,149,言,149.12
U+8B50,譐,149,言,149.12
U+8B51,譑,149,言,149.12
U+8B52,譒,149,言,149.12
U+8B53,譓,149,言,149.12
U+8B54,譔,149,言,149.12
U+8B55,譕,149,言,149.12
U+8B56,譖,149,言,149.12
U+8B57,譗,149,言,149.12
U+8B58,識,149,言,149.12
U+8B59,譙,149,言,149.12
U+8B5A,譚,149,言,149.12
U+8B5B,譛,149,言,149.12
U+8B5C,譜,149,言,149.12
U+8B5D,譝,149,言,149.13
U+8B5E,譞,149,言,149.13
U+8B5F,譟,149,言,149.13
U+8B60,譠,149,言,149.13
U+8B61,譡,149,言,149.13
U+8B62,譢,149,言,149.13
U+8B63,譣,149,言,149.13
U+8B64,譤,149,言,149.13
U+8B65,譥,149,言,149.13
U+8B66,警,149,言,149.13
U+8B67,譧,149,言,149.13
U+8B68,譨,149,言,149.13
U+8B69,譩,149,言,149.13
U+8B6A,譪,149,言,149.13
U+8B6B,譫,149,言,149.13
U+8B6C,譬,149,言,149.13
U+8B6D,譭,149,言,149.13
U+8B6E,譮,149,言,149.13
U+8B6F,譯,149,言,149.13
U+8B70,議,149,言,149.13
U+8B71,譱,149,言,149.13
U+8B72,譲,149,言,149.13
U+8B73,譳,149,言,149.14
U+8B74,譴,149,言,149.14
U+8B75,譵,149,言,149.14
U+8B76,譶,149,言,149.14
U+8B77,護,149,言,149.14
U+8B78,譸,149,言,149.14
U+8B79,譹,149,言,149.14
U+8B7A,譺,149,言,149.14
U+8B7B,譻,149,言,149.14
U+8B7C,譼,149,言,149.14
U+8B7D,譽,149,言,149.14
U+8B7E,譾,149,言,149.15
U+8B7F,譿,149,言,149.15
U+8B80,讀,149,言,149.15
U+8B81,讁,149,言,149.15
U+8B82,讂,149,言,149.15
U+8B83,讃,149,言,149.15
U+8B84,讄,149,言,149.15
U+8B85,讅,149,言,149.15
U+8B86,讆,149,言,149.16
U+8B87,讇,149,言,149.16
U+8B88,讈,149,言,149.16
U+8B89,讉,149,言,149.16
U+8B8A,變,149,言,149.16
U+8B8B,讋,149,言,149.16
U+8B8C,讌,149,言,149.16
U+8B8D,讍,149,言,149.16
U+8B8E,讎,149,言,149.16
U+8B8F,讏,149,言,149.16
U+8B90,讐,149,言,149.16
U+8B91,讑,149,言,149.17
U+8B92,讒,149,言,149.17
U+8B93,讓,149,言,149.17
U+8B94,讔,149,言,149.17
U+8B95,讕,149,言,149.17
U+8B96,讖,149,言,149.17
U+8B97,讗,149,言,149.18
U+8B98,讘,149,言,149.18
U+8B99,讙,149,言,149.18
U+8B9A,讚,149,言,149.19
U+8B9B,讛,149,言,149.19
U+8B9C,讜,149,言,149.20
U+8B9D,讝,149,言,149.20
U+8B9E,讞,149,言,149.20
U+8B9F,讟,149,言,149.22
U+8BA0,讠,149',讠,149'.0
U+8BA1,计,149',讠,149'.2
U+8BA2,订,149',讠,149'.2
U+8BA3,讣,149',讠,149'.2
U+8BA4,认,149',讠,149'.2
U+8BA5,讥,149',讠,149'.2
U+8BA6,讦,149',讠,149'.3
U+8BA7,讧,149',讠,149'.3
U+8BA8,讨,149',讠,149'.3
U+8BA9,让,149',讠,149'.3
U+8BAA,讪,149',讠,149'.3
U+8BAB,讫,149',讠,149'.3
U+8BAC,讬,149',讠,149'.3
U+8BAD,训,149',讠,149'.3
U+8BAE,议,149',讠,149'.3
U+8BAF,讯,149',讠,149'.3
U+8BB0,记,149',讠,149'.3
U+8BB1,讱,149',讠,149'.3
U+8BB2,讲,149',讠,149'.4
U+8BB3,讳,149',讠,149'.4
U+8BB4,讴,149',讠,149'.4
U+8BB5,讵,149',讠,149'.4
U+8BB6,讶,149',讠,149'.4
U+8BB7,讷,149',讠,149'.4
U+8BB8,许,149',讠,149'.4
U+8BB9,讹,149',讠,149'.4
U+8BBA,论,149',讠,149'.4
U+8BBB,讻,149',讠,149'.4
U+8BBC,讼,149',讠,149'.4
U+8BBD,讽,149',讠,149'.4
U+8BBE,设,149',讠,149'.4
U+8BBF,访,149',讠,149'.4
U+8BC0,诀,149',讠,149'.4
U+8BC1,证,149',讠,149'.5
U+8BC2,诂,149',讠,149'.5
U+8BC3,诃,149',讠,149'.5
U+8BC4,评,149',讠,149'.5
U+8BC5,诅,149',讠,149'.5
U+8BC6,识,149',讠,149'.5
U+8BC7,诇,149',讠,149'.5
U+8BC8,诈,149',讠,149'.5
U+8BC9,诉,149',讠,149'.5
U+8BCA,诊,149',讠,149'.5
U+8BCB,诋,149',讠,149'.5
U+8BCC,诌,149',讠,149'.5
U+8BCD,词,149',讠,149'.5
U+8BCE,诎,149',讠,149'.5
U+8BCF,诏,149',讠,149'.5
U+8BD0,诐,149',讠,149'.5
U+8BD1,译,149',讠,149'.5
U+8BD2,诒,149',讠,149'.5
U+8BD3,诓,149',讠,149'.6
U+8BD4,诔,149',讠,149'.6
U+8BD5,试,149',讠,149'.6
U+8BD6,诖,149',讠,149'.6
U+8BD7,诗,149',讠,149'.6
U+8BD8,诘,149',讠,149'.6
U+8BD9,诙,149',讠,149'.6
U+8BDA,诚,149',讠,149'.6
U+8BDB,诛,149',讠,149'.6
U+8BDC,诜,149',讠,149'.6
U+8BDD,话,149',讠,149'.6
U+8BDE,诞,149',讠,149'.6
U+8BDF,诟,149',讠,149'.6
U+8BE0,诠,149',讠,149'.6
U+8BE1,诡,149',讠,149'.6
U+8BE2,询,149',讠,149'.6
U+8BE3,诣,149',讠,149'.6
U+8BE4,诤,149',讠,149'.6
U+8BE5,该,149',讠,149'.6
U+8BE6,详,149',讠,149'.6
U+8BE7,诧,149',讠,149'.6
U+8BE8,诨,149',讠,149'.6
U+8BE9,诩,149',讠,149'.6
U+8BEA,诪,149',讠,149'.7
U+8BEB,诫,149',讠,149'.7
U+8BEC,诬,149',讠,149'.7
U+8BED,语,149',讠,149'.7
U+8BEE,诮,149',讠,149'.7
U+8BEF,误,149',讠,149'.7
U+8BF0,诰,149',讠,149'.7
U+8BF1,诱,149',讠,149'.7
U+8BF2,诲,149',讠,149'.7
U+8BF3,诳,149',讠,149'.7
U+8BF4,说,149',讠,149'.7
U+8BF5,诵,149',讠,149'.7
U+8BF6,诶,149',讠,149'.7
U+8BF7,请,149',讠,149'.8
U+8BF8,诸,149',讠,149'.8
U+8BF9,诹,149',讠,149'.8
U+8BFA,诺,149',讠,149'.8
U+8BFB,读,149',讠,149'.8
U+8BFC,诼,149',讠,149'.8
U+8BFD,诽,149',讠,149'.8
U+8BFE,课,149',讠,149'.8
U+8BFF,诿,149',讠,149'.8
U+8C00,谀,149',讠,149'.8
U+8C01,谁,149',讠,149'.8
U+8C02,谂,149',讠,149'.8
U+8C03,调,149',讠,149'.8
U+8C04,谄,149',讠,149'.8
U+8C05,谅,149',讠,149'.8
U+8C06,谆,149',讠,149'.8
U+8C07,谇,149',讠,149'.8
U+8C08,谈,149',讠,149'.8
U+8C09,谉,149',讠,149'.8
U+8C0A,谊,149',讠,149'.8
U+8C0B,谋,149',讠,149'.9
U+8C0C,谌,149',讠,149'.9
U+8C0D,谍,149',讠,149'.9
U+8C0E,谎,149',讠,149'.9
U+8C0F,谏,149',讠,149'.9
U+8C10,谐,149',讠,149'.9
U+8C11,谑,149',讠,149'.9
U+8C12,谒,149',讠,149'.9
U+8C13,谓,149',讠,149'.9
U+8C14,谔,149',讠,149'.9
U+8C15,谕,149',讠,149'.9
U+8C16,谖,149',讠,149'.9
U+8C17,谗,149',讠,149'.9
U+8C18,谘,149',讠,149'.9
U+8C19,谙,149',讠,149'.9
U+8C1A,谚,149',讠,149'.9
U+8C1B,谛,149',讠,149'.9
U+8C1C,谜,149',讠,149'.9
U+8C1D,谝,149',讠,149'.9
U+8C1E,谞,149',讠,149'.9
U+8C1F,谟,149',讠,149'.10
U+8C20,谠,149',讠,149'.10
U+8C21,谡,149',讠,149'.10
U+8C22,谢,149',讠,149'.10
U+8C23,谣,149',讠,149'.10
U+8C24,谤,149',讠,149'.10
U+8C25,谥,149',讠,149'.10
U+8C26,谦,149',讠,149'.10
U+8C27,谧,149',讠,149'.10
U+8C28,谨,149',讠,149'.11
U+8C29,谩,149',讠,149'.11
U+8C2A,谪,149',讠,149'.11
U+8C2B,谫,149',讠,149'.11
U+8C2C,谬,149',讠,149'.11
U+8C2D,谭,149',讠,149'.12
U+8C2E,谮,149',讠,149'.12
U+8C2F,谯,149',讠,149'.12
U+8C30,谰,149',讠,149'.12
U+8C31,谱,149',讠,149'.12
U+8C32,谲,149',讠,149'.12
U+8C33,谳,149',讠,149'.13
U+8C34,谴,149',讠,149'.13
U+8C35,谵,149',讠,149'.13
U+8C36,谶,149',讠,149'.17
U+8C37,谷,150,谷,150.0
U+8C38,谸,150,谷,150.3
U+8C39,谹,150,谷,150.4
U+8C3A,谺,150,谷,150.4
U+8C3B,谻,150,谷,150.4
U+8C3C,谼,150,谷,150.6
U+8C3D,谽,150,谷,150.7
U+8C3E,谾,150,谷,150.8
U+8C3F,谿,150,谷,150.10
U+8C40,豀,150,谷,150.10
U+8C41,豁,150,谷,150.10
U+8C42,豂,150,谷,150.11
U+8C43,豃,150,谷,150.12
U+8C44,豄,150,谷,150.15
U+8C45,豅,150,谷,150.16
U+8C46,豆,151,豆,151.0
U+8C47,豇,151,豆,151.3
U+8C48,豈,151,豆,151.3
U+8C49,豉,151,豆,151.4
U+8C4A,豊,151,豆,151.6
U+8C4B,豋,151,豆,151.6
U+8C4C,豌,151,豆,151.8
U+8C4D,豍,151,豆,151.8
U+8C4E,豎,151,豆,151.8
U+8C4F,豏,151,豆,151.10
U+8C50,豐,151,豆,151.11
U+8C51,豑,151,豆,151.13
U+8C52,豒,151,豆,151.18
U+8C53,豓,151,豆,151.20
U+8C54,豔,151,豆,151.21
U+8C55,豕,152,豕,152.0
U+8C56,豖,152,豕,152.1
U+8C57,豗,152,豕,152.3
U+8C58,豘,152,豕,152.4
U+8C59,豙,152,豕,152.4
U+8C5A,豚,152,豕,152.4
U+8C5B,豛,152,豕,152.4
U+8C5C,豜,152,豕,152.4
U+8C5D,豝,152,豕,152.4
U+8C5E,豞,152,豕,152.5
U+8C5F,豟,152,豕,152.5
U+8C60,豠,152,豕,152.5
U+8C61,象,152,豕,152.5
U+8C62,豢,152,豕,152.6
U+8C63,豣,152,豕,152.6
U+8C64,豤,152,豕,152.6
U+8C65,豥,152,豕,152.6
U+8C66,豦,152,豕,152.6
U+8C67,豧,152,豕,152.7
U+8C68,豨,152,豕,152.7
U+8C69,豩,152,豕,152.7
U+8C6A,豪,152,豕,152.7
U+8C6B,豫,152,豕,152.9
U+8C6C,豬,152,豕,152.9
U+8C6D,豭,152,豕,152.9
U+8C6E,豮,152,豕,152.9
U+8C6F,豯,152,豕,152.10
U+8C70,豰,152,豕,152.10
U+8C71,豱,152,豕,152.10
U+8C72,豲,152,豕,152.10
U+8C73,豳,152,豕,152.10
U+8C74,豴,152,豕,152.11
U+8C75,豵,152,豕,152.11
U+8C76,豶,152,豕,152.13
U+8C77,豷,152,豕,152.12
U+8C78,豸,153,豸,153.0
U+8C79,豹,153,豸,153.3
U+8C7A,豺,153,豸,153.3
U+8C7B,豻,153,豸,153.3
U+8C7C,豼,153,豸,153.4
U+8C7D,豽,153,豸,153.4
U+8C7E,豾,153,豸,153.5
U+8C7F,豿,153,豸,153.5
U+8C80,貀,153,豸,153.5
U+8C81,貁,153,豸,153.5
U+8C82,貂,153,豸,153.5
U+8C83,貃,153,豸,153.5
U+8C84,貄,153,豸,153.6
U+8C85,貅,153,豸,153.6
U+8C86,貆,153,豸,153.6
U+8C87,貇,153,豸,153.6
U+8C88,貈,153,豸,153.6
U+8C89,貉,153,豸,153.6
U+8C8A,貊,153,豸,153.6
U+8C8B,貋,153,豸,153.7
U+8C8C,貌,153,豸,153.7
U+8C8D,貍,153,豸,153.7
U+8C8E,貎,153,豸,153.8
U+8C8F,貏,153,豸,153.8
U+8C90,貐,153,豸,153.9
U+8C91,貑,153,豸,153.9
U+8C92,貒,153,豸,153.9
U+8C93,貓,153,豸,153.9
U+8C94,貔,153,豸,153.10
U+8C95,貕,153,豸,153.10
U+8C96,貖,153,豸,153.10
U+8C97,貗,153,豸,153.11
U+8C98,貘,153,豸,153.11
U+8C99,貙,153,豸,153.11
U+8C9A,貚,153,豸,153.12
U+8C9B,貛,153,豸,153.18
U+8C9C,貜,153,豸,153.20
U+8C9D,貝,154,貝,154.0
U+8C9E,貞,154,貝,154.2
U+8C9F,貟,154,貝,154.2
U+8CA0,負,154,貝,154.2
U+8CA1,財,154,貝,154.3
U+8CA2,貢,154,貝,154.3
U+8CA3,貣,154,貝,154.3
U+8CA4,貤,154,貝,154.3
U+8CA5,貥,154,貝,154.4
U+8CA6,貦,154,貝,154.4
U+8CA7,貧,154,貝,154.4
U+8CA8,貨,154,貝,154.4
U+8CA9,販,154,貝,154.4
U+8CAA,貪,154,貝,154.4
U+8CAB,貫,154,貝,154.4
U+8CAC,責,154,貝,154.4
U+8CAD,貭,154,貝,154.4
U+8CAE,貮,154,貝,154.4
U+8CAF,貯,154,貝,154.5
U+8CB0,貰,154,貝,154.5
U+8CB1,貱,154,貝,154.5
U+8CB2,貲,154,貝,154.5
U+8CB3,貳,154,貝,154.5
U+8CB4,貴,154,貝,154.5
U+8CB5,貵,154,貝,154.5
U+8CB6,貶,154,貝,154.5
U+8CB7,買,154,貝,154.5
U+8CB8,貸,154,貝,154.5
U+8CB9,貹,154,貝,154.5
U+8CBA,貺,154,貝,154.5
U+8CBB,費,154,貝,154.5
U+8CBC,貼,154,貝,154.5
U+8CBD,貽,154,貝,154.5
U+8CBE,貾,154,貝,154.5
U+8CBF,貿,154,貝,154.5
U+8CC0,賀,154,貝,154.5
U+8CC1,賁,154,貝,154.5
U+8CC2,賂,154,貝,154.6
U+8CC3,賃,154,貝,154.6
U+8CC4,賄,154,貝,154.6
U+8CC5,賅,154,貝,154.6
U+8CC6,賆,154,貝,154.6
U+8CC7,資,154,貝,154.6
U+8CC8,賈,154,貝,154.6
U+8CC9,賉,154,貝,154.6
U+8CCA,賊,154,貝,154.6
U+8CCB,賋,154,貝,154.6
U+8CCC,賌,154,貝,154.6
U+8CCD,賍,154,貝,154.6
U+8CCE,賎,154,貝,154.6
U+8CCF,賏,154,貝,154.7
U+8CD0,賐,154,貝,154.7
U+8CD1,賑,154,貝,154.7
U+8CD2,賒,154,貝,154.7
U+8CD3,賓,154,貝,154.7
U+8CD4,賔,154,貝,154.7
U+8CD5,賕,154,貝,154.7
U+8CD6,賖,154,貝,154.7
U+8CD7,賗,154,貝,154.7
U+8CD8,賘,154,貝,154.7
U+8CD9,賙,154,貝,154.8
U+8CDA,賚,154,貝,154.8
U+8CDB,賛,154,貝,154.8
U+8CDC,賜,154,貝,154.8
U+8CDD,賝,154,貝,154.8
U+8CDE,賞,154,貝,154.8
U+8CDF,賟,154,貝,154.8
U+8CE0,賠,154,貝,154.8
U+8CE1,賡,154,貝,154.8
U+8CE2,賢,154,貝,154.8
U+8CE3,賣,154,貝,154.8
U+8CE4,賤,154,貝,154.8
U+8CE5,賥,154,貝,154.8
U+8CE6,賦,154,貝,154.8
U+8CE7,賧,154,貝,154.8
U+8CE8,賨,154,貝,154.8
U+8CE9,賩,154,貝,154.8
U+8CEA,質,154,貝,154.8
U+8CEB,賫,154,貝,154.8
U+8CEC,賬,154,貝,154.8
U+8CED,賭,154,貝,154.9
U+8CEE,賮,154,貝,154.9
U+8CEF,賯,154,貝,154.9
U+8CF0,賰,154,貝,154.9
U+8CF1,賱,154,貝,154.9
U+8CF2,賲,154,貝,154.9
U+8CF3,賳,154,貝,154.9
U+8CF4,賴,154,貝,154.9
U+8CF5,賵,154,貝,154.9
U+8CF6,賶,154,貝,154.10
U+8CF7,賷,154,貝,154.10
U+8CF8,賸,154,貝,154.10
U+8CF9,賹,154,貝,154.10
U+8CFA,賺,154,貝,154.10
U+8CFB,賻,154,貝,154.10
U+8CFC,購,154,貝,154.10
U+8CFD,賽,154,貝,154.10
U+8CFE,賾,154,貝,154.11
U+8CFF,賿,154,貝,154.11
U+8D00,贀,154,貝,154.11
U+8D01,贁,66,攴,66.14 154.11
U+8D02,贂,154,貝,154.11
U+8D03,贃,154,貝,154.11
U+8D04,贄,154,貝,154.11
U+8D05,贅,154,貝,154.11
U+8D06,贆,154,貝,154.12
U+8D07,贇,154,貝,154.12
U+8D08,贈,154,貝,154.12
U+8D09,贉,154,貝,154.12
U+8D0A,贊,154,貝,154.12
U+8D0B,贋,154,貝,154.12
U+8D0C,贌,154,貝,154.12
U+8D0D,贍,154,貝,154.13
U+8D0E,贎,154,貝,154.13
U+8D0F,贏,154,貝,154.13
U+8D10,贐,154,貝,154.14
U+8D11,贑,154,貝,154.14
U+8D12,贒,154,貝,154.14
U+8D13,贓,154,貝,154.14
U+8D14,贔,154,貝,154.14
U+8D15,贕,154,貝,154.15
U+8D16,贖,154,貝,154.15
U+8D17,贗,154,貝,154.15
U+8D18,贘,154,貝,154.15
U+8D19,贙,154,貝,154.16
U+8D1A,贚,154,貝,154.16
U+8D1B,贛,154,貝,154.17
U+8D1C,贜,154,貝,154.18
U+8D1D,贝,154',贝,154'.0
U+8D1E,贞,154',贝,154'.2
U+8D1F,负,154',贝,154'.2
U+8D20,贠,154',贝,154'.2
U+8D21,贡,154',贝,154'.3
U+8D22,财,154',贝,154'.3
U+8D23,责,154',贝,154'.4
U+8D24,贤,154',贝,154'.4
U+8D25,败,154',贝,154'.4
U+8D26,账,154',贝,154'.4
U+8D27,货,154',贝,154'.4
U+8D28,质,154',贝,154'.4
U+8D29,贩,154',贝,154'.4
U+8D2A,贪,154',贝,154'.4
U+8D2B,贫,154',贝,154'.4
U+8D2C,贬,154',贝,154'.4
U+8D2D,购,154',贝,154'.4
U+8D2E,贮,154',贝,154'.4
U+8D2F,贯,154',贝,154'.4
U+8D30,贰,154',贝,154'.5
U+8D31,贱,154',贝,154'.5
U+8D32,贲,154',贝,154'.5
U+8D33,贳,154',贝,154'.5
U+8D34,贴,154',贝,154'.5
U+8D35,贵,154',贝,154'.5
U+8D36,贶,154',贝,154'.5
U+8D37,贷,154',贝,154'.5
U+8D38,贸,154',贝,154'.5
U+8D39,费,154',贝,154'.5
U+8D3A,贺,154',贝,154'.5
U+8D3B,贻,154',贝,154'.5
U+8D3C,贼,154',贝,154'.6
U+8D3D,贽,154',贝,154'.6
U+8D3E,贾,154',贝,154'.6
U+8D3F,贿,154',贝,154'.6
U+8D40,赀,154',贝,154'.6
U+8D41,赁,154',贝,154'.6
U+8D42,赂,154',贝,154'.6
U+8D43,赃,154',贝,154'.6
U+8D44,资,154',贝,154'.6
U+8D45,赅,154',贝,154'.6
U+8D46,赆,154',贝,154'.6
U+8D47,赇,154',贝,154'.7
U+8D48,赈,154',贝,154'.7
U+8D49,赉,154',贝,154'.7
U+8D4A,赊,154',贝,154'.7
U+8D4B,赋,154',贝,154'.8
U+8D4C,赌,154',贝,154'.8
U+8D4D,赍,154',贝,154'.8
U+8D4E,赎,154',贝,154'.8
U+8D4F,赏,154',贝,154'.8
U+8D50,赐,154',贝,154'.8
U+8D51,赑,154',贝,154'.8
U+8D52,赒,154',贝,154'.8
U+8D53,赓,154',贝,154'.8
U+8D54,赔,154',贝,154'.8
U+8D55,赕,154',贝,154'.8
U+8D56,赖,154',贝,154'.9
U+8D57,赗,154',贝,154'.9
U+8D58,赘,154',贝,154'.10
U+8D59,赙,154',贝,154'.10
U+8D5A,赚,154',贝,154'.10
U+8D5B,赛,154',贝,154'.10
U+8D5C,赜,154',贝,154'.11
U+8D5D,赝,154',贝,154'.12
U+8D5E,赞,154',贝,154'.12
U+8D5F,赟,154',贝,154'.12
U+8D60,赠,154',贝,154'.12
U+8D61,赡,154',贝,154'.13
U+8D62,赢,154',贝,154'.13
U+8D63,赣,154',贝,154'.17
U+8D64,赤,155,赤,155.0
U+8D65,赥,155,赤,155.4
U+8D66,赦,155,赤,155.4
U+8D67,赧,155,赤,155.5
U+8D68,赨,155,赤,155.6
U+8D69,赩,155,赤,155.6
U+8D6A,赪,155,赤,155.6
U+8D6B,赫,155,赤,155.7
U+8D6C,赬,155,赤,155.9
U+8D6D,赭,155,赤,155.9
U+8D6E,赮,155,赤,155.9
U+8D6F,赯,155,赤,155.10
U+8D70,走,156,走,156.0
U+8D71,赱,156,走,156.0
U+8D72,赲,156,走,156.2
U+8D73,赳,156,走,156.2
U+8D74,赴,156,走,156.2
U+8D75,赵,156,走,156.2
U+8D76,赶,156,走,156.3
U+8D77,起,156,走,156.3
U+8D78,赸,156,走,156.3
U+8D79,赹,156,走,156.4
U+8D7A,赺,156,走,156.4
U+8D7B,赻,156,走,156.4
U+8D7C,赼,156,走,156.4
U+8D7D,赽,156,走,156.4
U+8D7E,赾,156,走,156.4
U+8D7F,赿,156,走,156.4
U+8D80,趀,156,走,156.5
U+8D81,趁,156,走,156.5
U+8D82,趂,156,走,156.5
U+8D83,趃,156,走,156.5
U+8D84,趄,156,走,156.5
U+8D85,超,156,走,156.5
U+8D86,趆,156,走,156.5
U+8D87,趇,156,走,156.5
U+8D88,趈,156,走,156.5
U+8D89,趉,156,走,156.5
U+8D8A,越,156,走,156.5
U+8D8B,趋,156,走,156.5
U+8D8C,趌,156,走,156.6
U+8D8D,趍,156,走,156.6
U+8D8E,趎,156,走,156.6
U+8D8F,趏,156,走,156.6
U+8D90,趐,156,走,156.6
U+8D91,趑,156,走,156.6
U+8D92,趒,156,走,156.6
U+8D93,趓,156,走,156.6
U+8D94,趔,156,走,156.6
U+8D95,趕,156,走,156.7
U+8D96,趖,156,走,156.7
U+8D97,趗,156,走,156.7
U+8D98,趘,156,走,156.7
U+8D99,趙,156,走,156.7
U+8D9A,趚,156,走,156.7
U+8D9B,趛,156,走,156.8
U+8D9C,趜,156,走,156.8
U+8D9D,趝,156,走,156.8
U+8D9E,趞,156,走,156.8
U+8D9F,趟,156,走,156.8
U+8DA0,趠,156,走,156.8
U+8DA1,趡,156,走,156.8
U+8DA2,趢,156,走,156.8
U+8DA3,趣,156,走,156.8
U+8DA4,趤,156,走,156.8
U+8DA5,趥,156,走,156.9
U+8DA6,趦,156,走,156.9
U+8DA7,趧,156,走,156.9
U+8DA8,趨,156,走,156.10
U+8DA9,趩,156,走,156.12
U+8DAA,趪,156,走,156.12
U+8DAB,趫,156,走,156.12
U+8DAC,趬,156,走,156.12
U+8DAD,趭,156,走,156.12
U+8DAE,趮,156,走,156.13
U+8DAF,趯,156,走,156.14
U+8DB0,趰,156,走,156.14
U+8DB1,趱,156,走,156.16
U+8DB2,趲,156,走,156.19
U+8DB3,足,157,足,157.0
U+8DB4,趴,157,足,157.2
U+8DB5,趵,157,足,157.3
U+8DB6,趶,157,足,157.3
U+8DB7,趷,157,足,157.3
U+8DB8,趸,157,足,157.3
U+8DB9,趹,157,足,157.4
U+8DBA,趺,157,足,157.4
U+8DBB,趻,157,足,157.4
U+8DBC,趼,157,足,157.6
U+8DBD,趽,157,足,157.4
U+8DBE,趾,157,足,157.4
U+8DBF,趿,157,足,157.4
U+8DC0,跀,157,足,157.4
U+8DC1,跁,157,足,157.4
U+8DC2,跂,157,足,157.4
U+8DC3,跃,157,足,157.4
U+8DC4,跄,157,足,157.4
U+8DC5,跅,157,足,157.5
U+8DC6,跆,157,足,157.5
U+8DC7,跇,157,足,157.5
U+8DC8,跈,157,足,157.5
U+8DC9,跉,157,足,157.5
U+8DCA,跊,157,足,157.5
U+8DCB,跋,157,足,157.5
U+8DCC,跌,157,足,157.5
U+8DCD,跍,157,足,157.5
U+8DCE,跎,157,足,157.5
U+8DCF,跏,157,足,157.5
U+8DD0,跐,157,足,157.5
U+8DD1,跑,157,足,157.5
U+8DD2,跒,157,足,157.5
U+8DD3,跓,157,足,157.5
U+8DD4,跔,157,足,157.5
U+8DD5,跕,157,足,157.5
U+8DD6,跖,157,足,157.5
U+8DD7,跗,157,足,157.5
U+8DD8,跘,157,足,157.5
U+8DD9,跙,157,足,157.5
U+8DDA,跚,157,足,157.5
U+8DDB,跛,157,足,157.5
U+8DDC,跜,157,足,157.5
U+8DDD,距,157,足,157.5
U+8DDE,跞,157,足,157.5
U+8DDF,跟,157,足,157.6
U+8DE0,跠,157,足,157.6
U+8DE1,跡,157,足,157.6
U+8DE2,跢,157,足,157.6
U+8DE3,跣,157,足,157.6
U+8DE4,跤,157,足,157.6
U+8DE5,跥,157,足,157.6
U+8DE6,跦,157,足,157.6
U+8DE7,跧,157,足,157.6
U+8DE8,跨,157,足,157.6
U+8DE9,跩,157,足,157.6
U+8DEA,跪,157,足,157.6
U+8DEB,跫,157,足,157.6
U+8DEC,跬,157,足,157.6
U+8DED,跭,157,足,157.6
U+8DEE,跮,157,足,157.6
U+8DEF,路,157,足,157.6
U+8DF0,跰,157,足,157.6
U+8DF1,跱,157,足,157.6
U+8DF2,跲,157,足,157.6
U+8DF3,跳,157,足,157.6
U+8DF4,跴,157,足,157.6
U+8DF5,践,157,足,157.5
U+8DF6,跶,157,足,157.6
U+8DF7,跷,157,足,157.6
U+8DF8,跸,157,足,157.6
U+8DF9,跹,157,足,157.6
U+8DFA,跺,157,足,157.6
U+8DFB,跻,157,足,157.6
U+8DFC,跼,157,足,157.7
U+8DFD,跽,157,足,157.7
U+8DFE,跾,157,足,157.7
U+8DFF,跿,157,足,157.7
U+8E00,踀,157,足,157.7
U+8E01,踁,157,足,157.7
U+8E02,踂,157,足,157.7
U+8E03,踃,157,足,157.7
U+8E04,踄,157,足,157.7
U+8E05,踅,157,足,157.7
U+8E06,踆,157,足,157.7
U+8E07,踇,157,足,157.7
U+8E08,踈,157,足,157.7
U+8E09,踉,157,足,157.7
U+8E0A,踊,157,足,157.7
U+8E0B,踋,157,足,157.7
U+8E0C,踌,157,足,157.7
U+8E0D,踍,157,足,157.7
U+8E0E,踎,157,足,157.7
U+8E0F,踏,157,足,157.8
U+8E10,踐,157,足,157.8
U+8E11,踑,157,足,157.8
U+8E12,踒,157,足,157.8
U+8E13,踓,157,足,157.8
U+8E14,踔,157,足,157.8
U+8E15,踕,157,足,157.8
U+8E16,踖,157,足,157.8
U+8E17,踗,157,足,157.8
U+8E18,踘,157,足,157.8
U+8E19,踙,157,足,157.8
U+8E1A,踚,157,足,157.8
U+8E1B,踛,157,足,157.8
U+8E1C,踜,157,足,157.8
U+8E1D,踝,157,足,157.8
U+8E1E,踞,157,足,157.8
U+8E1F,踟,157,足,157.8
U+8E20,踠,157,足,157.8
U+8E21,踡,157,足,157.8
U+8E22,踢,157,足,157.8
U+8E23,踣,157,足,157.8
U+8E24,踤,157,足,157.8
U+8E25,踥,157,足,157.8
U+8E26,踦,157,足,157.8
U+8E27,踧,157,足,157.8
U+8E28,踨,157,足,157.8
U+8E29,踩,157,足,157.8
U+8E2A,踪,157,足,157.8
U+8E2B,踫,157,足,157.9
U+8E2C,踬,157,足,157.8
U+8E2D,踭,157,足,157.8
U+8E2E,踮,157,足,157.8
U+8E2F,踯,157,足,157.8
U+8E30,踰,157,足,157.9
U+8E31,踱,157,足,157.9
U+8E32,踲,157,足,157.9
U+8E33,踳,157,足,157.9
U+8E34,踴,157,足,157.9
U+8E35,踵,157,足,157.9
U+8E36,踶,157,足,157.9
U+8E37,踷,157,足,157.9
U+8E38,踸,157,足,157.9
U+8E39,踹,157,足,157.9
U+8E3A,踺,157,足,157.8
U+8E3B,踻,157,足,157.9
U+8E3C,踼,157,足,157.9
U+8E3D,踽,157,足,157.9
U+8E3E,踾,157,足,157.9
U+8E3F,踿,157,足,157.9
U+8E40,蹀,157,足,157.9
U+8E41,蹁,157,足,157.9
U+8E42,蹂,157,足,157.9
U+8E43,蹃,157,足,157.9
U+8E44,蹄,157,足,157.9
U+8E45,蹅,157,足,157.9
U+8E46,蹆,157,足,157.10
U+8E47,蹇,157,足,157.10
U+8E48,蹈,157,足,157.10
U+8E49,蹉,157,足,157.10
U+8E4A,蹊,157,足,157.10
U+8E4B,蹋,157,足,157.10
U+8E4C,蹌,157,足,157.10
U+8E4D,蹍,157,足,157.10
U+8E4E,蹎,157,足,157.10
U+8E4F,蹏,157,足,157.10
U+8E50,蹐,157,足,157.10
U+8E51,蹑,157,足,157.10
U+8E52,蹒,157,足,157.10
U+8E53,蹓,157,足,157.10
U+8E54,蹔,157,足,157.11
U+8E55,蹕,157,足,157.11
U+8E56,蹖,157,足,157.11
U+8E57,蹗,157,足,157.11
U+8E58,蹘,157,足,157.11
U+8E59,蹙,157,足,157.11
U+8E5A,蹚,157,足,157.11
U+8E5B,蹛,157,足,157.11
U+8E5C,蹜,157,足,157.11
U+8E5D,蹝,157,足,157.11
U+8E5E,蹞,157,足,157.11
U+8E5F,蹟,157,足,157.11
U+8E60,蹠,157,足,157.11
U+8E61,蹡,157,足,157.11
U+8E62,蹢,157,足,157.11
U+8E63,蹣,157,足,157.11
U+8E64,蹤,157,足,157.11
U+8E65,蹥,157,足,157.11
U+8E66,蹦,157,足,157.11
U+8E67,蹧,157,足,157.11
U+8E68,蹨,157,足,157.12
U+8E69,蹩,157,足,157.12
U+8E6A,蹪,157,足,157.12
U+8E6B,蹫,157,足,157.12
U+8E6C,蹬,157,足,157.12
U+8E6D,蹭,157,足,157.12
U+8E6E,蹮,157,足,157.11
U+8E6F,蹯,157,足,157.12
U+8E70,蹰,157,足,157.12
U+8E71,蹱,157,足,157.12
U+8E72,蹲,157,足,157.12
U+8E73,蹳,157,足,157.12
U+8E74,蹴,157,足,157.12
U+8E75,蹵,157,足,157.12
U+8E76,蹶,157,足,157.12
U+8E77,蹷,157,足,157.12
U+8E78,蹸,157,足,157.12
U+8E79,蹹,157,足,157.12
U+8E7A,蹺,157,足,157.12
U+8E7B,蹻,157,足,157.12
U+8E7C,蹼,157,足,157.12
U+8E7D,蹽,157,足,157.12
U+8E7E,蹾,157,足,157.12
U+8E7F,蹿,157,足,157.12
U+8E80,躀,157,足,157.11
U+8E81,躁,157,足,157.13
U+8E82,躂,157,足,157.13
U+8E83,躃,157,足,157.13
U+8E84,躄,157,足,157.13
U+8E85,躅,157,足,157.13
U+8E86,躆,157,足,157.13
U+8E87,躇,157,足,157.13
U+8E88,躈,157,足,157.13
U+8E89,躉,157,足,157.13
U+8E8A,躊,157,足,157.14
U+8E8B,躋,157,足,157.14
U+8E8C,躌,157,足,157.14
U+8E8D,躍,157,足,157.14
U+8E8E,躎,157,足,157.14
U+8E8F,躏,157,足,157.14
U+8E90,躐,157,足,157.15
U+8E91,躑,157,足,157.15
U+8E92,躒,157,足,157.15
U+8E93,躓,157,足,157.15
U+8E94,躔,157,足,157.15
U+8E95,躕,157,足,157.15
U+8E96,躖,157,足,157.15
U+8E97,躗,157,足,157.16
U+8E98,躘,157,足,157.16
U+8E99,躙,157,足,157.16
U+8E9A,躚,157,足,157.16
U+8E9B,躛,157,足,157.16
U+8E9C,躜,157,足,157.16
U+8E9D,躝,157,足,157.17
U+8E9E,躞,157,足,157.17
U+8E9F,躟,157,足,157.17
U+8EA0,躠,157,足,157.17
U+8EA1,躡,157,足,157.18
U+8EA2,躢,157,足,157.18
U+8EA3,躣,157,足,157.18
U+8EA4,躤,157,足,157.18
U+8EA5,躥,157,足,157.18
U+8EA6,躦,157,足,157.19
U+8EA7,躧,157,足,157.19
U+8EA8,躨,157,足,157.21
U+8EA9,躩,157,足,157.20
U+8EAA,躪,157,足,157.20
U+8EAB,身,158,身,158.0
U+8EAC,躬,158,身,158.3
U+8EAD,躭,158,身,158.4
U+8EAE,躮,158,身,158.4
U+8EAF,躯,158,身,158.4
U+8EB0,躰,158,身,158.5
U+8EB1,躱,158,身,158.6
U+8EB2,躲,158,身,158.6
U+8EB3,躳,158,身,158.7
U+8EB4,躴,158,身,158.7
U+8EB5,躵,158,身,158.7
U+8EB6,躶,158,身,158.8
U+8EB7,躷,158,身,158.8
U+8EB8,躸,158,身,158.8
U+8EB9,躹,158,身,158.8
U+8EBA,躺,158,身,158.8
U+8EBB,躻,158,身,158.8
U+8EBC,躼,158,身,158.8
U+8EBD,躽,158,身,158.9
U+8EBE,躾,158,身,158.9
U+8EBF,躿,158,身,158.10
U+8EC0,軀,158,身,158.11
U+8EC1,軁,158,身,158.11
U+8EC2,軂,158,身,158.12
U+8EC3,軃,158,身,158.12
U+8EC4,軄,158,身,158.12
U+8EC5,軅,158,身,158.12
U+8EC6,軆,158,身,158.13
U+8EC7,軇,158,身,158.14
U+8EC8,軈,158,身,158.17
U+8EC9,軉,158,身,158.20
U+8ECA,車,159,車,159.0
U+8ECB,軋,159,車,159.1
U+8ECC,軌,159,車,159.2
U+8ECD,軍,159,車,159.2
U+8ECE,軎,159,車,159.3
U+8ECF,軏,159,車,159.3
U+8ED0,軐,159,車,159.3
U+8ED1,軑,159,車,159.3
U+8ED2,軒,159,車,159.3
U+8ED3,軓,159,車,159.3
U+8ED4,軔,159,車,159.3
U+8ED5,軕,159,車,159.3
U+8ED6,軖,159,車,159.4
U+8ED7,軗,159,車,159.4
U+8ED8,軘,159,車,159.4
U+8ED9,軙,159,車,159.4
U+8EDA,軚,159,車,159.4
U+8EDB,軛,159,車,159.4
U+8EDC,軜,159,車,159.4
U+8EDD,軝,159,車,159.4
U+8EDE,軞,159,車,159.4
U+8EDF,軟,159,車,159.4
U+8EE0,軠,159,車,159.4
U+8EE1,軡,159,車,159.4
U+8EE2,転,159,車,159.4
U+8EE3,軣,159,車,159.4
U+8EE4,軤,159,車,159.5
U+8EE5,軥,159,車,159.5
U+8EE6,軦,159,車,159.5
U+8EE7,軧,159,車,159.5
U+8EE8,軨,159,車,159.5
U+8EE9,軩,159,車,159.5
U+8EEA,軪,159,車,159.5
U+8EEB,軫,159,車,159.5
U+8EEC,軬,159,車,159.5
U+8EED,軭,159,車,159.6
U+8EEE,軮,159,車,159.5
U+8EEF,軯,159,車,159.5
U+8EF0,軰,159,車,159.5
U+8EF1,軱,159,車,159.5
U+8EF2,軲,159,車,159.5
U+8EF3,軳,159,車,159.5
U+8EF4,軴,159,車,159.5
U+8EF5,軵,159,車,159.5
U+8EF6,軶,159,車,159.5
U+8EF7,軷,159,車,159.5
U+8EF8,軸,159,車,159.5
U+8EF9,軹,159,車,159.5
U+8EFA,軺,159,車,159.5
U+8EFB,軻,159,車,159.5
U+8EFC,軼,159,車,159.5
U+8EFD,軽,159,車,159.5
U+8EFE,軾,159,車,159.6
U+8EFF,軿,159,車,159.6
U+8F00,輀,159,車,159.6
U+8F01,輁,159,車,159.6
U+8F02,輂,159,車,159.6
U+8F03,較,159,車,159.6
U+8F04,輄,159,車,159.6
U+8F05,輅,159,車,159.6
U+8F06,輆,159,車,159.6
U+8F07,輇,159,車,159.6
U+8F08,輈,159,車,159.6
U+8F09,載,159,車,159.6
U+8F0A,輊,159,車,159.6
U+8F0B,輋,159,車,159.6
U+8F0C,輌,159,車,159.6
U+8F0D,輍,159,車,159.7
U+8F0E,輎,159,車,159.7
U+8F0F,輏,159,車,159.7
U+8F10,輐,159,車,159.7
U+8F11,輑,159,車,159.7
U+8F12,輒,159,車,159.7
U+8F13,輓,159,車,159.7
U+8F14,輔,159,車,159.7
U+8F15,輕,159,車,159.7
U+8F16,輖,159,車,159.8
U+8F17,輗,159,車,159.8
U+8F18,輘,159,車,159.8
U+8F19,輙,159,車,159.8
U+8F1A,輚,159,車,159.8
U+8F1B,輛,159,車,159.8
U+8F1C,輜,159,車,159.8
U+8F1D,輝,159,車,159.8
U+8F1E,輞,159,車,159.8
U+8F1F,輟,159,車,159.8
U+8F20,輠,159,車,159.8
U+8F21,輡,159,車,159.8
U+8F22,輢,159,車,159.8
U+8F23,輣,159,車,159.8
U+8F24,輤,159,車,159.8
U+8F25,輥,159,車,159.8
U+8F26,輦,159,車,159.8
U+8F27,輧,159,車,159.8
U+8F28,輨,159,車,159.8
U+8F29,輩,159,車,159.8
U+8F2A,輪,159,車,159.8
U+8F2B,輫,159,車,159.8
U+8F2C,輬,159,車,159.8
U+8F2D,輭,159,車,159.9
U+8F2E,輮,159,車,159.9
U+8F2F,輯,159,車,159.9
U+8F30,輰,159,車,159.9
U+8F31,輱,159,車,159.9
U+8F32,輲,159,車,159.9
U+8F33,輳,159,車,159.9
U+8F34,輴,159,車,159.9
U+8F35,輵,159,車,159.9
U+8F36,輶,159,車,159.9
U+8F37,輷,159,車,159.9
U+8F38,輸,159,車,159.9
U+8F39,輹,159,車,159.9
U+8F3A,輺,159,車,159.9
U+8F3B,輻,159,車,159.9
U+8F3C,輼,159,車,159.9
U+8F3D,輽,159,車,159.10
U+8F3E,輾,159,車,159.10
U+8F3F,輿,159,車,159.10
U+8F40,轀,159,車,159.10
U+8F41,轁,159,車,159.10
U+8F42,轂,159,車,159.10
U+8F43,轃,159,車,159.10
U+8F44,轄,159,車,159.10
U+8F45,轅,159,車,159.10
U+8F46,轆,159,車,159.11
U+8F47,轇,159,車,159.11
U+8F48,轈,159,車,159.11
U+8F49,轉,159,車,159.11
U+8F4A,轊,159,車,159.11
U+8F4B,轋,159,車,159.11
U+8F4C,轌,159,車,159.11
U+8F4D,轍,159,車,159.12
U+8F4E,轎,159,車,159.12
U+8F4F,轏,159,車,159.12
U+8F50,轐,159,車,159.12
U+8F51,轑,159,車,159.12
U+8F52,轒,159,車,159.12
U+8F53,轓,159,車,159.12
U+8F54,轔,159,車,159.12
U+8F55,轕,159,車,159.13
U+8F56,轖,159,車,159.13
U+8F57,轗,159,車,159.13
U+8F58,轘,159,車,159.13
U+8F59,轙,159,車,159.13
U+8F5A,轚,159,車,159.13
U+8F5B,轛,159,車,159.14
U+8F5C,轜,159,車,159.14
U+8F5D,轝,159,車,159.14
U+8F5E,轞,159,車,159.14
U+8F5F,轟,159,車,159.14
U+8F60,轠,159,車,159.15
U+8F61,轡,159,車,159.15
U+8F62,轢,159,車,159.15
U+8F63,轣,159,車,159.16
U+8F64,轤,159,車,159.16
U+8F65,轥,159,車,159.20
U+8F66,车,159',车,159'.0
U+8F67,轧,159',车,159'.1
U+8F68,轨,159',车,159'.2
U+8F69,轩,159',车,159'.3
U+8F6A,轪,159',车,159'.3
U+8F6B,轫,159',车,159'.3
U+8F6C,转,159',车,159'.4
U+8F6D,轭,159',车,159'.4
U+8F6E,轮,159',车,159'.4
U+8F6F,软,159',车,159'.4
U+8F70,轰,159',车,159'.4
U+8F71,轱,159',车,159'.5
U+8F72,轲,159',车,159'.5
U+8F73,轳,159',车,159'.5
U+8F74,轴,159',车,159'.5
U+8F75,轵,159',车,159'.5
U+8F76,轶,159',车,159'.5
U+8F77,轷,159',车,159'.5
U+8F78,轸,159',车,159'.5
U+8F79,轹,159',车,159'.5
U+8F7A,轺,159',车,159'.5
U+8F7B,轻,159',车,159'.5
U+8F7C,轼,159',车,159'.6
U+8F7D,载,159',车,159'.6
U+8F7E,轾,159',车,159'.6
U+8F7F,轿,159',车,159'.6
U+8F80,辀,159',车,159'.6
U+8F81,辁,159',车,159'.6
U+8F82,辂,159',车,159'.6
U+8F83,较,159',车,159'.6
U+8F84,辄,159',车,159'.7
U+8F85,辅,159',车,159'.7
U+8F86,辆,159',车,159'.7
U+8F87,辇,159',车,159'.8
U+8F88,辈,159',车,159'.8
U+8F89,辉,159',车,159'.8
U+8F8A,辊,159',车,159'.8
U+8F8B,辋,159',车,159'.8
U+8F8C,辌,159',车,159'.8
U+8F8D,辍,159',车,159'.8
U+8F8E,辎,159',车,159'.8
U+8F8F,辏,159',车,159'.9
U+8F90,辐,159',车,159'.9
U+8F91,辑,159',车,159'.9
U+8F92,辒,159',车,159'.9
U+8F93,输,159',车,159'.9
U+8F94,辔,159',车,159'.9
U+8F95,辕,159',车,159'.10
U+8F96,辖,159',车,159'.10
U+8F97,辗,159',车,159'.10
U+8F98,辘,159',车,159'.11
U+8F99,辙,159',车,159'.12
U+8F9A,辚,159',车,159'.12
U+8F9B,辛,160,辛,160.0
U+8F9C,辜,160,辛,160.5
U+8F9D,辝,160,辛,160.5
U+8F9E,辞,160,辛,160.6 135.7
U+8F9F,辟,160,辛,160.6
U+8FA0,辠,160,辛,160.6
U+8FA1,辡,160,辛,160.7
U+8FA2,辢,160,辛,160.7
U+8FA3,辣,160,辛,160.7
U+8FA4,辤,160,辛,160.8
U+8FA5,辥,160,辛,160.9
U+8FA6,辦,160,辛,160.9
U+8FA7,辧,160,辛,160.9
U+8FA8,辨,160,辛,160.9
U+8FA9,辩,160,辛,160.9
U+8FAA,辪,160,辛,160.9
U+8FAB,辫,160,辛,160.10
U+8FAC,辬,160,辛,160.11
U+8FAD,辭,160,辛,160.12
U+8FAE,辮,160,辛,160.13 120.14
U+8FAF,辯,160,辛,160.14
U+8FB0,辰,161,辰,161.0
U+8FB1,辱,161,辰,161.3
U+8FB2,農,161,辰,161.6
U+8FB3,辳,161,辰,161.8
U+8FB4,辴,161,辰,161.12
U+8FB5,辵,162,辵,162.0
U+8FB6,辶,162,辵,162.0
U+8FB7,辷,162,辵,162.1
U+8FB8,辸,162,辵,162.2
U+8FB9,边,162,辵,162.2
U+8FBA,辺,162,辵,162.2
U+8FBB,辻,162,辵,162.2
U+8FBC,込,162,辵,162.2
U+8FBD,辽,162,辵,162.2
U+8FBE,达,162,辵,162.3
U+8FBF,辿,162,辵,162.3
U+8FC0,迀,162,辵,162.3
U+8FC1,迁,162,辵,162.3
U+8FC2,迂,162,辵,162.3
U+8FC3,迃,162,辵,162.3
U+8FC4,迄,162,辵,162.3
U+8FC5,迅,162,辵,162.3
U+8FC6,迆,162,辵,162.3
U+8FC7,过,162,辵,162.3
U+8FC8,迈,162,辵,162.3
U+8FC9,迉,162,辵,162.3
U+8FCA,迊,162,辵,162.4
U+8FCB,迋,162,辵,162.4
U+8FCC,迌,162,辵,162.4
U+8FCD,迍,162,辵,162.4
U+8FCE,迎,162,辵,162.4
U+8FCF,迏,162,辵,162.4
U+8FD0,运,162,辵,162.4
U+8FD1,近,162,辵,162.4
U+8FD2,迒,162,辵,162.4
U+8FD3,迓,162,辵,162.4
U+8FD4,返,162,辵,162.4
U+8FD5,迕,162,辵,162.4
U+8FD6,迖,162,辵,162.4
U+8FD7,迗,162,辵,162.4
U+8FD8,还,162,辵,162.4
U+8FD9,这,162,辵,162.4
U+8FDA,迚,162,辵,162.4
U+8FDB,进,162,辵,162.4
U+8FDC,远,162,辵,162.4
U+8FDD,违,162,辵,162.4
U+8FDE,连,162,辵,162.4
U+8FDF,迟,162,辵,162.4
U+8FE0,迠,162,辵,162.5
U+8FE1,迡,162,辵,162.5
U+8FE2,迢,162,辵,162.5
U+8FE3,迣,162,辵,162.5
U+8FE4,迤,162,辵,162.5
U+8FE5,迥,162,辵,162.5
U+8FE6,迦,162,辵,162.5
U+8FE7,迧,162,辵,162.5
U+8FE8,迨,162,辵,162.5
U+8FE9,迩,162,辵,162.5
U+8FEA,迪,162,辵,162.5
U+8FEB,迫,162,辵,162.5
U+8FEC,迬,162,辵,162.4
U+8FED,迭,162,辵,162.5
U+8FEE,迮,162,辵,162.5
U+8FEF,迯,162,辵,162.5
U+8FF0,述,162,辵,162.5
U+8FF1,迱,162,辵,162.5
U+8FF2,迲,162,辵,162.5
U+8FF3,迳,162,辵,162.5
U+8FF4,迴,162,辵,162.6
U+8FF5,迵,162,辵,162.6
U+8FF6,迶,162,辵,162.6
U+8FF7,迷,162,辵,162.6
U+8FF8,迸,162,辵,162.6 162.8
U+8FF9,迹,162,辵,162.6
U+8FFA,迺,162,辵,162.6
U+8FFB,迻,162,辵,162.6
U+8FFC,迼,162,辵,162.6
U+8FFD,追,162,辵,162.6
U+8FFE,迾,162,辵,162.6
U+8FFF,迿,162,辵,162.6
U+9000,退,162,辵,162.6
U+9001,送,162,辵,162.6
U+9002,适,162,辵,162.6
U+9003,逃,162,辵,162.6
U+9004,逄,162,辵,162.6
U+9005,逅,162,辵,162.6
U+9006,逆,162,辵,162.6
U+9007,逇,162,辵,162.6
U+9008,逈,162,辵,162.6
U+9009,选,162,辵,162.6
U+900A,逊,162,辵,162.6
U+900B,逋,162,辵,162.7
U+900C,逌,162,辵,162.7
U+900D,逍,162,辵,162.7
U+900E,逎,162,辵,162.7
U+900F,透,162,辵,162.7
U+9010,逐,162,辵,162.7
U+9011,逑,162,辵,162.7
U+9012,递,162,辵,162.7
U+9013,逓,162,辵,162.7
U+9014,途,162,辵,162.7
U+9015,逕,162,辵,162.7
U+9016,逖,162,辵,162.7
U+9017,逗,162,辵,162.7
U+9018,逘,162,辵,162.7
U+9019,這,162,辵,162.7
U+901A,通,162,辵,162.7
U+901B,逛,162,辵,162.7
U+901C,逜,162,辵,162.7
U+901D,逝,162,辵,162.7
U+901E,逞,162,辵,162.7
U+901F,速,162,辵,162.7
U+9020,造,162,辵,162.7
U+9021,逡,162,辵,162.7
U+9022,逢,162,辵,162.7
U+9023,連,162,辵,162.7
U+9024,逤,162,辵,162.7
U+9025,逥,162,辵,162.7
U+9026,逦,162,辵,162.7
U+9027,逧,162,辵,162.7
U+9028,逨,162,辵,162.8
U+9029,逩,162,辵,162.8
U+902A,逪,162,辵,162.8
U+902B,逫,162,辵,162.8
U+902C,逬,162,辵,162.8
U+902D,逭,162,辵,162.8
U+902E,逮,162,辵,162.8
U+902F,逯,162,辵,162.8
U+9030,逰,162,辵,162.8
U+9031,週,162,辵,162.8
U+9032,進,162,辵,162.8
U+9033,逳,162,辵,162.8
U+9034,逴,162,辵,162.8
U+9035,逵,162,辵,162.8
U+9036,逶,162,辵,162.8
U+9037,逷,162,辵,162.8
U+9038,逸,162,辵,162.8
U+9039,逹,162,辵,162.8
U+903A,逺,162,辵,162.8
U+903B,逻,162,辵,162.8
U+903C,逼,162,辵,162.9
U+903D,逽,162,辵,162.9
U+903E,逾,162,辵,162.9
U+903F,逿,162,辵,162.9
U+9040,遀,162,辵,162.9
U+9041,遁,162,辵,162.9
U+9042,遂,162,辵,162.9
U+9043,遃,162,辵,162.9
U+9044,遄,162,辵,162.9
U+9045,遅,162,辵,162.9
U+9046,遆,162,辵,162.9
U+9047,遇,162,辵,162.9
U+9048,遈,162,辵,162.9
U+9049,遉,162,辵,162.9
U+904A,遊,162,辵,162.9
U+904B,運,162,辵,162.9
U+904C,遌,162,辵,162.9
U+904D,遍,162,辵,162.9
U+904E,過,162,辵,162.9
U+904F,遏,162,辵,162.9
U+9050,遐,162,辵,162.9
U+9051,遑,162,辵,162.9
U+9052,遒,162,辵,162.9
U+9053,道,162,辵,162.9
U+9054,達,162,辵,162.9
U+9055,違,162,辵,162.9
U+9056,遖,162,辵,162.9
U+9057,遗,162,辵,162.9
U+9058,遘,162,辵,162.10
U+9059,遙,162,辵,162.10
U+905A,遚,162,辵,162.10
U+905B,遛,162,辵,162.10
U+905C,遜,162,辵,162.10
U+905D,遝,162,辵,162.10
U+905E,遞,162,辵,162.10
U+905F,遟,162,辵,162.10
U+9060,遠,162,辵,162.10
U+9061,遡,162,辵,162.10
U+9062,遢,162,辵,162.10
U+9063,遣,162,辵,162.10
U+9064,遤,162,辵,162.10
U+9065,遥,162,辵,162.10
U+9066,遦,162,辵,162.11
U+9067,遧,162,辵,162.11
U+9068,遨,162,辵,162.11
U+9069,適,162,辵,162.11
U+906A,遪,162,辵,162.11
U+906B,遫,162,辵,162.11
U+906C,遬,162,辵,162.11
U+906D,遭,162,辵,162.11
U+906E,遮,162,辵,162.11
U+906F,遯,162,辵,162.11
U+9070,遰,162,辵,162.11
U+9071,遱,162,辵,162.11
U+9072,遲,162,辵,162.12
U+9073,遳,162,辵,162.11
U+9074,遴,162,辵,162.12
U+9075,遵,162,辵,162.12
U+9076,遶,162,辵,162.12
U+9077,遷,162,辵,162.12 162.11
U+9078,選,162,辵,162.12
U+9079,遹,162,辵,162.12
U+907A,遺,162,辵,162.12
U+907B,遻,162,辵,162.12
U+907C,遼,162,辵,162.12
U+907D,遽,162,辵,162.13
U+907E,遾,162,辵,162.13
U+907F,避,162,辵,162.13
U+9080,邀,162,辵,162.13
U+9081,邁,162,辵,162.13
U+9082,邂,162,辵,162.13
U+9083,邃,162,辵,162.13
U+9084,還,162,辵,162.13
U+9085,邅,162,辵,162.13
U+9086,邆,162,辵,162.12
U+9087,邇,162,辵,162.14
U+9088,邈,162,辵,162.14
U+9089,邉,162,辵,162.13
U+908A,邊,162,辵,162.15
U+908B,邋,162,辵,162.15
U+908C,邌,162,辵,162.15
U+908D,邍,162,辵,162.16
U+908E,邎,162,辵,162.17
U+908F,邏,162,辵,162.19
U+9090,邐,162,辵,162.19
U+9091,邑,163,邑,163.0
U+9092,邒,163,邑,163.2
U+9093,邓,163,邑,163.2
U+9094,邔,163,邑,163.3
U+9095,邕,163,邑,163.3
U+9096,邖,163,邑,163.3
U+9097,邗,163,邑,163.3
U+9098,邘,163,邑,163.3
U+9099,邙,163,邑,163.3
U+909A,邚,163,邑,163.3
U+909B,邛,163,邑,163.3
U+909C,邜,163,邑,163.3
U+909D,邝,163,邑,163.3
U+909E,邞,163,邑,163.4
U+909F,邟,163,邑,163.4
U+90A0,邠,163,邑,163.4
U+90A1,邡,163,邑,163.4
U+90A2,邢,163,邑,163.4
U+90A3,那,163,邑,163.4
U+90A4,邤,163,邑,163.4
U+90A5,邥,163,邑,163.4
U+90A6,邦,163,邑,163.4
U+90A7,邧,163,邑,163.4
U+90A8,邨,163,邑,163.4
U+90A9,邩,163,邑,163.4
U+90AA,邪,163,邑,163.4
U+90AB,邫,163,邑,163.4
U+90AC,邬,163,邑,163.4
U+90AD,邭,163,邑,163.5
U+90AE,邮,163,邑,163.5
U+90AF,邯,163,邑,163.5
U+90B0,邰,163,邑,163.5
U+90B1,邱,163,邑,163.5
U+90B2,邲,163,邑,163.5
U+90B3,邳,163,邑,163.5
U+90B4,邴,163,邑,163.5
U+90B5,邵,163,邑,163.5
U+90B6,邶,163,邑,163.5
U+90B7,邷,163,邑,163.5
U+90B8,邸,163,邑,163.5
U+90B9,邹,163,邑,163.5
U+90BA,邺,163,邑,163.5
U+90BB,邻,163,邑,163.5
U+90BC,邼,163,邑,163.6
U+90BD,邽,163,邑,163.6
U+90BE,邾,163,邑,163.6
U+90BF,邿,163,邑,163.6
U+90C0,郀,163,邑,163.6
U+90C1,郁,163,邑,163.6
U+90C2,郂,163,邑,163.6
U+90C3,郃,163,邑,163.6
U+90C4,郄,163,邑,163.6
U+90C5,郅,163,邑,163.6
U+90C6,郆,163,邑,163.6
U+90C7,郇,163,邑,163.6
U+90C8,郈,163,邑,163.6
U+90C9,郉,163,邑,163.6
U+90CA,郊,163,邑,163.6
U+90CB,郋,163,邑,163.6
U+90CC,郌,163,邑,163.6
U+90CD,郍,163,邑,163.6
U+90CE,郎,163,邑,163.6
U+90CF,郏,163,邑,163.6
U+90D0,郐,163,邑,163.6
U+90D1,郑,163,邑,163.6
U+90D2,郒,163,邑,163.7
U+90D3,郓,163,邑,163.6
U+90D4,郔,163,邑,163.7
U+90D5,郕,163,邑,163.7
U+90D6,郖,163,邑,163.7
U+90D7,郗,163,邑,163.7
U+90D8,郘,163,邑,163.7
U+90D9,郙,163,邑,163.7
U+90DA,郚,163,邑,163.7
U+90DB,郛,163,邑,163.7
U+90DC,郜,163,邑,163.7
U+90DD,郝,163,邑,163.7
U+90DE,郞,163,邑,163.7
U+90DF,郟,163,邑,163.7
U+90E0,郠,163,邑,163.7
U+90E1,郡,163,邑,163.7
U+90E2,郢,163,邑,163.7
U+90E3,郣,163,邑,163.7
U+90E4,郤,163,邑,163.7
U+90E5,郥,163,邑,163.7
U+90E6,郦,163,邑,163.7
U+90E7,郧,163,邑,163.7
U+90E8,部,163,邑,163.8
U+90E9,郩,163,邑,163.8
U+90EA,郪,163,邑,163.8
U+90EB,郫,163,邑,163.8
U+90EC,郬,163,邑,163.8
U+90ED,郭,163,邑,163.8
U+90EE,郮,163,邑,163.8
U+90EF,郯,163,邑,163.8
U+90F0,郰,163,邑,163.8
U+90F1,郱,163,邑,163.8
U+90F2,郲,163,邑,163.8
U+90F3,郳,163,邑,163.8
U+90F4,郴,163,邑,163.8
U+90F5,郵,163,邑,163.8
U+90F6,郶,163,邑,163.8
U+90F7,郷,163,邑,163.8
U+90F8,郸,163,邑,163.8
U+90F9,郹,163,邑,163.9
U+90FA,郺,163,邑,163.9
U+90FB,郻,163,邑,163.9
U+90FC,郼,163,邑,163.9
U+90FD,都,163,邑,163.9
U+90FE,郾,163,邑,163.9
U+90FF,郿,163,邑,163.9
U+9100,鄀,163,邑,163.9
U+9101,鄁,163,邑,163.9
U+9102,鄂,163,邑,163.9
U+9103,鄃,163,邑,163.9
U+9104,鄄,163,邑,163.9
U+9105,鄅,163,邑,163.9
U+9106,鄆,163,邑,163.9
U+9107,鄇,163,邑,163.9
U+9108,鄈,163,邑,163.9
U+9109,鄉,163,邑,163.9
U+910A,鄊,163,邑,163.9
U+910B,鄋,163,邑,163.10
U+910C,鄌,163,邑,163.10
U+910D,鄍,163,邑,163.10
U+910E,鄎,163,邑,163.10
U+910F,鄏,163,邑,163.10
U+9110,鄐,163,邑,163.10
U+9111,鄑,163,邑,163.10
U+9112,鄒,163,邑,163.10
U+9113,鄓,163,邑,163.10
U+9114,鄔,163,邑,163.10
U+9115,鄕,163,邑,163.10
U+9116,鄖,163,邑,163.10
U+9117,鄗,163,邑,163.10
U+9118,鄘,163,邑,163.11
U+9119,鄙,163,邑,163.11
U+911A,鄚,163,邑,163.11
U+911B,鄛,163,邑,163.11
U+911C,鄜,163,邑,163.11
U+911D,鄝,163,邑,163.11
U+911E,鄞,163,邑,163.11
U+911F,鄟,163,邑,163.11
U+9120,鄠,163,邑,163.11
U+9121,鄡,163,邑,163.11
U+9122,鄢,163,邑,163.11
U+9123,鄣,163,邑,163.11
U+9124,鄤,163,邑,163.11
U+9125,鄥,163,邑,163.11
U+9126,鄦,163,邑,163.12
U+9127,鄧,163,邑,163.12
U+9128,鄨,163,邑,163.12
U+9129,鄩,163,邑,163.12
U+912A,鄪,163,邑,163.12
U+912B,鄫,163,邑,163.12
U+912C,鄬,163,邑,163.12
U+912D,鄭,163,邑,163.12
U+912E,鄮,163,邑,163.12
U+912F,鄯,163,邑,163.12
U+9130,鄰,163,邑,163.12
U+9131,鄱,163,邑,163.12
U+9132,鄲,163,邑,163.12
U+9133,鄳,163,邑,163.13
U+9134,鄴,163,邑,163.13
U+9135,鄵,163,邑,163.13
U+9136,鄶,163,邑,163.13
U+9137,鄷,163,邑,163.13
U+9138,鄸,163,邑,163.14
U+9139,鄹,163,邑,163.14
U+913A,鄺,163,邑,163.15
U+913B,鄻,163,邑,163.15
U+913C,鄼,163,邑,163.15
U+913D,鄽,163,邑,163.15
U+913E,鄾,163,邑,163.15
U+913F,鄿,163,邑,163.16
U+9140,酀,163,邑,163.16
U+9141,酁,163,邑,163.17
U+9142,酂,163,邑,163.16
U+9143,酃,163,邑,163.17
U+9144,酄,163,邑,163.18
U+9145,酅,163,邑,163.18
U+9146,酆,163,邑,163.18
U+9147,酇,163,邑,163.19
U+9148,酈,163,邑,163.19
U+9149,酉,164,酉,164.0
U+914A,酊,164,酉,164.2
U+914B,酋,164,酉,164.2
U+914C,酌,164,酉,164.3
U+914D,配,164,酉,164.3
U+914E,酎,164,酉,164.3
U+914F,酏,164,酉,164.3
U+9150,酐,164,酉,164.3
U+9151,酑,164,酉,164.3
U+9152,酒,164,酉,164.3
U+9153,酓,164,酉,164.4
U+9154,酔,164,酉,164.4
U+9155,酕,164,酉,164.4
U+9156,酖,164,酉,164.4
U+9157,酗,164,酉,164.4
U+9158,酘,164,酉,164.4
U+9159,酙,164,酉,164.4
U+915A,酚,164,酉,164.4
U+915B,酛,164,酉,164.4
U+915C,酜,164,酉,164.4
U+915D,酝,164,酉,164.4
U+915E,酞,164,酉,164.4
U+915F,酟,164,酉,164.5
U+9160,酠,164,酉,164.5
U+9161,酡,164,酉,164.5
U+9162,酢,164,酉,164.5
U+9163,酣,164,酉,164.5
U+9164,酤,164,酉,164.5
U+9165,酥,164,酉,164.5
U+9166,酦,164,酉,164.6
U+9167,酧,164,酉,164.6
U+9168,酨,164,酉,164.6
U+9169,酩,164,酉,164.6
U+916A,酪,164,酉,164.6
U+916B,酫,164,酉,164.6
U+916C,酬,164,酉,164.6
U+916D,酭,164,酉,164.6
U+916E,酮,164,酉,164.6
U+916F,酯,164,酉,164.6
U+9170,酰,164,酉,164.6
U+9171,酱,164,酉,164.6
U+9172,酲,164,酉,164.7
U+9173,酳,164,酉,164.7
U+9174,酴,164,酉,164.7
U+9175,酵,164,酉,164.7
U+9176,酶,164,酉,164.7
U+9177,酷,164,酉,164.7
U+9178,酸,164,酉,164.7
U+9179,酹,164,酉,164.7
U+917A,酺,164,酉,164.7
U+917B,酻,164,酉,164.7
U+917C,酼,164,酉,164.7
U+917D,酽,164,酉,164.7
U+917E,酾,164,酉,164.7
U+917F,酿,164,酉,164.7
U+9180,醀,164,酉,164.8
U+9181,醁,164,酉,164.8
U+9182,醂,164,酉,164.8
U+9183,醃,164,酉,164.8
U+9184,醄,164,酉,164.8
U+9185,醅,164,酉,164.8
U+9186,醆,164,酉,164.8
U+9187,醇,164,酉,164.8
U+9188,醈,164,酉,164.8
U+9189,醉,164,酉,164.8
U+918A,醊,164,酉,164.8
U+918B,醋,164,酉,164.8
U+918C,醌,164,酉,164.8
U+918D,醍,164,酉,164.9
U+918E,醎,164,酉,164.9
U+918F,醏,164,酉,164.9
U+9190,醐,164,酉,164.9
U+9191,醑,164,酉,164.9
U+9192,醒,164,酉,164.9
U+9193,醓,164,酉,164.9
U+9194,醔,164,酉,164.9
U+9195,醕,164,酉,164.9
U+9196,醖,164,酉,164.9
U+9197,醗,164,酉,164.9
U+9198,醘,164,酉,164.10
U+9199,醙,164,酉,164.10
U+919A,醚,164,酉,164.10
U+919B,醛,164,酉,164.10
U+919C,醜,164,酉,164.10
U+919D,醝,164,酉,164.10
U+919E,醞,164,酉,164.10
U+919F,醟,164,酉,164.10
U+91A0,醠,164,酉,164.10
U+91A1,醡,164,酉,164.10
U+91A2,醢,164,酉,164.10
U+91A3,醣,164,酉,164.10
U+91A4,醤,164,酉,164.10
U+91A5,醥,164,酉,164.11
U+91A6,醦,164,酉,164.11
U+91A7,醧,164,酉,164.11
U+91A8,醨,164,酉,164.11
U+91A9,醩,164,酉,164.11
U+91AA,醪,164,酉,164.11
U+91AB,醫,164,酉,164.11
U+91AC,醬,164,酉,164.11
U+91AD,醭,164,酉,164.12
U+91AE,醮,164,酉,164.12
U+91AF,醯,164,酉,164.12
U+91B0,醰,164,酉,164.12
U+91B1,醱,164,酉,164.12
U+91B2,醲,164,酉,164.13
U+91B3,醳,164,酉,164.13
U+91B4,醴,164,酉,164.13
U+91B5,醵,164,酉,164.13
U+91B6,醶,164,酉,164.13
U+91B7,醷,164,酉,164.13
U+91B8,醸,164,酉,164.13
U+91B9,醹,164,酉,164.14
U+91BA,醺,164,酉,164.14
U+91BB,醻,164,酉,164.14
U+91BC,醼,164,酉,164.16
U+91BD,醽,164,酉,164.17
U+91BE,醾,164,酉,164.17
U+91BF,醿,164,酉,164.17
U+91C0,釀,164,酉,164.17
U+91C1,釁,164,酉,164.18
U+91C2,釂,164,酉,164.18
U+91C3,釃,164,酉,164.19
U+91C4,釄,164,酉,164.19
U+91C5,釅,164,酉,164.20
U+91C6,釆,165,釆,165.0
U+91C7,采,165,釆,165.1
U+91C8,釈,165,釆,165.4
U+91C9,釉,165,釆,165.5
U+91CA,释,165,釆,165.5
U+91CB,釋,165,釆,165.13
U+91CC,里,166,里,166.0
U+91CD,重,166,里,166.2
U+91CE,野,166,里,166.4
U+91CF,量,166,里,166.5
U+91D0,釐,166,里,166.11
U+91D1,金,167,金,167.0
U+91D2,釒,167,金,167.0
U+91D3,釓,167,金,167.1
U+91D4,釔,167,金,167.1
U+91D5,釕,167,金,167.2
U+91D6,釖,167,金,167.2
U+91D7,釗,167,金,167.2
U+91D8,釘,167,金,167.2
U+91D9,釙,167,金,167.2
U+91DA,釚,167,金,167.2
U+91DB,釛,167,金,167.2
U+91DC,釜,167,金,167.2
U+91DD,針,167,金,167.2
U+91DE,釞,167,金,167.2
U+91DF,釟,167,金,167.2
U+91E0,釠,167,金,167.2
U+91E1,釡,167,金,167.2
U+91E2,釢,167,金,167.2
U+91E3,釣,167,金,167.3
U+91E4,釤,167,金,167.3
U+91E5,釥,167,金,167.3
U+91E6,釦,167,金,167.3
U+91E7,釧,167,金,167.3
U+91E8,釨,167,金,167.3
U+91E9,釩,167,金,167.3
U+91EA,釪,167,金,167.3
U+91EB,釫,167,金,167.3
U+91EC,釬,167,金,167.3
U+91ED,釭,167,金,167.3
U+91EE,釮,167,金,167.3
U+91EF,釯,167,金,167.3
U+91F0,釰,167,金,167.3
U+91F1,釱,167,金,167.3
U+91F2,釲,167,金,167.3
U+91F3,釳,167,金,167.3
U+91F4,釴,167,金,167.3
U+91F5,釵,167,金,167.3
U+91F6,釶,167,金,167.3
U+91F7,釷,167,金,167.3
U+91F8,釸,167,金,167.3
U+91F9,釹,167,金,167.3
U+91FA,釺,167,金,167.3
U+91FB,釻,167,金,167.3
U+91FC,釼,167,金,167.3
U+91FD,釽,167,金,167.4
U+91FE,釾,167,金,167.4
U+91FF,釿,167,金,167.4
U+9200,鈀,167,金,167.4
U+9201,鈁,167,金,167.4
U+9202,鈂,167,金,167.4
U+9203,鈃,167,金,167.4
U+9204,鈄,167,金,167.4
U+9205,鈅,167,金,167.4
U+9206,鈆,167,金,167.4
U+9207,鈇,167,金,167.4
U+9208,鈈,167,金,167.4
U+9209,鈉,167,金,167.4
U+920A,鈊,167,金,167.4
U+920B,鈋,167,金,167.4
U+920C,鈌,167,金,167.4
U+920D,鈍,167,金,167.4
U+920E,鈎,167,金,167.4
U+920F,鈏,167,金,167.4
U+9210,鈐,167,金,167.4
U+9211,鈑,167,金,167.4
U+9212,鈒,167,金,167.4
U+9213,鈓,167,金,167.4
U+9214,鈔,167,金,167.4
U+9215,鈕,167,金,167.4
U+9216,鈖,167,金,167.4
U+9217,鈗,167,金,167.4
U+9218,鈘,167,金,167.4
U+9219,鈙,167,金,167.4
U+921A,鈚,167,金,167.4
U+921B,鈛,167,金,167.4
U+921C,鈜,167,金,167.4
U+921D,鈝,167,金,167.4
U+921E,鈞,167,金,167.4
U+921F,鈟,167,金,167.4
U+9220,鈠,167,金,167.4
U+9221,鈡,167,金,167.4
U+9222,鈢,167,金,167.4
U+9223,鈣,167,金,167.4
U+9224,鈤,167,金,167.4
U+9225,鈥,167,金,167.4
U+9226,鈦,167,金,167.4
U+9227,鈧,167,金,167.4
U+9228,鈨,167,金,167.4
U+9229,鈩,167,金,167.4
U+922A,鈪,167,金,167.4
U+922B,鈫,167,金,167.4
U+922C,鈬,167,金,167.4
U+922D,鈭,167,金,167.5
U+922E,鈮,167,金,167.5
U+922F,鈯,167,金,167.5
U+9230,鈰,167,金,167.5
U+9231,鈱,167,金,167.5
U+9232,鈲,167,金,167.5
U+9233,鈳,167,金,167.5
U+9234,鈴,167,金,167.5
U+9235,鈵,167,金,167.5
U+9236,鈶,167,金,167.5
U+9237,鈷,167,金,167.5
U+9238,鈸,167,金,167.5
U+9239,鈹,167,金,167.5
U+923A,鈺,167,金,167.5
U+923B,鈻,167,金,167.5
U+923C,鈼,167,金,167.5
U+923D,鈽,167,金,167.5
U+923E,鈾,167,金,167.5
U+923F,鈿,167,金,167.5
U+9240,鉀,167,金,167.5
U+9241,鉁,167,金,167.5
U+9242,鉂,167,金,167.5
U+9243,鉃,167,金,167.5
U+9244,鉄,167,金,167.5
U+9245,鉅,167,金,167.5
U+9246,鉆,167,金,167.5
U+9247,鉇,167,金,167.5
U+9248,鉈,167,金,167.5
U+9249,鉉,167,金,167.5
U+924A,鉊,167,金,167.5
U+924B,鉋,167,金,167.5
U+924C,鉌,167,金,167.5
U+924D,鉍,167,金,167.5
U+924E,鉎,167,金,167.5
U+924F,鉏,167,金,167.5
U+9250,鉐,167,金,167.5
U+9251,鉑,167,金,167.5
U+9252,鉒,167,金,167.5
U+9253,鉓,167,金,167.5
U+9254,鉔,167,金,167.5
U+9255,鉕,167,金,167.5
U+9256,鉖,167,金,167.5
U+9257,鉗,167,金,167.5
U+9258,鉘,167,金,167.5
U+9259,鉙,167,金,167.5
U+925A,鉚,167,金,167.5
U+925B,鉛,167,金,167.5
U+925C,鉜,167,金,167.5
U+925D,鉝,167,金,167.5
U+925E,鉞,167,金,167.5
U+925F,鉟,167,金,167.5
U+9260,鉠,167,金,167.5
U+9261,鉡,167,金,167.5
U+9262,鉢,167,金,167.5
U+9263,鉣,167,金,167.5
U+9264,鉤,167,金,167.5
U+9265,鉥,167,金,167.5
U+9266,鉦,167,金,167.5
U+9267,鉧,167,金,167.5
U+9268,鉨,167,金,167.5
U+9269,鉩,167,金,167.5
U+926A,鉪,167,金,167.5
U+926B,鉫,167,金,167.5
U+926C,鉬,167,金,167.5
U+926D,鉭,167,金,167.5
U+926E,鉮,167,金,167.5
U+926F,鉯,167,金,167.5
U+9270,鉰,167,金,167.5
U+9271,鉱,167,金,167.5
U+9272,鉲,167,金,167.5
U+9273,鉳,167,金,167.5
U+9274,鉴,167,金,167.5
U+9275,鉵,167,金,167.6
U+9276,鉶,167,金,167.6
U+9277,鉷,167,金,167.6
U+9278,鉸,167,金,167.6
U+9279,鉹,167,金,167.6
U+927A,鉺,167,金,167.6
U+927B,鉻,167,金,167.6
U+927C,鉼,167,金,167.8
U+927D,鉽,167,金,167.6
U+927E,鉾,167,金,167.6
U+927F,鉿,167,金,167.6
U+9280,銀,167,金,167.6
U+9281,銁,167,金,167.6
U+9282,銂,167,金,167.6
U+9283,銃,167,金,167.6
U+9284,銄,167,金,167.6
U+9285,銅,167,金,167.6
U+9286,銆,167,金,167.6
U+9287,銇,167,金,167.6
U+9288,銈,167,金,167.6
U+9289,銉,167,金,167.6
U+928A,銊,167,金,167.6
U+928B,銋,167,金,167.6
U+928C,銌,167,金,167.6
U+928D,銍,167,金,167.6
U+928E,銎,167,金,167.6
U+928F,銏,167,金,167.5
U+9290,銐,167,金,167.6
U+9291,銑,167,金,167.6
U+9292,銒,167,金,167.6
U+9293,銓,167,金,167.6
U+9294,銔,167,金,167.6
U+9295,銕,167,金,167.6
U+9296,銖,167,金,167.6
U+9297,銗,167,金,167.6
U+9298,銘,167,金,167.6
U+9299,銙,167,金,167.6
U+929A,銚,167,金,167.6
U+929B,銛,167,金,167.6
U+929C,銜,167,金,167.6
U+929D,銝,167,金,167.6
U+929E,銞,167,金,167.6
U+929F,銟,167,金,167.6
U+92A0,銠,167,金,167.6
U+92A1,銡,167,金,167.6
U+92A2,銢,167,金,167.6
U+92A3,銣,167,金,167.6
U+92A4,銤,167,金,167.6
U+92A5,銥,167,金,167.6
U+92A6,銦,167,金,167.6
U+92A7,銧,167,金,167.6
U+92A8,銨,167,金,167.6
U+92A9,銩,167,金,167.6
U+92AA,銪,167,金,167.6
U+92AB,銫,167,金,167.6
U+92AC,銬,167,金,167.6
U+92AD,銭,167,金,167.6
U+92AE,銮,167,金,167.6
U+92AF,銯,167,金,167.6
U+92B0,銰,167,金,167.6
U+92B1,銱,167,金,167.6
U+92B2,銲,167,金,167.7
U+92B3,銳,167,金,167.7
U+92B4,銴,167,金,167.7
U+92B5,銵,167,金,167.7
U+92B6,銶,167,金,167.7
U+92B7,銷,167,金,167.7
U+92B8,銸,167,金,167.7
U+92B9,銹,167,金,167.7
U+92BA,銺,167,金,167.7
U+92BB,銻,167,金,167.7
U+92BC,銼,167,金,167.7
U+92BD,銽,167,金,167.7
U+92BE,銾,167,金,167.7
U+92BF,銿,167,金,167.7
U+92C0,鋀,167,金,167.7
U+92C1,鋁,167,金,167.7
U+92C2,鋂,167,金,167.7
U+92C3,鋃,167,金,167.7
U+92C4,鋄,167,金,167.7
U+92C5,鋅,167,金,167.7
U+92C6,鋆,167,金,167.7
U+92C7,鋇,167,金,167.7
U+92C8,鋈,167,金,167.7
U+92C9,鋉,167,金,167.7
U+92CA,鋊,167,金,167.7
U+92CB,鋋,167,金,167.7
U+92CC,鋌,167,金,167.7
U+92CD,鋍,167,金,167.7
U+92CE,鋎,167,金,167.7
U+92CF,鋏,167,金,167.7
U+92D0,鋐,167,金,167.7
U+92D1,鋑,167,金,167.7
U+92D2,鋒,167,金,167.7
U+92D3,鋓,167,金,167.7
U+92D4,鋔,167,金,167.7
U+92D5,鋕,167,金,167.7
U+92D6,鋖,167,金,167.7
U+92D7,鋗,167,金,167.7
U+92D8,鋘,167,金,167.7
U+92D9,鋙,167,金,167.7
U+92DA,鋚,167,金,167.7
U+92DB,鋛,167,金,167.7
U+92DC,鋜,167,金,167.7
U+92DD,鋝,167,金,167.7
U+92DE,鋞,167,金,167.7
U+92DF,鋟,167,金,167.7
U+92E0,鋠,167,金,167.7
U+92E1,鋡,167,金,167.7
U+92E2,鋢,167,金,167.7
U+92E3,鋣,167,金,167.7
U+92E4,鋤,167,金,167.7
U+92E5,鋥,167,金,167.7
U+92E6,鋦,167,金,167.7
U+92E7,鋧,167,金,167.7
U+92E8,鋨,167,金,167.7
U+92E9,鋩,167,金,167.7
U+92EA,鋪,167,金,167.7
U+92EB,鋫,167,金,167.7
U+92EC,鋬,167,金,167.7
U+92ED,鋭,167,金,167.7
U+92EE,鋮,167,金,167.7
U+92EF,鋯,167,金,167.7
U+92F0,鋰,167,金,167.7
U+92F1,鋱,167,金,167.7
U+92F2,鋲,167,金,167.7
U+92F3,鋳,167,金,167.7
U+92F4,鋴,167,金,167.7
U+92F5,鋵,167,金,167.7
U+92F6,鋶,167,金,167.7
U+92F7,鋷,167,金,167.8
U+92F8,鋸,167,金,167.8
U+92F9,鋹,167,金,167.8
U+92FA,鋺,167,金,167.8
U+92FB,鋻,167,金,167.8
U+92FC,鋼,167,金,167.8
U+92FD,鋽,167,金,167.8
U+92FE,鋾,167,金,167.8
U+92FF,鋿,167,金,167.8
U+9300,錀,167,金,167.8
U+9301,錁,167,金,167.8
U+9302,錂,167,金,167.8
U+9303,錃,167,金,167.8
U+9304,錄,167,金,167.8
U+9305,錅,167,金,167.8
U+9306,錆,167,金,167.8
U+9307,錇,167,金,167.8
U+9308,錈,167,金,167.8
U+9309,錉,167,金,167.8
U+930A,錊,167,金,167.8
U+930B,錋,167,金,167.8
U+930C,錌,167,金,167.8
U+930D,錍,167,金,167.8
U+930E,錎,167,金,167.8
U+930F,錏,167,金,167.8
U+9310,錐,167,金,167.8
U+9311,錑,167,金,167.8
U+9312,錒,167,金,167.8
U+9313,錓,167,金,167.8
U+9314,錔,167,金,167.8
U+9315,錕,167,金,167.8
U+9316,錖,167,金,167.8
U+9317,錗,167,金,167.8
U+9318,錘,167,金,167.8
U+9319,錙,167,金,167.8
U+931A,錚,167,金,167.8
U+931B,錛,167,金,167.8
U+931C,錜,167,金,167.8
U+931D,錝,167,金,167.8
U+931E,錞,167,金,167.8
U+931F,錟,167,金,167.8
U+9320,錠,167,金,167.8
U+9321,錡,167,金,167.8
U+9322,錢,167,金,167.8
U+9323,錣,167,金,167.8
U+9324,錤,167,金,167.8
U+9325,錥,167,金,167.8
U+9326,錦,167,金,167.8
U+9327,錧,167,金,167.8
U+9328,錨,167,金,167.9
U+9329,錩,167,金,167.8
U+932A,錪,167,金,167.8
U+932B,錫,167,金,167.8
U+932C,錬,167,金,167.8
U+932D,錭,167,金,167.8
U+932E,錮,167,金,167.8
U+932F,錯,167,金,167.8
U+9330,錰,167,金,167.8
U+9331,錱,167,金,167.8
U+9332,録,167,金,167.8
U+9333,錳,167,金,167.8
U+9334,錴,167,金,167.8
U+9335,錵,167,金,167.8
U+9336,錶,167,金,167.8
U+9337,錷,167,金,167.8
U+9338,錸,167,金,167.8
U+9339,錹,167,金,167.8
U+933A,錺,167,金,167.8
U+933B,錻,167,金,167.8
U+933C,錼,167,金,167.8
U+933D,錽,167,金,167.8
U+933E,錾,167,金,167.8
U+933F,錿,167,金,167.8
U+9340,鍀,167,金,167.8
U+9341,鍁,167,金,167.8
U+9342,鍂,167,金,167.8
U+9343,鍃,167,金,167.8
U+9344,鍄,167,金,167.8
U+9345,鍅,167,金,167.8
U+9346,鍆,167,金,167.8
U+9347,鍇,167,金,167.9
U+9348,鍈,167,金,167.8
U+9349,鍉,167,金,167.9
U+934A,鍊,167,金,167.9
U+934B,鍋,167,金,167.9
U+934C,鍌,167,金,167.9
U+934D,鍍,167,金,167.9
U+934E,鍎,167,金,167.9
U+934F,鍏,167,金,167.9
U+9350,鍐,167,金,167.9
U+9351,鍑,167,金,167.9
U+9352,鍒,167,金,167.9
U+9353,鍓,167,金,167.9
U+9354,鍔,167,金,167.9
U+9355,鍕,167,金,167.9
U+9356,鍖,167,金,167.9
U+9357,鍗,167,金,167.9
U+9358,鍘,167,金,167.9
U+9359,鍙,167,金,167.9
U+935A,鍚,167,金,167.9
U+935B,鍛,167,金,167.9
U+935C,鍜,167,金,167.9
U+935D,鍝,167,金,167.9
U+935E,鍞,167,金,167.9
U+935F,鍟,167,金,167.9
U+9360,鍠,167,金,167.9
U+9361,鍡,167,金,167.9
U+9362,鍢,167,金,167.9
U+9363,鍣,167,金,167.9
U+9364,鍤,167,金,167.9
U+9365,鍥,167,金,167.9
U+9366,鍦,167,金,167.9
U+9367,鍧,167,金,167.9
U+9368,鍨,167,金,167.9
U+9369,鍩,167,金,167.9
U+936A,鍪,167,金,167.9
U+936B,鍫,167,金,167.9
U+936C,鍬,167,金,167.9
U+936D,鍭,167,金,167.9
U+936E,鍮,167,金,167.9
U+936F,鍯,167,金,167.9
U+9370,鍰,167,金,167.9
U+9371,鍱,167,金,167.9
U+9372,鍲,167,金,167.9
U+9373,鍳,167,金,167.9
U+9374,鍴,167,金,167.9
U+9375,鍵,167,金,167.9
U+9376,鍶,167,金,167.9
U+9377,鍷,167,金,167.9
U+9378,鍸,167,金,167.9
U+9379,鍹,167,金,167.9
U+937A,鍺,167,金,167.9
U+937B,鍻,167,金,167.9
U+937C,鍼,167,金,167.9
U+937D,鍽,167,金,167.9
U+937E,鍾,167,金,167.9
U+937F,鍿,167,金,167.9
U+9380,鎀,167,金,167.9
U+9381,鎁,167,金,167.9
U+9382,鎂,167,金,167.9
U+9383,鎃,167,金,167.9
U+9384,鎄,167,金,167.9
U+9385,鎅,167,金,167.9
U+9386,鎆,167,金,167.9
U+9387,鎇,167,金,167.9
U+9388,鎈,167,金,167.10
U+9389,鎉,167,金,167.10
U+938A,鎊,167,金,167.10
U+938B,鎋,167,金,167.10
U+938C,鎌,167,金,167.10
U+938D,鎍,167,金,167.10
U+938E,鎎,167,金,167.10
U+938F,鎏,167,金,167.10
U+9390,鎐,167,金,167.10
U+9391,鎑,167,金,167.10
U+9392,鎒,167,金,167.10
U+9393,鎓,167,金,167.10
U+9394,鎔,167,金,167.10
U+9395,鎕,167,金,167.10
U+9396,鎖,167,金,167.10
U+9397,鎗,167,金,167.10
U+9398,鎘,167,金,167.10
U+9399,鎙,167,金,167.10
U+939A,鎚,167,金,167.10
U+939B,鎛,167,金,167.10
U+939C,鎜,167,金,167.10
U+939D,鎝,167,金,167.10
U+939E,鎞,167,金,167.10
U+939F,鎟,167,金,167.10
U+93A0,鎠,167,金,167.10
U+93A1,鎡,167,金,167.10
U+93A2,鎢,167,金,167.10
U+93A3,鎣,167,金,167.10
U+93A4,鎤,167,金,167.10
U+93A5,鎥,167,金,167.10
U+93A6,鎦,167,金,167.10
U+93A7,鎧,167,金,167.10
U+93A8,鎨,167,金,167.10
U+93A9,鎩,167,金,167.11
U+93AA,鎪,167,金,167.10
U+93AB,鎫,167,金,167.10
U+93AC,鎬,167,金,167.10
U+93AD,鎭,167,金,167.10
U+93AE,鎮,167,金,167.10
U+93AF,鎯,167,金,167.10
U+93B0,鎰,167,金,167.10
U+93B1,鎱,167,金,167.10
U+93B2,鎲,167,金,167.10
U+93B3,鎳,167,金,167.10
U+93B4,鎴,167,金,167.10
U+93B5,鎵,167,金,167.10
U+93B6,鎶,167,金,167.10
U+93B7,鎷,167,金,167.10
U+93B8,鎸,167,金,167.10
U+93B9,鎹,167,金,167.10
U+93BA,鎺,167,金,167.10
U+93BB,鎻,167,金,167.10
U+93BC,鎼,167,金,167.10
U+93BD,鎽,167,金,167.10
U+93BE,鎾,167,金,167.10
U+93BF,鎿,167,金,167.10
U+93C0,鏀,167,金,167.11
U+93C1,鏁,167,金,167.11
U+93C2,鏂,167,金,167.11
U+93C3,鏃,167,金,167.11
U+93C4,鏄,167,金,167.11
U+93C5,鏅,167,金,167.11
U+93C6,鏆,167,金,167.11
U+93C7,鏇,167,金,167.11
U+93C8,鏈,167,金,167.11
U+93C9,鏉,167,金,167.11
U+93CA,鏊,167,金,167.11
U+93CB,鏋,167,金,167.11
U+93CC,鏌,167,金,167.11
U+93CD,鏍,167,金,167.11
U+93CE,鏎,167,金,167.11
U+93CF,鏏,167,金,167.11
U+93D0,鏐,167,金,167.11
U+93D1,鏑,167,金,167.11
U+93D2,鏒,167,金,167.11
U+93D3,鏓,167,金,167.11
U+93D4,鏔,167,金,167.11
U+93D5,鏕,167,金,167.11
U+93D6,鏖,167,金,167.11
U+93D7,鏗,167,金,167.11
U+93D8,鏘,167,金,167.11
U+93D9,鏙,167,金,167.11
U+93DA,鏚,167,金,167.11
U+93DB,鏛,167,金,167.11
U+93DC,鏜,167,金,167.11
U+93DD,鏝,167,金,167.11
U+93DE,鏞,167,金,167.11
U+93DF,鏟,167,金,167.11
U+93E0,鏠,167,金,167.11
U+93E1,鏡,167,金,167.11
U+93E2,鏢,167,金,167.11
U+93E3,鏣,167,金,167.11
U+93E4,鏤,167,金,167.11
U+93E5,鏥,167,金,167.11
U+93E6,鏦,167,金,167.11
U+93E7,鏧,167,金,167.11
U+93E8,鏨,167,金,167.11
U+93E9,鏩,167,金,167.11
U+93EA,鏪,167,金,167.11
U+93EB,鏫,167,金,167.11
U+93EC,鏬,167,金,167.11
U+93ED,鏭,167,金,167.11
U+93EE,鏮,167,金,167.11
U+93EF,鏯,167,金,167.11
U+93F0,鏰,167,金,167.11
U+93F1,鏱,167,金,167.11
U+93F2,鏲,167,金,167.11
U+93F3,鏳,167,金,167.12
U+93F4,鏴,167,金,167.13
U+93F5,鏵,167,金,167.12
U+93F6,鏶,167,金,167.12
U+93F7,鏷,167,金,167.12
U+93F8,鏸,167,金,167.12
U+93F9,鏹,167,金,167.11
U+93FA,鏺,167,金,167.12
U+93FB,鏻,167,金,167.12
U+93FC,鏼,167,金,167.12
U+93FD,鏽,167,金,167.12
U+93FE,鏾,167,金,167.12
U+93FF,鏿,167,金,167.12
U+9400,鐀,167,金,167.12
U+9401,鐁,167,金,167.12
U+9402,鐂,167,金,167.12
U+9403,鐃,167,金,167.12
U+9404,鐄,167,金,167.12
U+9405,鐅,167,金,167.12
U+9406,鐆,167,金,167.12
U+9407,鐇,167,金,167.12
U+9408,鐈,167,金,167.12
U+9409,鐉,167,金,167.12
U+940A,鐊,167,金,167.12
U+940B,鐋,167,金,167.12
U+940C,鐌,167,金,167.12
U+940D,鐍,167,金,167.12
U+940E,鐎,167,金,167.12
U+940F,鐏,167,金,167.12
U+9410,鐐,167,金,167.12
U+9411,鐑,167,金,167.12
U+9412,鐒,167,金,167.12
U+9413,鐓,167,金,167.12
U+9414,鐔,167,金,167.12
U+9415,鐕,167,金,167.12
U+9416,鐖,167,金,167.12
U+9417,鐗,167,金,167.12
U+9418,鐘,167,金,167.12
U+9419,鐙,167,金,167.12
U+941A,鐚,167,金,167.12
U+941B,鐛,167,金,167.12
U+941C,鐜,167,金,167.12
U+941D,鐝,167,金,167.12
U+941E,鐞,167,金,167.12
U+941F,鐟,167,金,167.12
U+9420,鐠,167,金,167.12
U+9421,鐡,167,金,167.12
U+9422,鐢,167,金,167.12
U+9423,鐣,167,金,167.12
U+9424,鐤,167,金,167.12
U+9425,鐥,167,金,167.12
U+9426,鐦,167,金,167.12
U+9427,鐧,167,金,167.12
U+9428,鐨,167,金,167.12
U+9429,鐩,167,金,167.13
U+942A,鐪,167,金,167.13
U+942B,鐫,167,金,167.13
U+942C,鐬,167,金,167.13
U+942D,鐭,167,金,167.13
U+942E,鐮,167,金,167.13
U+942F,鐯,167,金,167.13
U+9430,鐰,167,金,167.13
U+9431,鐱,167,金,167.13
U+9432,鐲,167,金,167.13
U+9433,鐳,167,金,167.13
U+9434,鐴,167,金,167.13
U+9435,鐵,167,金,167.13
U+9436,鐶,167,金,167.13
U+9437,鐷,167,金,167.13
U+9438,鐸,167,金,167.13
U+9439,鐹,167,金,167.13
U+943A,鐺,167,金,167.13
U+943B,鐻,167,金,167.13
U+943C,鐼,167,金,167.13
U+943D,鐽,167,金,167.13
U+943E,鐾,167,金,167.13
U+943F,鐿,167,金,167.13
U+9440,鑀,167,金,167.13
U+9441,鑁,167,金,167.13
U+9442,鑂,167,金,167.14
U+9443,鑃,167,金,167.14
U+9444,鑄,167,金,167.14
U+9445,鑅,167,金,167.14
U+9446,鑆,167,金,167.14
U+9447,鑇,167,金,167.14
U+9448,鑈,167,金,167.14
U+9449,鑉,167,金,167.14
U+944A,鑊,167,金,167.14
U+944B,鑋,167,金,167.14
U+944C,鑌,167,金,167.14
U+944D,鑍,167,金,167.14
U+944E,鑎,167,金,167.14
U+944F,鑏,167,金,167.14
U+9450,鑐,167,金,167.14
U+9451,鑑,167,金,167.14
U+9452,鑒,167,金,167.14
U+9453,鑓,167,金,167.14
U+9454,鑔,167,金,167.14
U+9455,鑕,167,金,167.15
U+9456,鑖,167,金,167.15
U+9457,鑗,167,金,167.15
U+9458,鑘,167,金,167.15
U+9459,鑙,167,金,167.15
U+945A,鑚,167,金,167.15
U+945B,鑛,167,金,167.15
U+945C,鑜,167,金,167.15
U+945D,鑝,167,金,167.15
U+945E,鑞,167,金,167.15
U+945F,鑟,167,金,167.15
U+9460,鑠,167,金,167.15
U+9461,鑡,167,金,167.15
U+9462,鑢,167,金,167.15
U+9463,鑣,167,金,167.15
U+9464,鑤,167,金,167.15
U+9465,鑥,167,金,167.15
U+9466,鑦,167,金,167.15
U+9467,鑧,167,金,167.14
U+9468,鑨,167,金,167.16
U+9469,鑩,167,金,167.16
U+946A,鑪,167,金,167.16
U+946B,鑫,167,金,167.16
U+946C,鑬,167,金,167.16
U+946D,鑭,167,金,167.17
U+946E,鑮,167,金,167.17
U+946F,鑯,167,金,167.17
U+9470,鑰,167,金,167.17
U+9471,鑱,167,金,167.17
U+9472,鑲,167,金,167.17
U+9473,鑳,167,金,167.17
U+9474,鑴,167,金,167.18
U+9475,鑵,167,金,167.18
U+9476,鑶,167,金,167.18
U+9477,鑷,167,金,167.18
U+9478,鑸,167,金,167.18
U+9479,鑹,167,金,167.18
U+947A,鑺,167,金,167.18
U+947B,鑻,167,金,167.19
U+947C,鑼,167,金,167.19
U+947D,鑽,167,金,167.19
U+947E,鑾,167,金,167.19
U+947F,鑿,167,金,167.19
U+9480,钀,167,金,167.20
U+9481,钁,167,金,167.20
U+9482,钂,167,金,167.20
U+9483,钃,167,金,167.21
U+9484,钄,167,金,167.21
U+9485,钅,167',钅,167'.0
U+9486,钆,167',钅,167'.1
U+9487,钇,167',钅,167'.1
U+9488,针,167',钅,167'.2
U+9489,钉,167',钅,167'.2
U+948A,钊,167',钅,167'.2
U+948B,钋,167',钅,167'.2
U+948C,钌,167',钅,167'.2
U+948D,钍,167',钅,167'.3
U+948E,钎,167',钅,167'.3
U+948F,钏,167',钅,167'.3
U+9490,钐,167',钅,167'.3
U+9491,钑,167',钅,167'.3
U+9492,钒,167',钅,167'.3
U+9493,钓,167',钅,167'.3
U+9494,钔,167',钅,167'.3
U+9495,钕,167',钅,167'.3
U+9496,钖,167',钅,167'.3
U+9497,钗,167',钅,167'.3
U+9498,钘,167',钅,167'.4
U+9499,钙,167',钅,167'.4
U+949A,钚,167',钅,167'.4
U+949B,钛,167',钅,167'.4
U+949C,钜,167',钅,167'.4
U+949D,钝,167',钅,167'.4
U+949E,钞,167',钅,167'.4
U+949F,钟,167',钅,167'.4
U+94A0,钠,167',钅,167'.4
U+94A1,钡,167',钅,167'.4
U+94A2,钢,167',钅,167'.4
U+94A3,钣,167',钅,167'.4
U+94A4,钤,167',钅,167'.4
U+94A5,钥,167',钅,167'.4
U+94A6,钦,167',钅,167'.4
U+94A7,钧,167',钅,167'.4
U+94A8,钨,167',钅,167'.4
U+94A9,钩,167',钅,167'.4
U+94AA,钪,167',钅,167'.4
U+94AB,钫,167',钅,167'.4
U+94AC,钬,167',钅,167'.4
U+94AD,钭,167',钅,167'.4
U+94AE,钮,167',钅,167'.4
U+94AF,钯,167',钅,167'.4
U+94B0,钰,167',钅,167'.5
U+94B1,钱,167',钅,167'.5
U+94B2,钲,167',钅,167'.5
U+94B3,钳,167',钅,167'.5
U+94B4,钴,167',钅,167'.5
U+94B5,钵,167',钅,167'.5
U+94B6,钶,167',钅,167'.5
U+94B7,钷,167',钅,167'.5
U+94B8,钸,167',钅,167'.5
U+94B9,钹,167',钅,167'.5
U+94BA,钺,167',钅,167'.5
U+94BB,钻,167',钅,167'.5
U+94BC,钼,167',钅,167'.5
U+94BD,钽,167',钅,167'.5
U+94BE,钾,167',钅,167'.5
U+94BF,钿,167',钅,167'.5
U+94C0,铀,167',钅,167'.5
U+94C1,铁,167',钅,167'.5
U+94C2,铂,167',钅,167'.5
U+94C3,铃,167',钅,167'.5
U+94C4,铄,167',钅,167'.5
U+94C5,铅,167',钅,167'.5
U+94C6,铆,167',钅,167'.5
U+94C7,铇,167',钅,167'.5
U+94C8,铈,167',钅,167'.5
U+94C9,铉,167',钅,167'.5
U+94CA,铊,167',钅,167'.5
U+94CB,铋,167',钅,167'.5
U+94CC,铌,167',钅,167'.5
U+94CD,铍,167',钅,167'.5
U+94CE,铎,167',钅,167'.5
U+94CF,铏,167',钅,167'.6
U+94D0,铐,167',钅,167'.6
U+94D1,铑,167',钅,167'.6
U+94D2,铒,167',钅,167'.6
U+94D3,铓,167',钅,167'.6
U+94D4,铔,167',钅,167'.6
U+94D5,铕,167',钅,167'.6
U+94D6,铖,167',钅,167'.6
U+94D7,铗,167',钅,167'.6
U+94D8,铘,167',钅,167'.6
U+94D9,铙,167',钅,167'.6
U+94DA,铚,167',钅,167'.6
U+94DB,铛,167',钅,167'.6
U+94DC,铜,167',钅,167'.6
U+94DD,铝,167',钅,167'.6
U+94DE,铞,167',钅,167'.6
U+94DF,铟,167',钅,167'.6
U+94E0,铠,167',钅,167'.6
U+94E1,铡,167',钅,167'.6
U+94E2,铢,167',钅,167'.6
U+94E3,铣,167',钅,167'.6
U+94E4,铤,167',钅,167'.6
U+94E5,铥,167',钅,167'.6
U+94E6,铦,167',钅,167'.6
U+94E7,铧,167',钅,167'.6
U+94E8,铨,167',钅,167'.6
U+94E9,铩,167',钅,167'.6
U+94EA,铪,167',钅,167'.6
U+94EB,铫,167',钅,167'.6
U+94EC,铬,167',钅,167'.6
U+94ED,铭,167',钅,167'.6
U+94EE,铮,167',钅,167'.6
U+94EF,铯,167',钅,167'.6
U+94F0,铰,167',钅,167'.6
U+94F1,铱,167',钅,167'.6
U+94F2,铲,167',钅,167'.6
U+94F3,铳,167',钅,167'.6
U+94F4,铴,167',钅,167'.6
U+94F5,铵,167',钅,167'.6
U+94F6,银,167',钅,167'.6
U+94F7,铷,167',钅,167'.6
U+94F8,铸,167',钅,167'.7
U+94F9,铹,167',钅,167'.7
U+94FA,铺,167',钅,167'.7
U+94FB,铻,167',钅,167'.7
U+94FC,铼,167',钅,167'.7
U+94FD,铽,167',钅,167'.7
U+94FE,链,167',钅,167'.7
U+94FF,铿,167',钅,167'.7
U+9500,销,167',钅,167'.7
U+9501,锁,167',钅,167'.7
U+9502,锂,167',钅,167'.7
U+9503,锃,167',钅,167'.7
U+9504,锄,167',钅,167'.7
U+9505,锅,167',钅,167'.7
U+9506,锆,167',钅,167'.7
U+9507,锇,167',钅,167'.7
U+9508,锈,167',钅,167'.7
U+9509,锉,167',钅,167'.7
U+950A,锊,167',钅,167'.7
U+950B,锋,167',钅,167'.7
U+950C,锌,167',钅,167'.7
U+950D,锍,167',钅,167'.7
U+950E,锎,167',钅,167'.7
U+950F,锏,167',钅,167'.7
U+9510,锐,167',钅,167'.7
U+9511,锑,167',钅,167'.7
U+9512,锒,167',钅,167'.7
U+9513,锓,167',钅,167'.7
U+9514,锔,167',钅,167'.7
U+9515,锕,167',钅,167'.7
U+9516,锖,167',钅,167'.8
U+9517,锗,167',钅,167'.8
U+9518,锘,167',钅,167'.8
U+9519,错,167',钅,167'.8
U+951A,锚,167',钅,167'.8
U+951B,锛,167',钅,167'.8
U+951C,锜,167',钅,167'.8
U+951D,锝,167',钅,167'.8
U+951E,锞,167',钅,167'.8
U+951F,锟,167',钅,167'.8
U+9520,锠,167',钅,167'.8
U+9521,锡,167',钅,167'.8
U+9522,锢,167',钅,167'.8
U+9523,锣,167',钅,167'.8
U+9524,锤,167',钅,167'.8
U+9525,锥,167',钅,167'.8
U+9526,锦,167',钅,167'.8
U+9527,锧,167',钅,167'.8
U+9528,锨,167',钅,167'.8
U+9529,锩,167',钅,167'.8
U+952A,锪,167',钅,167'.8
U+952B,锫,167',钅,167'.8
U+952C,锬,167',钅,167'.8
U+952D,锭,167',钅,167'.8
U+952E,键,167',钅,167'.8
U+952F,锯,167',钅,167'.8
U+9530,锰,167',钅,167'.8
U+9531,锱,167',钅,167'.8
U+9532,锲,167',钅,167'.9
U+9533,锳,167',钅,167'.9
U+9534,锴,167',钅,167'.9
U+9535,锵,167',钅,167'.9
U+9536,锶,167',钅,167'.9
U+9537,锷,167',钅,167'.9
U+9538,锸,167',钅,167'.9
U+9539,锹,167',钅,167'.9
U+953A,锺,167',钅,167'.9
U+953B,锻,167',钅,167'.9
U+953C,锼,167',钅,167'.9
U+953D,锽,167',钅,167'.9
U+953E,锾,167',钅,167'.9
U+953F,锿,167',钅,167'.9
U+9540,镀,167',钅,167'.9
U+9541,镁,167',钅,167'.9
U+9542,镂,167',钅,167'.9
U+9543,镃,167',钅,167'.9
U+9544,镄,167',钅,167'.9
U+9545,镅,167',钅,167'.9
U+9546,镆,167',钅,167'.10
U+9547,镇,167',钅,167'.10
U+9548,镈,167',钅,167'.10
U+9549,镉,167',钅,167'.10
U+954A,镊,167',钅,167'.10
U+954B,镋,167',钅,167'.10
U+954C,镌,167',钅,167'.10
U+954D,镍,167',钅,167'.10
U+954E,镎,167',钅,167'.10
U+954F,镏,167',钅,167'.10
U+9550,镐,167',钅,167'.10
U+9551,镑,167',钅,167'.10
U+9552,镒,167',钅,167'.10
U+9553,镓,167',钅,167'.10
U+9554,镔,167',钅,167'.10
U+9555,镕,167',钅,167'.10
U+9556,镖,167',钅,167'.11
U+9557,镗,167',钅,167'.11
U+9558,镘,167',钅,167'.11
U+9559,镙,167',钅,167'.11
U+955A,镚,167',钅,167'.11
U+955B,镛,167',钅,167'.11
U+955C,镜,167',钅,167'.11
U+955D,镝,167',钅,167'.11
U+955E,镞,167',钅,167'.11
U+955F,镟,167',钅,167'.11
U+9560,镠,167',钅,167'.11
U+9561,镡,167',钅,167'.12
U+9562,镢,167',钅,167'.12
U+9563,镣,167',钅,167'.12
U+9564,镤,167',钅,167'.12
U+9565,镥,167',钅,167'.12
U+9566,镦,167',钅,167'.12
U+9567,镧,167',钅,167'.12
U+9568,镨,167',钅,167'.12
U+9569,镩,167',钅,167'.12
U+956A,镪,167',钅,167'.12
U+956B,镫,167',钅,167'.12
U+956C,镬,167',钅,167'.13
U+956D,镭,167',钅,167'.13
U+956E,镮,167',钅,167'.13
U+956F,镯,167',钅,167'.13
U+9570,镰,167',钅,167'.13
U+9571,镱,167',钅,167'.13
U+9572,镲,167',钅,167'.14
U+9573,镳,167',钅,167'.15
U+9574,镴,167',钅,167'.15
U+9575,镵,167',钅,167'.17
U+9576,镶,167',钅,167'.17
U+9577,長,168,長,168.0
U+9578,镸,168,長,168.0
U+9579,镹,168,長,168.3
U+957A,镺,168,長,168.4
U+957B,镻,168,長,168.5
U+957C,镼,168,長,168.8
U+957D,镽,168,長,168.12
U+957E,镾,168,長,168.14
U+957F,长,168',长,168'.0
U+9580,門,169,門,169.0
U+9581,閁,169,門,169.1
U+9582,閂,169,門,169.1
U+9583,閃,169,門,169.2
U+9584,閄,169,門,169.2
U+9585,閅,169,門,169.2
U+9586,閆,169,門,169.3
U+9587,閇,169,門,169.3
U+9588,閈,169,門,169.3
U+9589,閉,169,門,169.3
U+958A,閊,169,門,169.3
U+958B,開,169,門,169.4
U+958C,閌,169,門,169.4
U+958D,閍,169,門,169.4
U+958E,閎,169,門,169.4
U+958F,閏,169,門,169.4
U+9590,閐,169,門,169.4
U+9591,閑,169,門,169.4
U+9592,閒,169,門,169.4
U+9593,間,169,門,169.4
U+9594,閔,169,門,169.4
U+9595,閕,169,門,169.4
U+9596,閖,169,門,169.4
U+9597,閗,169,門,169.4
U+9598,閘,169,門,169.5
U+9599,閙,169,門,169.5
U+959A,閚,169,門,169.5
U+959B,閛,169,門,169.5
U+959C,閜,169,門,169.5
U+959D,閝,169,門,169.5
U+959E,閞,169,門,169.5
U+959F,閟,169,門,169.5
U+95A0,閠,169,門,169.5
U+95A1,閡,169,門,169.6
U+95A2,関,169,門,169.6
U+95A3,閣,169,門,169.6
U+95A4,閤,169,門,169.6
U+95A5,閥,169,門,169.6
U+95A6,閦,169,門,169.6
U+95A7,閧,169,門,169.6
U+95A8,閨,169,門,169.6
U+95A9,閩,169,門,169.6
U+95AA,閪,169,門,169.6
U+95AB,閫,169,門,169.7
U+95AC,閬,169,門,169.7
U+95AD,閭,169,門,169.7
U+95AE,閮,169,門,169.7
U+95AF,閯,169,門,169.7
U+95B0,閰,169,門,169.7
U+95B1,閱,169,門,169.7
U+95B2,閲,169,門,169.7
U+95B3,閳,169,門,169.7
U+95B4,閴,169,門,169.7
U+95B5,閵,169,門,169.8
U+95B6,閶,169,門,169.8
U+95B7,閷,169,門,169.9
U+95B8,閸,169,門,169.8
U+95B9,閹,169,門,169.8
U+95BA,閺,169,門,169.8
U+95BB,閻,169,門,169.8
U+95BC,閼,169,門,169.8
U+95BD,閽,169,門,169.8
U+95BE,閾,169,門,169.8
U+95BF,閿,169,門,169.8
U+95C0,闀,169,門,169.8
U+95C1,闁,169,門,169.8
U+95C2,闂,169,門,169.8
U+95C3,闃,169,門,169.9
U+95C4,闄,169,門,169.9
U+95C5,闅,169,門,169.9
U+95C6,闆,169,門,169.9
U+95C7,闇,169,門,169.9
U+95C8,闈,169,門,169.9
U+95C9,闉,169,門,169.9
U+95CA,闊,169,門,169.9
U+95CB,闋,169,門,169.9
U+95CC,闌,169,門,169.9
U+95CD,闍,169,門,169.9
U+95CE,闎,169,門,169.9
U+95CF,闏,169,門,169.9
U+95D0,闐,169,門,169.10
U+95D1,闑,169,門,169.10
U+95D2,闒,169,門,169.10
U+95D3,闓,169,門,169.10
U+95D4,闔,169,門,169.10
U+95D5,闕,169,門,169.10
U+95D6,闖,169,門,169.10
U+95D7,闗,169,門,169.10
U+95D8,闘,169,門,169.10
U+95D9,闙,169,門,169.11
U+95DA,闚,169,門,169.11
U+95DB,闛,169,門,169.11
U+95DC,關,169,門,169.11
U+95DD,闝,169,門,169.11
U+95DE,闞,169,門,169.12
U+95DF,闟,169,門,169.12
U+95E0,闠,169,門,169.12
U+95E1,闡,169,門,169.12
U+95E2,闢,169,門,169.13
U+95E3,闣,169,門,169.13
U+95E4,闤,169,門,169.13
U+95E5,闥,169,門,169.13
U+95E6,闦,169,門,169.13
U+95E7,闧,169,門,169.14
U+95E8,门,169',门,169'.0
U+95E9,闩,169',门,169'.1
U+95EA,闪,169',门,169'.2
U+95EB,闫,169',门,169'.3
U+95EC,闬,169',门,169'.3
U+95ED,闭,169',门,169'.3
U+95EE,问,169',门,169'.3
U+95EF,闯,169',门,169'.3
U+95F0,闰,169',门,169'.4
U+95F1,闱,169',门,169'.4
U+95F2,闲,169',门,169'.4
U+95F3,闳,169',门,169'.4
U+95F4,间,169',门,169'.4
U+95F5,闵,169',门,169'.4
U+95F6,闶,169',门,169'.4
U+95F7,闷,169',门,169'.4
U+95F8,闸,169',门,169'.5
U+95F9,闹,169',门,169'.5
U+95FA,闺,169',门,169'.6
U+95FB,闻,169',门,169'.6
U+95FC,闼,169',门,169'.6
U+95FD,闽,169',门,169'.6
U+95FE,闾,169',门,169'.6
U+95FF,闿,169',门,169'.6
U+9600,阀,169',门,169'.6
U+9601,阁,169',门,169'.6
U+9602,阂,169',门,169'.6
U+9603,阃,169',门,169'.7
U+9604,阄,169',门,169'.7
U+9605,阅,169',门,169'.7
U+9606,阆,169',门,169'.7
U+9607,阇,169',门,169'.8
U+9608,阈,169',门,169'.8
U+9609,阉,169',门,169'.8
U+960A,阊,169',门,169'.8
U+960B,阋,169',门,169'.8
U+960C,阌,169',门,169'.8
U+960D,阍,169',门,169'.8
U+960E,阎,169',门,169'.8
U+960F,阏,169',门,169'.8
U+9610,阐,169',门,169'.8
U+9611,阑,169',门,169'.9
U+9612,阒,169',门,169'.9
U+9613,阓,169',门,169'.9
U+9614,阔,169',门,169'.9
U+9615,阕,169',门,169'.9
U+9616,阖,169',门,169'.10
U+9617,阗,169',门,169'.10
U+9618,阘,169',门,169'.10
U+9619,阙,169',门,169'.10
U+961A,阚,169',门,169'.11
U+961B,阛,169',门,169'.13
U+961C,阜,170,阜,170.0
U+961D,阝,170,阜,170.0
U+961E,阞,170,阜,170.2
U+961F,队,170,阜,170.2
U+9620,阠,170,阜,170.3
U+9621,阡,170,阜,170.3
U+9622,阢,170,阜,170.3
U+9623,阣,170,阜,170.3
U+9624,阤,170,阜,170.3
U+9625,阥,170,阜,170.4
U+9626,阦,170,阜,170.4
U+9627,阧,170,阜,170.4
U+9628,阨,170,阜,170.4
U+9629,阩,170,阜,170.4
U+962A,阪,170,阜,170.4
U+962B,阫,170,阜,170.4
U+962C,阬,170,阜,170.4
U+962D,阭,170,阜,170.4
U+962E,阮,170,阜,170.4
U+962F,阯,170,阜,170.4
U+9630,阰,170,阜,170.4
U+9631,阱,170,阜,170.4
U+9632,防,170,阜,170.4
U+9633,阳,170,阜,170.4
U+9634,阴,170,阜,170.4
U+9635,阵,170,阜,170.4
U+9636,阶,170,阜,170.4
U+9637,阷,170,阜,170.5
U+9638,阸,170,阜,170.5
U+9639,阹,170,阜,170.5
U+963A,阺,170,阜,170.5
U+963B,阻,170,阜,170.5
U+963C,阼,170,阜,170.5
U+963D,阽,170,阜,170.5
U+963E,阾,170,阜,170.5
U+963F,阿,170,阜,170.5
U+9640,陀,170,阜,170.5
U+9641,陁,170,阜,170.5
U+9642,陂,170,阜,170.5
U+9643,陃,170,阜,170.5
U+9644,附,170,阜,170.5
U+9645,际,170,阜,170.5
U+9646,陆,170,阜,170.5
U+9647,陇,170,阜,170.5
U+9648,陈,170,阜,170.5
U+9649,陉,170,阜,170.5
U+964A,陊,170,阜,170.6
U+964B,陋,170,阜,170.6
U+964C,陌,170,阜,170.6
U+964D,降,170,阜,170.6
U+964E,陎,170,阜,170.6
U+964F,陏,170,阜,170.6
U+9650,限,170,阜,170.6
U+9651,陑,170,阜,170.6
U+9652,陒,170,阜,170.6
U+9653,陓,170,阜,170.6
U+9654,陔,170,阜,170.6
U+9655,陕,170,阜,170.6
U+9656,陖,170,阜,170.7
U+9657,陗,170,阜,170.7
U+9658,陘,170,阜,170.7
U+9659,陙,170,阜,170.7
U+965A,陚,170,阜,170.8
U+965B,陛,170,阜,170.7
U+965C,陜,170,阜,170.7
U+965D,陝,170,阜,170.7
U+965E,陞,170,阜,170.7
U+965F,陟,170,阜,170.7
U+9660,陠,170,阜,170.7
U+9661,陡,170,阜,170.7
U+9662,院,170,阜,170.7
U+9663,陣,170,阜,170.7
U+9664,除,170,阜,170.7
U+9665,陥,170,阜,170.7
U+9666,陦,170,阜,170.7
U+9667,陧,170,阜,170.7
U+9668,陨,170,阜,170.7
U+9669,险,170,阜,170.7
U+966A,陪,170,阜,170.8
U+966B,陫,170,阜,170.8
U+966C,陬,170,阜,170.8
U+966D,陭,170,阜,170.8
U+966E,陮,170,阜,170.8
U+966F,陯,170,阜,170.8
U+9670,陰,170,阜,170.8
U+9671,陱,170,阜,170.8
U+9672,陲,170,阜,170.8
U+9673,陳,170,阜,170.8
U+9674,陴,170,阜,170.8
U+9675,陵,170,阜,170.8
U+9676,陶,170,阜,170.8
U+9677,陷,170,阜,170.8
U+9678,陸,170,阜,170.8
U+9679,陹,170,阜,170.8
U+967A,険,170,阜,170.8
U+967B,陻,170,阜,170.9
U+967C,陼,170,阜,170.9
U+967D,陽,170,阜,170.9
U+967E,陾,170,阜,170.9
U+967F,陿,170,阜,170.9
U+9680,隀,170,阜,170.9
U+9681,隁,170,阜,170.9
U+9682,隂,170,阜,170.9
U+9683,隃,170,阜,170.9
U+9684,隄,170,阜,170.9
U+9685,隅,170,阜,170.9
U+9686,隆,170,阜,170.9
U+9687,隇,170,阜,170.9
U+9688,隈,170,阜,170.9
U+9689,隉,170,阜,170.9
U+968A,隊,170,阜,170.9
U+968B,隋,170,阜,170.9
U+968C,隌,170,阜,170.9
U+968D,隍,170,阜,170.9
U+968E,階,170,阜,170.9
U+968F,随,170,阜,170.10
U+9690,隐,170,阜,170.9
U+9691,隑,170,阜,170.10
U+9692,隒,170,阜,170.10
U+9693,隓,170,阜,170.10
U+9694,隔,170,阜,170.10
U+9695,隕,170,阜,170.10
U+9696,隖,170,阜,170.10
U+9697,隗,170,阜,170.10
U+9698,隘,170,阜,170.10
U+9699,隙,170,阜,170.10
U+969A,隚,170,阜,170.11
U+969B,際,170,阜,170.11
U+969C,障,170,阜,170.11
U+969D,隝,170,阜,170.11
U+969E,隞,170,阜,170.11
U+969F,隟,170,阜,170.11
U+96A0,隠,170,阜,170.11
U+96A1,隡,170,阜,170.11
U+96A2,隢,170,阜,170.12
U+96A3,隣,170,阜,170.12
U+96A4,隤,170,阜,170.12
U+96A5,隥,170,阜,170.12
U+96A6,隦,170,阜,170.13
U+96A7,隧,170,阜,170.13
U+96A8,隨,170,阜,170.13
U+96A9,隩,170,阜,170.13
U+96AA,險,170,阜,170.13
U+96AB,隫,170,阜,170.13
U+96AC,隬,170,阜,170.14
U+96AD,隭,170,阜,170.14
U+96AE,隮,170,阜,170.14
U+96AF,隯,170,阜,170.14
U+96B0,隰,170,阜,170.14
U+96B1,隱,170,阜,170.14
U+96B2,隲,170,阜,170.14
U+96B3,隳,170,阜,170.15
U+96B4,隴,170,阜,170.16
U+96B5,隵,170,阜,170.17
U+96B6,隶,171,隶,171.0
U+96B7,隷,171,隶,171.8
U+96B8,隸,171,隶,171.9
U+96B9,隹,172,隹,172.0
U+96BA,隺,172,隹,172.2
U+96BB,隻,172,隹,172.2
U+96BC,隼,172,隹,172.2
U+96BD,隽,172,隹,172.2
U+96BE,难,172,隹,172.2 29.8
U+96BF,隿,172,隹,172.3
U+96C0,雀,172,隹,172.3
U+96C1,雁,172,隹,172.4
U+96C2,雂,172,隹,172.4
U+96C3,雃,172,隹,172.4
U+96C4,雄,172,隹,172.4
U+96C5,雅,172,隹,172.4
U+96C6,集,172,隹,172.4
U+96C7,雇,172,隹,172.4
U+96C8,雈,172,隹,172.4
U+96C9,雉,172,隹,172.5
U+96CA,雊,172,隹,172.5
U+96CB,雋,172,隹,172.5
U+96CC,雌,172,隹,172.5
U+96CD,雍,172,隹,172.5
U+96CE,雎,172,隹,172.5
U+96CF,雏,172,隹,172.5
U+96D0,雐,172,隹,172.6 141.8
U+96D1,雑,172,隹,172.6
U+96D2,雒,172,隹,172.6
U+96D3,雓,172,隹,172.7
U+96D4,雔,172,隹,172.8
U+96D5,雕,172,隹,172.8
U+96D6,雖,172,隹,172.9
U+96D7,雗,172,隹,172.10
U+96D8,雘,172,隹,172.10
U+96D9,雙,172,隹,172.10
U+96DA,雚,172,隹,172.10
U+96DB,雛,172,隹,172.10
U+96DC,雜,172,隹,172.10
U+96DD,雝,172,隹,172.10
U+96DE,雞,172,隹,172.10
U+96DF,雟,172,隹,172.10
U+96E0,雠,172,隹,172.10
U+96E1,雡,172,隹,172.11
U+96E2,離,172,隹,172.11
U+96E3,難,172,隹,172.11
U+96E4,雤,172,隹,172.13
U+96E5,雥,172,隹,172.16
U+96E6,雦,172,隹,172.16
U+96E7,雧,172,隹,172.20
U+96E8,雨,173,雨,173.0
U+96E9,雩,173,雨,173.3
U+96EA,雪,173,雨,173.3
U+96EB,雫,173,雨,173.3
U+96EC,雬,173,雨,173.4
U+96ED,雭,173,雨,173.4
U+96EE,雮,173,雨,173.4
U+96EF,雯,173,雨,173.4
U+96F0,雰,173,雨,173.4
U+96F1,雱,173,雨,173.4
U+96F2,雲,173,雨,173.4
U+96F3,雳,173,雨,173.4
U+96F4,雴,173,雨,173.5
U+96F5,雵,173,雨,173.5
U+96F6,零,173,雨,173.5
U+96F7,雷,173,雨,173.5
U+96F8,雸,173,雨,173.5
U+96F9,雹,173,雨,173.5
U+96FA,雺,173,雨,173.5
U+96FB,電,173,雨,173.5
U+96FC,雼,173,雨,173.5
U+96FD,雽,173,雨,173.5
U+96FE,雾,173,雨,173.5
U+96FF,雿,173,雨,173.6
U+9700,需,173,雨,173.6
U+9701,霁,173,雨,173.6
U+9702,霂,173,雨,173.7
U+9703,霃,173,雨,173.7
U+9704,霄,173,雨,173.7
U+9705,霅,173,雨,173.7
U+9706,霆,173,雨,173.7
U+9707,震,173,雨,173.7
U+9708,霈,173,雨,173.7
U+9709,霉,173,雨,173.7
U+970A,霊,173,雨,173.7
U+970B,霋,173,雨,173.8
U+970C,霌,173,雨,173.8
U+970D,霍,173,雨,173.8
U+970E,霎,173,雨,173.8
U+970F,霏,173,雨,173.8
U+9710,霐,173,雨,173.8
U+9711,霑,173,雨,173.8
U+9712,霒,173,雨,173.8
U+9713,霓,173,雨,173.8
U+9714,霔,173,雨,173.8
U+9715,霕,173,雨,173.8
U+9716,霖,173,雨,173.8
U+9717,霗,173,雨,173.8
U+9718,霘,173,雨,173.9
U+9719,霙,173,雨,173.9
U+971A,霚,173,雨,173.9
U+971B,霛,173,雨,173.9
U+971C,霜,173,雨,173.9
U+971D,霝,173,雨,173.9
U+971E,霞,173,雨,173.9
U+971F,霟,173,雨,173.9
U+9720,霠,173,雨,173.9
U+9721,霡,173,雨,173.10
U+9722,霢,173,雨,173.10
U+9723,霣,173,雨,173.10
U+9724,霤,173,雨,173.10
U+9725,霥,173,雨,173.10
U+9726,霦,173,雨,173.11
U+9727,霧,173,雨,173.11
U+9728,霨,173,雨,173.11
U+9729,霩,173,雨,173.11
U+972A,霪,173,雨,173.11
U+972B,霫,173,雨,173.11
U+972C,霬,173,雨,173.11
U+972D,霭,173,雨,173.11
U+972E,霮,173,雨,173.12
U+972F,霯,173,雨,173.12
U+9730,霰,173,雨,173.12
U+9731,霱,173,雨,173.12
U+9732,露,173,雨,173.12
U+9733,霳,173,雨,173.12
U+9734,霴,173,雨,173.12
U+9735,霵,173,雨,173.13
U+9736,霶,173,雨,173.13
U+9737,霷,173,雨,173.13
U+9738,霸,173,雨,173.13
U+9739,霹,173,雨,173.13
U+973A,霺,173,雨,173.13
U+973B,霻,173,雨,173.13
U+973C,霼,173,雨,173.14
U+973D,霽,173,雨,173.14
U+973E,霾,173,雨,173.14
U+973F,霿,173,雨,173.14
U+9740,靀,173,雨,173.14
U+9741,靁,173,雨,173.15
U+9742,靂,173,雨,173.16
U+9743,靃,173,雨,173.16
U+9744,靄,173,雨,173.16
U+9745,靅,173,雨,173.16
U+9746,靆,173,雨,173.16
U+9747,靇,173,雨,173.16
U+9748,靈,173,雨,173.16
U+9749,靉,173,雨,173.17
U+974A,靊,173,雨,173.18
U+974B,靋,173,雨,173.19
U+974C,靌,173,雨,173.19
U+974D,靍,173,雨,173.19
U+974E,靎,173,雨,173.19
U+974F,靏,173,雨,173.21
U+9750,靐,173,雨,173.31
U+9751,靑,174,靑,174.0
U+9752,青,174,靑,174.0
U+9753,靓,174,靑,174.4
U+9754,靔,174,靑,174.4
U+9755,靕,174,靑,174.5
U+9756,靖,174,靑,174.5 117.8
U+9757,靗,174,靑,174.6
U+9758,靘,174,靑,174.6
U+9759,静,174,靑,174.6
U+975A,靚,174,靑,174.7
U+975B,靛,174,靑,174.8
U+975C,靜,174,靑,174.8
U+975D,靝,174,靑,174.10
U+975E,非,175,非,175.0
U+975F,靟,175,非,175.4
U+9760,靠,175,非,175.7
U+9761,靡,175,非,175.11
U+9762,面,176,面,176.0
U+9763,靣,176,面,176.0 30.5
U+9764,靤,176,面,176.5
U+9765,靥,176,面,176.6 27.13
U+9766,靦,176,面,176.7
U+9767,靧,176,面,176.12
U+9768,靨,176,面,176.14
U+9769,革,177,革,177.0
U+976A,靪,177,革,177.2
U+976B,靫,177,革,177.3
U+976C,靬,177,革,177.3
U+976D,靭,177,革,177.3
U+976E,靮,177,革,177.3
U+976F,靯,177,革,177.3
U+9770,靰,177,革,177.3
U+9771,靱,177,革,177.3
U+9772,靲,177,革,177.4
U+9773,靳,177,革,177.4
U+9774,靴,177,革,177.4
U+9775,靵,177,革,177.4
U+9776,靶,177,革,177.4
U+9777,靷,177,革,177.4
U+9778,靸,177,革,177.4
U+9779,靹,177,革,177.4
U+977A,靺,177,革,177.5
U+977B,靻,177,革,177.5
U+977C,靼,177,革,177.5
U+977D,靽,177,革,177.5
U+977E,靾,177,革,177.5
U+977F,靿,177,革,177.5
U+9780,鞀,177,革,177.5
U+9781,鞁,177,革,177.5
U+9782,鞂,177,革,177.5
U+9783,鞃,177,革,177.5
U+9784,鞄,177,革,177.5
U+9785,鞅,177,革,177.5
U+9786,鞆,177,革,177.5
U+9787,鞇,177,革,177.6
U+9788,鞈,177,革,177.6
U+9789,鞉,177,革,177.6
U+978A,鞊,177,革,177.6
U+978B,鞋,177,革,177.6
U+978C,鞌,177,革,177.6
U+978D,鞍,177,革,177.6
U+978E,鞎,177,革,177.6
U+978F,鞏,177,革,177.6
U+9790,鞐,177,革,177.6
U+9791,鞑,177,革,177.6
U+9792,鞒,177,革,177.6
U+9793,鞓,177,革,177.7
U+9794,鞔,177,革,177.7
U+9795,鞕,177,革,177.7
U+9796,鞖,177,革,177.7
U+9797,鞗,177,革,177.7
U+9798,鞘,177,革,177.7
U+9799,鞙,177,革,177.7
U+979A,鞚,177,革,177.8
U+979B,鞛,177,革,177.8
U+979C,鞜,177,革,177.8
U+979D,鞝,177,革,177.8
U+979E,鞞,177,革,177.8
U+979F,鞟,177,革,177.8
U+97A0,鞠,177,革,177.8
U+97A1,鞡,177,革,177.8
U+97A2,鞢,177,革,177.9
U+97A3,鞣,177,革,177.9
U+97A4,鞤,177,革,177.9
U+97A5,鞥,177,革,177.9
U+97A6,鞦,177,革,177.9
U+97A7,鞧,177,革,177.9
U+97A8,鞨,177,革,177.9
U+97A9,鞩,177,革,177.9
U+97AA,鞪,177,革,177.9
U+97AB,鞫,177,革,177.9
U+97AC,鞬,177,革,177.9
U+97AD,鞭,177,革,177.9
U+97AE,鞮,177,革,177.9
U+97AF,鞯,177,革,177.9
U+97B0,鞰,177,革,177.9
U+97B1,鞱,177,革,177.10
U+97B2,鞲,177,革,177.10
U+97B3,鞳,177,革,177.10
U+97B4,鞴,177,革,177.10
U+97B5,鞵,177,革,177.10
U+97B6,鞶,177,革,177.10
U+97B7,鞷,177,革,177.10
U+97B8,鞸,177,革,177.11
U+97B9,鞹,177,革,177.11
U+97BA,鞺,177,革,177.11
U+97BB,鞻,177,革,177.11
U+97BC,鞼,177,革,177.12
U+97BD,鞽,177,革,177.12
U+97BE,鞾,177,革,177.12
U+97BF,鞿,177,革,177.12
U+97C0,韀,177,革,177.13
U+97C1,韁,177,革,177.13
U+97C2,韂,177,革,177.13
U+97C3,韃,177,革,177.13
U+97C4,韄,177,革,177.14
U+97C5,韅,177,革,177.14
U+97C6,韆,177,革,177.15
U+97C7,韇,177,革,177.15
U+97C8,韈,177,革,177.15
U+97C9,韉,177,革,177.17
U+97CA,韊,177,革,177.21
U+97CB,韋,178,韋,178.0
U+97CC,韌,178,韋,178.3
U+97CD,韍,178,韋,178.5
U+97CE,韎,178,韋,178.5
U+97CF,韏,178,韋,178.6
U+97D0,韐,178,韋,178.6
U+97D1,韑,178,韋,178.6
U+97D2,韒,178,韋,178.7
U+97D3,韓,178,韋,178.8
U+97D4,韔,178,韋,178.8
U+97D5,韕,178,韋,178.8
U+97D6,韖,178,韋,178.9
U+97D7,韗,178,韋,178.9
U+97D8,韘,178,韋,178.9
U+97D9,韙,178,韋,178.9
U+97DA,韚,178,韋,178.9
U+97DB,韛,178,韋,178.11
U+97DC,韜,178,韋,178.10
U+97DD,韝,178,韋,178.10
U+97DE,韞,178,韋,178.10
U+97DF,韟,178,韋,178.10
U+97E0,韠,178,韋,178.11
U+97E1,韡,178,韋,178.12
U+97E2,韢,178,韋,178.12
U+97E3,韣,178,韋,178.13
U+97E4,韤,178,韋,178.15
U+97E5,韥,178,韋,178.15
U+97E6,韦,178',韦,178'.0
U+97E7,韧,178',韦,178'.3
U+97E8,韨,178',韦,178'.5
U+97E9,韩,178',韦,178'.8
U+97EA,韪,178',韦,178'.9
U+97EB,韫,178',韦,178'.9
U+97EC,韬,178',韦,178'.10
U+97ED,韭,179,韭,179.0
U+97EE,韮,179,韭,179.4 140.9
U+97EF,韯,179,韭,179.6
U+97F0,韰,179,韭,179.7
U+97F1,韱,179,韭,179.8
U+97F2,韲,179,韭,179.10
U+97F3,音,180,音,180.0
U+97F4,韴,180,音,180.4
U+97F5,韵,180,音,180.4
U+97F6,韶,180,音,180.5
U+97F7,韷,180,音,180.5
U+97F8,韸,180,音,180.7
U+97F9,韹,180,音,180.9
U+97FA,韺,180,音,180.9
U+97FB,韻,180,音,180.10
U+97FC,韼,180,音,180.10
U+97FD,韽,180,音,180.11
U+97FE,韾,180,音,180.11
U+97FF,響,180,音,180.11
U+9800,頀,180,音,180.14
U+9801,頁,181,頁,181.0
U+9802,頂,181,頁,181.2
U+9803,頃,181,頁,181.2
U+9804,頄,181,頁,181.2
U+9805,項,181,頁,181.3
U+9806,順,181,頁,181.3
U+9807,頇,181,頁,181.3
U+9808,須,181,頁,181.3
U+9809,頉,181,頁,181.3
U+980A,頊,181,頁,181.4
U+980B,頋,181,頁,181.4
U+980C,頌,181,頁,181.4
U+980D,頍,181,頁,181.4
U+980E,頎,181,頁,181.4
U+980F,頏,181,頁,181.4
U+9810,預,181,頁,181.4
U+9811,頑,181,頁,181.4
U+9812,頒,181,頁,181.4
U+9813,頓,181,頁,181.4
U+9814,頔,181,頁,181.5
U+9815,頕,181,頁,181.5
U+9816,頖,181,頁,181.5
U+9817,頗,181,頁,181.5
U+9818,領,181,頁,181.5
U+9819,頙,181,頁,181.5
U+981A,頚,181,頁,181.5
U+981B,頛,181,頁,181.6
U+981C,頜,181,頁,181.6
U+981D,頝,181,頁,181.6
U+981E,頞,181,頁,181.6
U+981F,頟,181,頁,181.6
U+9820,頠,181,頁,181.6
U+9821,頡,181,頁,181.6
U+9822,頢,181,頁,181.6
U+9823,頣,181,頁,181.6
U+9824,頤,181,頁,181.7
U+9825,頥,181,頁,181.7
U+9826,頦,181,頁,181.6
U+9827,頧,181,頁,181.6
U+9828,頨,181,頁,181.6
U+9829,頩,181,頁,181.6
U+982A,頪,181,頁,181.6
U+982B,頫,181,頁,181.6
U+982C,頬,181,頁,181.6
U+982D,頭,181,頁,181.7
U+982E,頮,181,頁,181.7
U+982F,頯,181,頁,181.7
U+9830,頰,181,頁,181.7
U+9831,頱,181,頁,181.7
U+9832,頲,181,頁,181.7
U+9833,頳,181,頁,181.7
U+9834,頴,181,頁,181.7 113.11
U+9835,頵,181,頁,181.7
U+9836,頶,181,頁,181.7
U+9837,頷,181,頁,181.7
U+9838,頸,181,頁,181.7
U+9839,頹,181,頁,181.7
U+983A,頺,181,頁,181.7
U+983B,頻,181,頁,181.7
U+983C,頼,181,頁,181.7
U+983D,頽,181,頁,181.7
U+983E,頾,181,頁,181.9
U+983F,頿,181,頁,181.8
U+9840,顀,181,頁,181.8
U+9841,顁,181,頁,181.8
U+9842,顂,181,頁,181.8
U+9843,顃,181,頁,181.8
U+9844,顄,181,頁,181.8
U+9845,顅,181,頁,181.8
U+9846,顆,181,頁,181.8
U+9847,顇,181,頁,181.8
U+9848,顈,181,頁,181.8 120.11
U+9849,顉,181,頁,181.8
U+984A,顊,181,頁,181.8
U+984B,顋,181,頁,181.9
U+984C,題,181,頁,181.9
U+984D,額,181,頁,181.9
U+984E,顎,181,頁,181.9
U+984F,顏,181,頁,181.9
U+9850,顐,181,頁,181.9
U+9851,顑,181,頁,181.9
U+9852,顒,181,頁,181.9
U+9853,顓,181,頁,181.9
U+9854,顔,181,頁,181.9
U+9855,顕,181,頁,181.9
U+9856,顖,181,頁,181.10
U+9857,顗,181,頁,181.10
U+9858,願,181,頁,181.10
U+9859,顙,181,頁,181.10
U+985A,顚,181,頁,181.10
U+985B,顛,181,頁,181.10
U+985C,顜,181,頁,181.10
U+985D,顝,181,頁,181.10
U+985E,類,181,頁,181.10
U+985F,顟,181,頁,181.11
U+9860,顠,181,頁,181.11
U+9861,顡,181,頁,181.11
U+9862,顢,181,頁,181.11
U+9863,顣,181,頁,181.11
U+9864,顤,181,頁,181.12
U+9865,顥,181,頁,181.12
U+9866,顦,181,頁,181.12
U+9867,顧,181,頁,181.12
U+9868,顨,181,頁,181.12
U+9869,顩,181,頁,181.13
U+986A,顪,181,頁,181.13
U+986B,顫,181,頁,181.13
U+986C,顬,181,頁,181.14
U+986D,顭,181,頁,181.14
U+986E,顮,181,頁,181.14
U+986F,顯,181,頁,181.14
U+9870,顰,181,頁,181.15
U+9871,顱,181,頁,181.16
U+9872,顲,181,頁,181.16
U+9873,顳,181,頁,181.18
U+9874,顴,181,頁,181.18
U+9875,页,181',页,181'.0
U+9876,顶,181',页,181'.2
U+9877,顷,181',页,181'.2
U+9878,顸,181',页,181'.3
U+9879,项,181',页,181'.3
U+987A,顺,181',页,181'.3
U+987B,须,181',页,181'.3
U+987C,顼,181',页,181'.4
U+987D,顽,181',页,181'.4
U+987E,顾,181',页,181'.4
U+987F,顿,181',页,181'.4
U+9880,颀,181',页,181'.4
U+9881,颁,181',页,181'.4
U+9882,颂,181',页,181'.4
U+9883,颃,181',页,181'.4
U+9884,预,181',页,181'.4
U+9885,颅,181',页,181'.5
U+9886,领,181',页,181'.5
U+9887,颇,181',页,181'.5
U+9888,颈,181',页,181'.5
U+9889,颉,181',页,181'.6
U+988A,颊,181',页,181'.6
U+988B,颋,181',页,181'.6
U+988C,颌,181',页,181'.6
U+988D,颍,181',页,181'.6
U+988E,颎,181',页,181'.6
U+988F,颏,181',页,181'.6
U+9890,颐,181',页,181'.7
U+9891,频,181',页,181'.7
U+9892,颒,181',页,181'.7
U+9893,颓,181',页,181'.7
U+9894,颔,181',页,181'.7
U+9895,颕,181',页,181'.7
U+9896,颖,181',页,181'.7
U+9897,颗,181',页,181'.8
U+9898,题,181',页,181'.9
U+9899,颙,181',页,181'.9
U+989A,颚,181',页,181'.9
U+989B,颛,181',页,181'.9
U+989C,颜,181',页,181'.9
U+989D,额,181',页,181'.9
U+989E,颞,181',页,181'.10
U+989F,颟,181',页,181'.10
U+98A0,颠,181',页,181'.10
U+98A1,颡,181',页,181'.10
U+98A2,颢,181',页,181'.12
U+98A3,颣,181',页,181'.12
U+98A4,颤,181',页,181'.13
U+98A5,颥,181',页,181'.14
U+98A6,颦,181',页,181'.15
U+98A7,颧,181',页,181'.17
U+98A8,風,182,風,182.0
U+98A9,颩,182,風,182.3
U+98AA,颪,182,風,182.3
U+98AB,颫,182,風,182.4
U+98AC,颬,182,風,182.4
U+98AD,颭,182,風,182.5
U+98AE,颮,182,風,182.5
U+98AF,颯,182,風,182.5
U+98B0,颰,182,風,182.5
U+98B1,颱,182,風,182.5
U+98B2,颲,182,風,182.6
U+98B3,颳,182,風,182.6
U+98B4,颴,182,風,182.7
U+98B5,颵,182,風,182.7
U+98B6,颶,182,風,182.8
U+98B7,颷,182,風,182.8
U+98B8,颸,182,風,182.9
U+98B9,颹,182,風,182.9
U+98BA,颺,182,風,182.9
U+98BB,颻,182,風,182.10
U+98BC,颼,182,風,182.10
U+98BD,颽,182,風,182.10
U+98BE,颾,182,風,182.10
U+98BF,颿,182,風,182.10
U+98C0,飀,182,風,182.10
U+98C1,飁,182,風,182.11
U+98C2,飂,182,風,182.11
U+98C3,飃,182,風,182.11
U+98C4,飄,182,風,182.11
U+98C5,飅,182,風,182.12
U+98C6,飆,182,風,182.12
U+98C7,飇,182,風,182.12
U+98C8,飈,182,風,182.12
U+98C9,飉,182,風,182.12
U+98CA,飊,182,風,182.12
U+98CB,飋,182,風,182.13
U+98CC,飌,182,風,182.18
U+98CD,飍,182,風,182.18
U+98CE,风,182',风,182'.0
U+98CF,飏,182',风,182'.3
U+98D0,飐,182',风,182'.5
U+98D1,飑,182',风,182'.5
U+98D2,飒,182',风,182'.5
U+98D3,飓,182',风,182'.8
U+98D4,飔,182',风,182'.9
U+98D5,飕,182',风,182'.10
U+98D6,飖,182',风,182'.9
U+98D7,飗,182',风,182'.10
U+98D8,飘,182',风,182'.11
U+98D9,飙,182',风,182'.12
U+98DA,飚,182',风,182'.12
U+98DB,飛,183,飛,183.0
U+98DC,飜,183,飛,183.12
U+98DD,飝,183,飛,183.18
U+98DE,飞,183',飞,183'.0
U+98DF,食,184,食,184.0
U+98E0,飠,184,食,184.0
U+98E1,飡,184,食,184.2
U+98E2,飢,184,食,184.2
U+98E3,飣,184,食,184.2
U+98E4,飤,184,食,184.2
U+98E5,飥,184,食,184.3
U+98E6,飦,184,食,184.3
U+98E7,飧,184,食,184.3
U+98E8,飨,184,食,184.3
U+98E9,飩,184,食,184.4
U+98EA,飪,184,食,184.4
U+98EB,飫,184,食,184.4
U+98EC,飬,184,食,184.4
U+98ED,飭,184,食,184.4
U+98EE,飮,184,食,184.4
U+98EF,飯,184,食,184.4
U+98F0,飰,184,食,184.4
U+98F1,飱,184,食,184.4 78.9
U+98F2,飲,184,食,184.4
U+98F3,飳,184,食,184.5
U+98F4,飴,184,食,184.5
U+98F5,飵,184,食,184.5
U+98F6,飶,184,食,184.5
U+98F7,飷,184,食,184.5
U+98F8,飸,184,食,184.5
U+98F9,飹,184,食,184.5
U+98FA,飺,184,食,184.6
U+98FB,飻,184,食,184.5
U+98FC,飼,184,食,184.5
U+98FD,飽,184,食,184.5
U+98FE,飾,184,食,184.5
U+98FF,飿,184,食,184.5
U+9900,餀,184,食,184.6
U+9901,餁,184,食,184.6
U+9902,餂,184,食,184.6
U+9903,餃,184,食,184.6
U+9904,餄,184,食,184.6
U+9905,餅,184,食,184.6
U+9906,餆,184,食,184.6
U+9907,餇,184,食,184.6
U+9908,餈,184,食,184.6
U+9909,餉,184,食,184.6
U+990A,養,184,食,184.6
U+990B,餋,184,食,184.6
U+990C,餌,184,食,184.6
U+990D,餍,184,食,184.6 27.13
U+990E,餎,184,食,184.6
U+990F,餏,184,食,184.6
U+9910,餐,184,食,184.7
U+9911,餑,184,食,184.7
U+9912,餒,184,食,184.7
U+9913,餓,184,食,184.7
U+9914,餔,184,食,184.7
U+9915,餕,184,食,184.7
U+9916,餖,184,食,184.7
U+9917,餗,184,食,184.7
U+9918,餘,184,食,184.7
U+9919,餙,184,食,184.7
U+991A,餚,184,食,184.8
U+991B,餛,184,食,184.8
U+991C,餜,184,食,184.8
U+991D,餝,184,食,184.7
U+991E,餞,184,食,184.8
U+991F,餟,184,食,184.8
U+9920,餠,184,食,184.8
U+9921,餡,184,食,184.8
U+9922,餢,184,食,184.8
U+9923,餣,184,食,184.8
U+9924,餤,184,食,184.8
U+9925,餥,184,食,184.8
U+9926,餦,184,食,184.8
U+9927,餧,184,食,184.8
U+9928,館,184,食,184.8
U+9929,餩,184,食,184.8
U+992A,餪,184,食,184.9
U+992B,餫,184,食,184.9
U+992C,餬,184,食,184.9
U+992D,餭,184,食,184.9
U+992E,餮,184,食,184.9
U+992F,餯,184,食,184.9
U+9930,餰,184,食,184.9
U+9931,餱,184,食,184.9
U+9932,餲,184,食,184.9
U+9933,餳,184,食,184.9
U+9934,餴,184,食,184.9
U+9935,餵,184,食,184.9
U+9936,餶,184,食,184.10
U+9937,餷,184,食,184.9
U+9938,餸,184,食,184.10
U+9939,餹,184,食,184.10
U+993A,餺,184,食,184.10
U+993B,餻,184,食,184.10
U+993C,餼,184,食,184.10
U+993D,餽,184,食,184.10
U+993E,餾,184,食,184.10
U+993F,餿,184,食,184.10
U+9940,饀,184,食,184.10
U+9941,饁,184,食,184.10
U+9942,饂,184,食,184.10
U+9943,饃,184,食,184.11
U+9944,饄,184,食,184.11
U+9945,饅,184,食,184.11
U+9946,饆,184,食,184.11
U+9947,饇,184,食,184.11
U+9948,饈,184,食,184.11
U+9949,饉,184,食,184.11
U+994A,饊,184,食,184.12
U+994B,饋,184,食,184.12
U+994C,饌,184,食,184.12
U+994D,饍,184,食,184.12
U+994E,饎,184,食,184.12
U+994F,饏,184,食,184.12
U+9950,饐,184,食,184.12
U+9951,饑,184,食,184.12
U+9952,饒,184,食,184.12
U+9953,饓,184,食,184.12
U+9954,饔,184,食,184.13
U+9955,饕,184,食,184.13
U+9956,饖,184,食,184.13
U+9957,饗,184,食,184.13
U+9958,饘,184,食,184.13
U+9959,饙,184,食,184.13
U+995A,饚,184,食,184.14
U+995B,饛,184,食,184.14
U+995C,饜,184,食,184.14
U+995D,饝,184,食,184.16
U+995E,饞,184,食,184.17
U+995F,饟,184,食,184.17 187.17
U+9960,饠,184,食,184.19
U+9961,饡,184,食,184.19
U+9962,饢,184,食,184.22
U+9963,饣,184',饣,184'.0
U+9964,饤,184',饣,184'.2
U+9965,饥,184',饣,184'.2
U+9966,饦,184',饣,184'.3
U+9967,饧,184',饣,184'.3
U+9968,饨,184',饣,184'.4
U+9969,饩,184',饣,184'.4
U+996A,饪,184',饣,184'.4
U+996B,饫,184',饣,184'.4
U+996C,饬,184',饣,184'.4
U+996D,饭,184',饣,184'.4
U+996E,饮,184',饣,184'.4
U+996F,饯,184',饣,184'.5
U+9970,饰,184',饣,184'.5
U+9971,饱,184',饣,184'.5
U+9972,饲,184',饣,184'.5
U+9973,饳,184',饣,184'.5
U+9974,饴,184',饣,184'.5
U+9975,饵,184',饣,184'.6
U+9976,饶,184',饣,184'.6
U+9977,饷,184',饣,184'.6
U+9978,饸,184',饣,184'.6
U+9979,饹,184',饣,184'.6
U+997A,饺,184',饣,184'.6
U+997B,饻,184',饣,184'.6
U+997C,饼,184',饣,184'.6
U+997D,饽,184',饣,184'.7
U+997E,饾,184',饣,184'.7
U+997F,饿,184',饣,184'.7
U+9980,馀,184',饣,184'.7
U+9981,馁,184',饣,184'.7
U+9982,馂,184',饣,184'.7
U+9983,馃,184',饣,184'.8
U+9984,馄,184',饣,184'.8
U+9985,馅,184',饣,184'.8
U+9986,馆,184',饣,184'.8
U+9987,馇,184',饣,184'.9
U+9988,馈,184',饣,184'.9
U+9989,馉,184',饣,184'.10
U+998A,馊,184',饣,184'.9
U+998B,馋,184',饣,184'.9
U+998C,馌,184',饣,184'.10
U+998D,馍,184',饣,184'.10
U+998E,馎,184',饣,184'.10
U+998F,馏,184',饣,184'.10
U+9990,馐,184',饣,184'.10
U+9991,馑,184',饣,184'.11
U+9992,馒,184',饣,184'.11
U+9993,馓,184',饣,184'.12
U+9994,馔,184',饣,184'.12
U+9995,馕,184',饣,184'.22
U+9996,首,185,首,185.0
U+9997,馗,185,首,185.2
U+9998,馘,185,首,185.8
U+9999,香,186,香,186.0
U+999A,馚,186,香,186.4
U+999B,馛,186,香,186.5
U+999C,馜,186,香,186.5
U+999D,馝,186,香,186.5
U+999E,馞,186,香,186.7
U+999F,馟,186,香,186.7
U+99A0,馠,186,香,186.7
U+99A1,馡,186,香,186.8
U+99A2,馢,186,香,186.8
U+99A3,馣,186,香,186.8
U+99A4,馤,186,香,186.9
U+99A5,馥,186,香,186.9
U+99A6,馦,186,香,186.10
U+99A7,馧,186,香,186.10
U+99A8,馨,186,香,186.11
U+99A9,馩,186,香,186.12
U+99AA,馪,186,香,186.14
U+99AB,馫,186,香,186.18
U+99AC,馬,187,馬,187.0
U+99AD,馭,187,馬,187.2
U+99AE,馮,187,馬,187.2
U+99AF,馯,187,馬,187.3
U+99B0,馰,187,馬,187.3
U+99B1,馱,187,馬,187.3
U+99B2,馲,187,馬,187.3
U+99B3,馳,187,馬,187.3
U+99B4,馴,187,馬,187.3
U+99B5,馵,187,馬,187.3
U+99B6,馶,187,馬,187.4
U+99B7,馷,187,馬,187.4
U+99B8,馸,187,馬,187.4
U+99B9,馹,187,馬,187.4
U+99BA,馺,187,馬,187.4
U+99BB,馻,187,馬,187.4
U+99BC,馼,187,馬,187.4
U+99BD,馽,187,馬,187.4
U+99BE,馾,187,馬,187.4
U+99BF,馿,187,馬,187.4
U+99C0,駀,187,馬,187.4
U+99C1,駁,187,馬,187.4
U+99C2,駂,187,馬,187.4
U+99C3,駃,187,馬,187.4
U+99C4,駄,187,馬,187.4
U+99C5,駅,187,馬,187.4
U+99C6,駆,187,馬,187.4
U+99C7,駇,187,馬,187.4
U+99C8,駈,187,馬,187.5
U+99C9,駉,187,馬,187.5
U+99CA,駊,187,馬,187.5
U+99CB,駋,187,馬,187.5
U+99CC,駌,187,馬,187.5
U+99CD,駍,187,馬,187.5
U+99CE,駎,187,馬,187.5
U+99CF,駏,187,馬,187.5
U+99D0,駐,187,馬,187.5
U+99D1,駑,187,馬,187.5
U+99D2,駒,187,馬,187.5
U+99D3,駓,187,馬,187.5
U+99D4,駔,187,馬,187.5
U+99D5,駕,187,馬,187.5
U+99D6,駖,187,馬,187.5
U+99D7,駗,187,馬,187.5
U+99D8,駘,187,馬,187.5
U+99D9,駙,187,馬,187.5
U+99DA,駚,187,馬,187.5
U+99DB,駛,187,馬,187.5
U+99DC,駜,187,馬,187.5
U+99DD,駝,187,馬,187.5
U+99DE,駞,187,馬,187.5
U+99DF,駟,187,馬,187.5
U+99E0,駠,187,馬,187.5
U+99E1,駡,187,馬,187.6 30.13
U+99E2,駢,187,馬,187.6
U+99E3,駣,187,馬,187.6
U+99E4,駤,187,馬,187.6
U+99E5,駥,187,馬,187.6
U+99E6,駦,187,馬,187.6
U+99E7,駧,187,馬,187.6
U+99E8,駨,187,馬,187.6
U+99E9,駩,187,馬,187.6
U+99EA,駪,187,馬,187.6
U+99EB,駫,187,馬,187.6
U+99EC,駬,187,馬,187.6
U+99ED,駭,187,馬,187.6
U+99EE,駮,187,馬,187.6
U+99EF,駯,187,馬,187.6
U+99F0,駰,187,馬,187.6
U+99F1,駱,187,馬,187.6
U+99F2,駲,187,馬,187.6
U+99F3,駳,187,馬,187.8
U+99F4,駴,187,馬,187.7
U+99F5,駵,187,馬,187.7
U+99F6,駶,187,馬,187.7
U+99F7,駷,187,馬,187.7
U+99F8,駸,187,馬,187.7
U+99F9,駹,187,馬,187.7
U+99FA,駺,187,馬,187.7
U+99FB,駻,187,馬,187.7
U+99FC,駼,187,馬,187.7
U+99FD,駽,187,馬,187.7
U+99FE,駾,187,馬,187.7
U+99FF,駿,187,馬,187.7
U+9A00,騀,187,馬,187.7
U+9A01,騁,187,馬,187.7
U+9A02,騂,187,馬,187.7
U+9A03,騃,187,馬,187.7
U+9A04,騄,187,馬,187.8
U+9A05,騅,187,馬,187.8
U+9A06,騆,187,馬,187.8
U+9A07,騇,187,馬,187.8
U+9A08,騈,187,馬,187.8
U+9A09,騉,187,馬,187.8
U+9A0A,騊,187,馬,187.8
U+9A0B,騋,187,馬,187.8
U+9A0C,騌,187,馬,187.8
U+9A0D,騍,187,馬,187.8
U+9A0E,騎,187,馬,187.8
U+9A0F,騏,187,馬,187.8
U+9A10,騐,187,馬,187.8
U+9A11,騑,187,馬,187.8
U+9A12,騒,187,馬,187.8
U+9A13,験,187,馬,187.8
U+9A14,騔,187,馬,187.9
U+9A15,騕,187,馬,187.9
U+9A16,騖,187,馬,187.9
U+9A17,騗,187,馬,187.9
U+9A18,騘,187,馬,187.9
U+9A19,騙,187,馬,187.9
U+9A1A,騚,187,馬,187.9
U+9A1B,騛,187,馬,187.9
U+9A1C,騜,187,馬,187.9
U+9A1D,騝,187,馬,187.9
U+9A1E,騞,187,馬,187.9
U+9A1F,騟,187,馬,187.9
U+9A20,騠,187,馬,187.9
U+9A21,騡,187,馬,187.9
U+9A22,騢,187,馬,187.9
U+9A23,騣,187,馬,187.9
U+9A24,騤,187,馬,187.9
U+9A25,騥,187,馬,187.9
U+9A26,騦,187,馬,187.9
U+9A27,騧,187,馬,187.9
U+9A28,騨,187,馬,187.9
U+9A29,騩,187,馬,187.10
U+9A2A,騪,187,馬,187.10
U+9A2B,騫,187,馬,187.10
U+9A2C,騬,187,馬,187.10
U+9A2D,騭,187,馬,187.10
U+9A2E,騮,187,馬,187.10
U+9A2F,騯,187,馬,187.10
U+9A30,騰,187,馬,187.10
U+9A31,騱,187,馬,187.10
U+9A32,騲,187,馬,187.10
U+9A33,騳,187,馬,187.10
U+9A34,騴,187,馬,187.10
U+9A35,騵,187,馬,187.10
U+9A36,騶,187,馬,187.10
U+9A37,騷,187,馬,187.10
U+9A38,騸,187,馬,187.10
U+9A39,騹,187,馬,187.11
U+9A3A,騺,187,馬,187.11
U+9A3B,騻,187,馬,187.11
U+9A3C,騼,187,馬,187.11
U+9A3D,騽,187,馬,187.11
U+9A3E,騾,187,馬,187.11
U+9A3F,騿,187,馬,187.11
U+9A40,驀,187,馬,187.11
U+9A41,驁,187,馬,187.11
U+9A42,驂,187,馬,187.11
U+9A43,驃,187,馬,187.11
U+9A44,驄,187,馬,187.11
U+9A45,驅,187,馬,187.11
U+9A46,驆,187,馬,187.11
U+9A47,驇,187,馬,187.11
U+9A48,驈,187,馬,187.12
U+9A49,驉,187,馬,187.12
U+9A4A,驊,187,馬,187.12
U+9A4B,驋,187,馬,187.12
U+9A4C,驌,187,馬,187.12
U+9A4D,驍,187,馬,187.12
U+9A4E,驎,187,馬,187.12
U+9A4F,驏,187,馬,187.12
U+9A50,驐,187,馬,187.12
U+9A51,驑,187,馬,187.12
U+9A52,驒,187,馬,187.12
U+9A53,驓,187,馬,187.12
U+9A54,驔,187,馬,187.12
U+9A55,驕,187,馬,187.12
U+9A56,驖,187,馬,187.13
U+9A57,驗,187,馬,187.13
U+9A58,驘,187,馬,187.13
U+9A59,驙,187,馬,187.13
U+9A5A,驚,187,馬,187.13
U+9A5B,驛,187,馬,187.13
U+9A5C,驜,187,馬,187.13
U+9A5D,驝,187,馬,187.14
U+9A5E,驞,187,馬,187.14
U+9A5F,驟,187,馬,187.14
U+9A60,驠,187,馬,187.16
U+9A61,驡,187,馬,187.16
U+9A62,驢,187,馬,187.16
U+9A63,驣,187,馬,187.16
U+9A64,驤,187,馬,187.17
U+9A65,驥,187,馬,187.17
U+9A66,驦,187,馬,187.17
U+9A67,驧,187,馬,187.17
U+9A68,驨,187,馬,187.18
U+9A69,驩,187,馬,187.18
U+9A6A,驪,187,馬,187.19
U+9A6B,驫,187,馬,187.20
U+9A6C,马,187',马,187'.0
U+9A6D,驭,187',马,187'.2
U+9A6E,驮,187',马,187'.3
U+9A6F,驯,187',马,187'.3
U+9A70,驰,187',马,187'.3
U+9A71,驱,187',马,187'.4
U+9A72,驲,187',马,187'.4
U+9A73,驳,187',马,187'.4
U+9A74,驴,187',马,187'.4
U+9A75,驵,187',马,187'.5
U+9A76,驶,187',马,187'.5
U+9A77,驷,187',马,187'.5
U+9A78,驸,187',马,187'.5
U+9A79,驹,187',马,187'.5
U+9A7A,驺,187',马,187'.5
U+9A7B,驻,187',马,187'.5
U+9A7C,驼,187',马,187'.5
U+9A7D,驽,187',马,187'.5
U+9A7E,驾,187',马,187'.5
U+9A7F,驿,187',马,187'.5
U+9A80,骀,187',马,187'.5
U+9A81,骁,187',马,187'.6
U+9A82,骂,187',马,187'.6
U+9A83,骃,187',马,187'.6
U+9A84,骄,187',马,187'.6
U+9A85,骅,187',马,187'.6
U+9A86,骆,187',马,187'.6
U+9A87,骇,187',马,187'.6
U+9A88,骈,187',马,187'.6
U+9A89,骉,187',马,187'.6
U+9A8A,骊,187',马,187'.7
U+9A8B,骋,187',马,187'.7
U+9A8C,验,187',马,187'.7
U+9A8D,骍,187',马,187'.7
U+9A8E,骎,187',马,187'.7
U+9A8F,骏,187',马,187'.7
U+9A90,骐,187',马,187'.8
U+9A91,骑,187',马,187'.8
U+9A92,骒,187',马,187'.8
U+9A93,骓,187',马,187'.8
U+9A94,骔,187',马,187'.8
U+9A95,骕,187',马,187'.8
U+9A96,骖,187',马,187'.8
U+9A97,骗,187',马,187'.9
U+9A98,骘,187',马,187'.9
U+9A99,骙,187',马,187'.9
U+9A9A,骚,187',马,187'.9
U+9A9B,骛,187',马,187'.9
U+9A9C,骜,187',马,187'.10
U+9A9D,骝,187',马,187'.10
U+9A9E,骞,187',马,187'.10
U+9A9F,骟,187',马,187'.10
U+9AA0,骠,187',马,187'.11
U+9AA1,骡,187',马,187'.11
U+9AA2,骢,187',马,187'.11
U+9AA3,骣,187',马,187'.12
U+9AA4,骤,187',马,187'.14
U+9AA5,骥,187',马,187'.16
U+9AA6,骦,187',马,187'.17
U+9AA7,骧,187',马,187'.17
U+9AA8,骨,188,骨,188.0
U+9AA9,骩,188,骨,188.2
U+9AAA,骪,188,骨,188.3
U+9AAB,骫,188,骨,188.3
U+9AAC,骬,188,骨,188.3
U+9AAD,骭,188,骨,188.3
U+9AAE,骮,188,骨,188.3
U+9AAF,骯,188,骨,188.4
U+9AB0,骰,188,骨,188.4
U+9AB1,骱,188,骨,188.4
U+9AB2,骲,188,骨,188.5
U+9AB3,骳,188,骨,188.5
U+9AB4,骴,188,骨,188.5
U+9AB5,骵,188,骨,188.5
U+9AB6,骶,188,骨,188.5
U+9AB7,骷,188,骨,188.5
U+9AB8,骸,188,骨,188.6
U+9AB9,骹,188,骨,188.6
U+9ABA,骺,188,骨,188.6
U+9ABB,骻,188,骨,188.6
U+9ABC,骼,188,骨,188.6
U+9ABD,骽,188,骨,188.7
U+9ABE,骾,188,骨,188.7
U+9ABF,骿,188,骨,188.8
U+9AC0,髀,188,骨,188.8
U+9AC1,髁,188,骨,188.8
U+9AC2,髂,188,骨,188.9
U+9AC3,髃,188,骨,188.9
U+9AC4,髄,188,骨,188.9
U+9AC5,髅,188,骨,188.9
U+9AC6,髆,188,骨,188.10
U+9AC7,髇,188,骨,188.10
U+9AC8,髈,188,骨,188.10
U+9AC9,髉,188,骨,188.10
U+9ACA,髊,188,骨,188.10
U+9ACB,髋,188,骨,188.10
U+9ACC,髌,188,骨,188.10
U+9ACD,髍,188,骨,188.11
U+9ACE,髎,188,骨,188.11
U+9ACF,髏,188,骨,188.11
U+9AD0,髐,188,骨,188.12
U+9AD1,髑,188,骨,188.13
U+9AD2,髒,188,骨,188.13
U+9AD3,髓,188,骨,188.13
U+9AD4,體,188,骨,188.13
U+9AD5,髕,188,骨,188.14
U+9AD6,髖,188,骨,188.15
U+9AD7,髗,188,骨,188.16
U+9AD8,高,189,高,189.0
U+9AD9,髙,189,高,189.0
U+9ADA,髚,189,高,189.4
U+9ADB,髛,189,高,189.5
U+9ADC,髜,189,高,189.8
U+9ADD,髝,189,高,189.12
U+9ADE,髞,189,高,189.13
U+9ADF,髟,190,髟,190.0
U+9AE0,髠,190,髟,190.2
U+9AE1,髡,190,髟,190.3
U+9AE2,髢,190,髟,190.3
U+9AE3,髣,190,髟,190.4
U+9AE4,髤,190,髟,190.4
U+9AE5,髥,190,髟,190.4
U+9AE6,髦,190,髟,190.4
U+9AE7,髧,190,髟,190.4
U+9AE8,髨,190,髟,190.4
U+9AE9,髩,190,髟,190.4
U+9AEA,髪,190,髟,190.4
U+9AEB,髫,190,髟,190.5
U+9AEC,髬,190,髟,190.5
U+9AED,髭,190,髟,190.5
U+9AEE,髮,190,髟,190.5
U+9AEF,髯,190,髟,190.5
U+9AF0,髰,190,髟,190.5
U+9AF1,髱,190,髟,190.5
U+9AF2,髲,190,髟,190.5
U+9AF3,髳,190,髟,190.5
U+9AF4,髴,190,髟,190.5
U+9AF5,髵,190,髟,190.6
U+9AF6,髶,190,髟,190.6
U+9AF7,髷,190,髟,190.6
U+9AF8,髸,190,髟,190.6
U+9AF9,髹,190,髟,190.6
U+9AFA,髺,190,髟,190.6
U+9AFB,髻,190,髟,190.6
U+9AFC,髼,190,髟,190.7
U+9AFD,髽,190,髟,190.7
U+9AFE,髾,190,髟,190.7
U+9AFF,髿,190,髟,190.7
U+9B00,鬀,190,髟,190.7
U+9B01,鬁,190,髟,190.7
U+9B02,鬂,190,髟,190.7
U+9B03,鬃,190,髟,190.8
U+9B04,鬄,190,髟,190.8
U+9B05,鬅,190,髟,190.8
U+9B06,鬆,190,髟,190.8
U+9B07,鬇,190,髟,190.6
U+9B08,鬈,190,髟,190.8
U+9B09,鬉,190,髟,190.9
U+9B0A,鬊,190,髟,190.9
U+9B0B,鬋,190,髟,190.9
U+9B0C,鬌,190,髟,190.9
U+9B0D,鬍,190,髟,190.9
U+9B0E,鬎,190,髟,190.9
U+9B0F,鬏,190,髟,190.9
U+9B10,鬐,190,髟,190.10
U+9B11,鬑,190,髟,190.10
U+9B12,鬒,190,髟,190.10
U+9B13,鬓,190,髟,190.10
U+9B14,鬔,190,髟,190.11
U+9B15,鬕,190,髟,190.11
U+9B16,鬖,190,髟,190.11
U+9B17,鬗,190,髟,190.11
U+9B18,鬘,190,髟,190.11
U+9B19,鬙,190,髟,190.12
U+9B1A,鬚,190,髟,190.12
U+9B1B,鬛,190,髟,190.12
U+9B1C,鬜,190,髟,190.12
U+9B1D,鬝,190,髟,190.11
U+9B1E,鬞,190,髟,190.13
U+9B1F,鬟,190,髟,190.13
U+9B20,鬠,190,髟,190.13
U+9B21,鬡,190,髟,190.14
U+9B22,鬢,190,髟,190.14
U+9B23,鬣,190,髟,190.15
U+9B24,鬤,190,髟,190.17
U+9B25,鬥,191,鬥,191.0
U+9B26,鬦,191,鬥,191.4
U+9B27,鬧,191,鬥,191.5
U+9B28,鬨,191,鬥,191.6
U+9B29,鬩,191,鬥,191.8
U+9B2A,鬪,191,鬥,191.10
U+9B2B,鬫,191,鬥,191.12
U+9B2C,鬬,191,鬥,191.14
U+9B2D,鬭,191,鬥,191.14
U+9B2E,鬮,191,鬥,191.17
U+9B2F,鬯,192,鬯,192.0
U+9B30,鬰,192,鬯,192.17
U+9B31,鬱,192,鬯,192.19
U+9B32,鬲,193,鬲,193.0
U+9B33,鬳,193,鬲,193.6
U+9B34,鬴,193,鬲,193.7
U+9B35,鬵,193,鬲,193.8
U+9B36,鬶,193,鬲,193.8
U+9B37,鬷,193,鬲,193.9
U+9B38,鬸,193,鬲,193.10
U+9B39,鬹,193,鬲,193.11
U+9B3A,鬺,193,鬲,193.11
U+9B3B,鬻,193,鬲,193.12
U+9B3C,鬼,194,鬼,194.0
U+9B3D,鬽,194,鬼,194.3
U+9B3E,鬾,194,鬼,194.4
U+9B3F,鬿,194,鬼,194.4
U+9B40,魀,194,鬼,194.4
U+9B41,魁,194,鬼,194.4
U+9B42,魂,194,鬼,194.4
U+9B43,魃,194,鬼,194.5
U+9B44,魄,194,鬼,194.5
U+9B45,魅,194,鬼,194.5
U+9B46,魆,194,鬼,194.5
U+9B47,魇,194,鬼,194.6
U+9B48,魈,194,鬼,194.7
U+9B49,魉,194,鬼,194.7
U+9B4A,魊,194,鬼,194.8
U+9B4B,魋,194,鬼,194.8
U+9B4C,魌,194,鬼,194.8
U+9B4D,魍,194,鬼,194.8
U+9B4E,魎,194,鬼,194.8
U+9B4F,魏,194,鬼,194.8
U+9B50,魐,194,鬼,194.10
U+9B51,魑,194,鬼,194.11
U+9B52,魒,194,鬼,194.11
U+9B53,魓,194,鬼,194.11
U+9B54,魔,194,鬼,194.11
U+9B55,魕,194,鬼,194.12
U+9B56,魖,194,鬼,194.12
U+9B57,魗,194,鬼,194.14
U+9B58,魘,194,鬼,194.14
U+9B59,魙,194,鬼,194.14
U+9B5A,魚,195,魚,195.0
U+9B5B,魛,195,魚,195.2
U+9B5C,魜,195,魚,195.2
U+9B5D,魝,195,魚,195.2
U+9B5E,魞,195,魚,195.2
U+9B5F,魟,195,魚,195.3
U+9B60,魠,195,魚,195.3
U+9B61,魡,195,魚,195.3
U+9B62,魢,195,魚,195.3
U+9B63,魣,195,魚,195.4
U+9B64,魤,195,魚,195.4
U+9B65,魥,195,魚,195.4
U+9B66,魦,195,魚,195.4
U+9B67,魧,195,魚,195.4
U+9B68,魨,195,魚,195.4
U+9B69,魩,195,魚,195.4
U+9B6A,魪,195,魚,195.4
U+9B6B,魫,195,魚,195.4
U+9B6C,魬,195,魚,195.4
U+9B6D,魭,195,魚,195.4
U+9B6E,魮,195,魚,195.4
U+9B6F,魯,195,魚,195.4
U+9B70,魰,195,魚,195.4
U+9B71,魱,195,魚,195.4
U+9B72,魲,195,魚,195.4
U+9B73,魳,195,魚,195.4
U+9B74,魴,195,魚,195.4
U+9B75,魵,195,魚,195.4
U+9B76,魶,195,魚,195.4
U+9B77,魷,195,魚,195.4
U+9B78,魸,195,魚,195.4
U+9B79,魹,195,魚,195.4
U+9B7A,魺,195,魚,195.5
U+9B7B,魻,195,魚,195.5
U+9B7C,魼,195,魚,195.5
U+9B7D,魽,195,魚,195.5
U+9B7E,魾,195,魚,195.5
U+9B7F,魿,195,魚,195.5
U+9B80,鮀,195,魚,195.5
U+9B81,鮁,195,魚,195.5
U+9B82,鮂,195,魚,195.5
U+9B83,鮃,195,魚,195.5
U+9B84,鮄,195,魚,195.5
U+9B85,鮅,195,魚,195.5
U+9B86,鮆,195,魚,195.5
U+9B87,鮇,195,魚,195.5
U+9B88,鮈,195,魚,195.5
U+9B89,鮉,195,魚,195.5
U+9B8A,鮊,195,魚,195.5
U+9B8B,鮋,195,魚,195.5
U+9B8C,鮌,195,魚,195.5
U+9B8D,鮍,195,魚,195.5
U+9B8E,鮎,195,魚,195.5
U+9B8F,鮏,195,魚,195.5
U+9B90,鮐,195,魚,195.5
U+9B91,鮑,195,魚,195.5
U+9B92,鮒,195,魚,195.5
U+9B93,鮓,195,魚,195.5
U+9B94,鮔,195,魚,195.5
U+9B95,鮕,195,魚,195.5
U+9B96,鮖,195,魚,195.5
U+9B97,鮗,195,魚,195.5
U+9B98,鮘,195,魚,195.5
U+9B99,鮙,195,魚,195.6
U+9B9A,鮚,195,魚,195.6
U+9B9B,鮛,195,魚,195.6
U+9B9C,鮜,195,魚,195.6
U+9B9D,鮝,195,魚,195.6
U+9B9E,鮞,195,魚,195.6
U+9B9F,鮟,195,魚,195.6
U+9BA0,鮠,195,魚,195.6
U+9BA1,鮡,195,魚,195.6
U+9BA2,鮢,195,魚,195.6
U+9BA3,鮣,195,魚,195.5
U+9BA4,鮤,195,魚,195.6
U+9BA5,鮥,195,魚,195.6
U+9BA6,鮦,195,魚,195.6
U+9BA7,鮧,195,魚,195.6
U+9BA8,鮨,195,魚,195.6
U+9BA9,鮩,195,魚,195.6
U+9BAA,鮪,195,魚,195.6
U+9BAB,鮫,195,魚,195.6
U+9BAC,鮬,195,魚,195.6
U+9BAD,鮭,195,魚,195.6
U+9BAE,鮮,195,魚,195.6
U+9BAF,鮯,195,魚,195.6
U+9BB0,鮰,195,魚,195.6
U+9BB1,鮱,195,魚,195.6
U+9BB2,鮲,195,魚,195.6
U+9BB3,鮳,195,魚,195.6
U+9BB4,鮴,195,魚,195.6
U+9BB5,鮵,195,魚,195.7
U+9BB6,鮶,195,魚,195.7
U+9BB7,鮷,195,魚,195.7
U+9BB8,鮸,195,魚,195.7
U+9BB9,鮹,195,魚,195.7
U+9BBA,鮺,195,魚,195.6
U+9BBB,鮻,195,魚,195.7
U+9BBC,鮼,195,魚,195.7
U+9BBD,鮽,195,魚,195.7
U+9BBE,鮾,195,魚,195.7
U+9BBF,鮿,195,魚,195.7
U+9BC0,鯀,195,魚,195.7
U+9BC1,鯁,195,魚,195.7
U+9BC2,鯂,195,魚,195.7
U+9BC3,鯃,195,魚,195.7
U+9BC4,鯄,195,魚,195.7
U+9BC5,鯅,195,魚,195.7
U+9BC6,鯆,195,魚,195.7
U+9BC7,鯇,195,魚,195.7
U+9BC8,鯈,195,魚,195.7
U+9BC9,鯉,195,魚,195.7
U+9BCA,鯊,195,魚,195.7
U+9BCB,鯋,195,魚,195.7
U+9BCC,鯌,195,魚,195.7
U+9BCD,鯍,195,魚,195.7
U+9BCE,鯎,195,魚,195.7
U+9BCF,鯏,195,魚,195.7
U+9BD0,鯐,195,魚,195.7
U+9BD1,鯑,195,魚,195.7
U+9BD2,鯒,195,魚,195.7
U+9BD3,鯓,195,魚,195.7
U+9BD4,鯔,195,魚,195.8
U+9BD5,鯕,195,魚,195.8
U+9BD6,鯖,195,魚,195.8
U+9BD7,鯗,195,魚,195.8
U+9BD8,鯘,195,魚,195.8
U+9BD9,鯙,195,魚,195.8
U+9BDA,鯚,195,魚,195.8
U+9BDB,鯛,195,魚,195.8
U+9BDC,鯜,195,魚,195.8
U+9BDD,鯝,195,魚,195.8
U+9BDE,鯞,195,魚,195.8
U+9BDF,鯟,195,魚,195.8
U+9BE0,鯠,195,魚,195.8
U+9BE1,鯡,195,魚,195.8
U+9BE2,鯢,195,魚,195.8
U+9BE3,鯣,195,魚,195.8
U+9BE4,鯤,195,魚,195.8
U+9BE5,鯥,195,魚,195.8
U+9BE6,鯦,195,魚,195.8
U+9BE7,鯧,195,魚,195.8
U+9BE8,鯨,195,魚,195.8
U+9BE9,鯩,195,魚,195.8
U+9BEA,鯪,195,魚,195.8
U+9BEB,鯫,195,魚,195.8
U+9BEC,鯬,195,魚,195.8
U+9BED,鯭,195,魚,195.8
U+9BEE,鯮,195,魚,195.8
U+9BEF,鯯,195,魚,195.8
U+9BF0,鯰,195,魚,195.8
U+9BF1,鯱,195,魚,195.8
U+9BF2,鯲,195,魚,195.8
U+9BF3,鯳,195,魚,195.8
U+9BF4,鯴,195,魚,195.8
U+9BF5,鯵,195,魚,195.8
U+9BF6,鯶,195,魚,195.9
U+9BF7,鯷,195,魚,195.9
U+9BF8,鯸,195,魚,195.9
U+9BF9,鯹,195,魚,195.9
U+9BFA,鯺,195,魚,195.9
U+9BFB,鯻,195,魚,195.8
U+9BFC,鯼,195,魚,195.9
U+9BFD,鯽,195,魚,195.7
U+9BFE,鯾,195,魚,195.9
U+9BFF,鯿,195,魚,195.9
U+9C00,鰀,195,魚,195.9
U+9C01,鰁,195,魚,195.9
U+9C02,鰂,195,魚,195.9
U+9C03,鰃,195,魚,195.9
U+9C04,鰄,195,魚,195.9
U+9C05,鰅,195,魚,195.9
U+9C06,鰆,195,魚,195.9
U+9C07,鰇,195,魚,195.9
U+9C08,鰈,195,魚,195.9
U+9C09,鰉,195,魚,195.9
U+9C0A,鰊,195,魚,195.9
U+9C0B,鰋,195,魚,195.9
U+9C0C,鰌,195,魚,195.9
U+9C0D,鰍,195,魚,195.9
U+9C0E,鰎,195,魚,195.9
U+9C0F,鰏,195,魚,195.9
U+9C10,鰐,195,魚,195.9
U+9C11,鰑,195,魚,195.9
U+9C12,鰒,195,魚,195.9
U+9C13,鰓,195,魚,195.9
U+9C14,鰔,195,魚,195.9
U+9C15,鰕,195,魚,195.9
U+9C16,鰖,195,魚,195.9
U+9C17,鰗,195,魚,195.9
U+9C18,鰘,195,魚,195.9
U+9C19,鰙,195,魚,195.9
U+9C1A,鰚,195,魚,195.9
U+9C1B,鰛,195,魚,195.9
U+9C1C,鰜,195,魚,195.10
U+9C1D,鰝,195,魚,195.10
U+9C1E,鰞,195,魚,195.10
U+9C1F,鰟,195,魚,195.10
U+9C20,鰠,195,魚,195.9
U+9C21,鰡,195,魚,195.10
U+9C22,鰢,195,魚,195.10
U+9C23,鰣,195,魚,195.10
U+9C24,鰤,195,魚,195.10
U+9C25,鰥,195,魚,195.10
U+9C26,鰦,195,魚,195.10
U+9C27,鰧,195,魚,195.10
U+9C28,鰨,195,魚,195.10
U+9C29,鰩,195,魚,195.10
U+9C2A,鰪,195,魚,195.10
U+9C2B,鰫,195,魚,195.10
U+9C2C,鰬,195,魚,195.10
U+9C2D,鰭,195,魚,195.10
U+9C2E,鰮,195,魚,195.10
U+9C2F,鰯,195,魚,195.10
U+9C30,鰰,195,魚,195.10
U+9C31,鰱,195,魚,195.11
U+9C32,鰲,195,魚,195.11
U+9C33,鰳,195,魚,195.11
U+9C34,鰴,195,魚,195.11
U+9C35,鰵,195,魚,195.11
U+9C36,鰶,195,魚,195.11
U+9C37,鰷,195,魚,195.11
U+9C38,鰸,195,魚,195.11
U+9C39,鰹,195,魚,195.11
U+9C3A,鰺,195,魚,195.11
U+9C3B,鰻,195,魚,195.11
U+9C3C,鰼,195,魚,195.11
U+9C3D,鰽,195,魚,195.11
U+9C3E,鰾,195,魚,195.11
U+9C3F,鰿,195,魚,195.11
U+9C40,鱀,195,魚,195.11
U+9C41,鱁,195,魚,195.11
U+9C42,鱂,195,魚,195.11
U+9C43,鱃,195,魚,195.11
U+9C44,鱄,195,魚,195.11
U+9C45,鱅,195,魚,195.11
U+9C46,鱆,195,魚,195.11
U+9C47,鱇,195,魚,195.11
U+9C48,鱈,195,魚,195.11
U+9C49,鱉,195,魚,195.12
U+9C4A,鱊,195,魚,195.12
U+9C4B,鱋,195,魚,195.12
U+9C4C,鱌,195,魚,195.12
U+9C4D,鱍,195,魚,195.12
U+9C4E,鱎,195,魚,195.12
U+9C4F,鱏,195,魚,195.12
U+9C50,鱐,195,魚,195.12
U+9C51,鱑,195,魚,195.12
U+9C52,鱒,195,魚,195.12
U+9C53,鱓,195,魚,195.12
U+9C54,鱔,195,魚,195.12
U+9C55,鱕,195,魚,195.12
U+9C56,鱖,195,魚,195.12
U+9C57,鱗,195,魚,195.12
U+9C58,鱘,195,魚,195.12
U+9C59,鱙,195,魚,195.12
U+9C5A,鱚,195,魚,195.12
U+9C5B,鱛,195,魚,195.12
U+9C5C,鱜,195,魚,195.13
U+9C5D,鱝,195,魚,195.13
U+9C5E,鱞,195,魚,195.13
U+9C5F,鱟,195,魚,195.13
U+9C60,鱠,195,魚,195.13
U+9C61,鱡,195,魚,195.13
U+9C62,鱢,195,魚,195.13
U+9C63,鱣,195,魚,195.13
U+9C64,鱤,195,魚,195.13
U+9C65,鱥,195,魚,195.13
U+9C66,鱦,195,魚,195.13
U+9C67,鱧,195,魚,195.13
U+9C68,鱨,195,魚,195.14
U+9C69,鱩,195,魚,195.13
U+9C6A,鱪,195,魚,195.13
U+9C6B,鱫,195,魚,195.13
U+9C6C,鱬,195,魚,195.14
U+9C6D,鱭,195,魚,195.14
U+9C6E,鱮,195,魚,195.14
U+9C6F,鱯,195,魚,195.14
U+9C70,鱰,195,魚,195.14
U+9C71,鱱,195,魚,195.15
U+9C72,鱲,195,魚,195.15
U+9C73,鱳,195,魚,195.15
U+9C74,鱴,195,魚,195.15
U+9C75,鱵,195,魚,195.15
U+9C76,鱶,195,魚,195.15
U+9C77,鱷,195,魚,195.16
U+9C78,鱸,195,魚,195.16
U+9C79,鱹,195,魚,195.18
U+9C7A,鱺,195,魚,195.19
U+9C7B,鱻,195,魚,195.22
U+9C7C,鱼,195',鱼,195'.0
U+9C7D,鱽,195',鱼,195'.2
U+9C7E,鱾,195',鱼,195'.3
U+9C7F,鱿,195',鱼,195'.4
U+9C80,鲀,195',鱼,195'.4
U+9C81,鲁,195',鱼,195'.4
U+9C82,鲂,195',鱼,195'.4
U+9C83,鲃,195',鱼,195'.4
U+9C84,鲄,195',鱼,195'.5
U+9C85,鲅,195',鱼,195'.5
U+9C86,鲆,195',鱼,195'.5
U+9C87,鲇,195',鱼,195'.5
U+9C88,鲈,195',鱼,195'.5
U+9C89,鲉,195',鱼,195'.5
U+9C8A,鲊,195',鱼,195'.5
U+9C8B,鲋,195',鱼,195'.5
U+9C8C,鲌,195',鱼,195'.5
U+9C8D,鲍,195',鱼,195'.5
U+9C8E,鲎,195',鱼,195'.5
U+9C8F,鲏,195',鱼,195'.5
U+9C90,鲐,195',鱼,195'.5
U+9C91,鲑,195',鱼,195'.6
U+9C92,鲒,195',鱼,195'.6
U+9C93,鲓,195',鱼,195'.6
U+9C94,鲔,195',鱼,195'.6
U+9C95,鲕,195',鱼,195'.6
U+9C96,鲖,195',鱼,195'.6
U+9C97,鲗,195',鱼,195'.6
U+9C98,鲘,195',鱼,195'.6
U+9C99,鲙,195',鱼,195'.6
U+9C9A,鲚,195',鱼,195'.6
U+9C9B,鲛,195',鱼,195'.6
U+9C9C,鲜,195',鱼,195'.6
U+9C9D,鲝,195',鱼,195'.6
U+9C9E,鲞,195',鱼,195'.6
U+9C9F,鲟,195',鱼,195'.6
U+9CA0,鲠,195',鱼,195'.7
U+9CA1,鲡,195',鱼,195'.7
U+9CA2,鲢,195',鱼,195'.7
U+9CA3,鲣,195',鱼,195'.7
U+9CA4,鲤,195',鱼,195'.7
U+9CA5,鲥,195',鱼,195'.7
U+9CA6,鲦,195',鱼,195'.7
U+9CA7,鲧,195',鱼,195'.7
U+9CA8,鲨,195',鱼,195'.7
U+9CA9,鲩,195',鱼,195'.7
U+9CAA,鲪,195',鱼,195'.7
U+9CAB,鲫,195',鱼,195'.7
U+9CAC,鲬,195',鱼,195'.7
U+9CAD,鲭,195',鱼,195'.8
U+9CAE,鲮,195',鱼,195'.8
U+9CAF,鲯,195',鱼,195'.8
U+9CB0,鲰,195',鱼,195'.8
U+9CB1,鲱,195',鱼,195'.8
U+9CB2,鲲,195',鱼,195'.8
U+9CB3,鲳,195',鱼,195'.8
U+9CB4,鲴,195',鱼,195'.8
U+9CB5,鲵,195',鱼,195'.8
U+9CB6,鲶,195',鱼,195'.8
U+9CB7,鲷,195',鱼,195'.8
U+9CB8,鲸,195',鱼,195'.8
U+9CB9,鲹,195',鱼,195'.8
U+9CBA,鲺,195',鱼,195'.8
U+9CBB,鲻,195',鱼,195'.8
U+9CBC,鲼,195',鱼,195'.9
U+9CBD,鲽,195',鱼,195'.9
U+9CBE,鲾,195',鱼,195'.10
U+9CBF,鲿,195',鱼,195'.9
U+9CC0,鳀,195',鱼,195'.9
U+9CC1,鳁,195',鱼,195'.9
U+9CC2,鳂,195',鱼,195'.9
U+9CC3,鳃,195',鱼,195'.9
U+9CC4,鳄,195',鱼,195'.9
U+9CC5,鳅,195',鱼,195'.9
U+9CC6,鳆,195',鱼,195'.9
U+9CC7,鳇,195',鱼,195'.9
U+9CC8,鳈,195',鱼,195'.9
U+9CC9,鳉,195',鱼,195'.9
U+9CCA,鳊,195',鱼,195'.9
U+9CCB,鳋,195',鱼,195'.9
U+9CCC,鳌,195',鱼,195'.10
U+9CCD,鳍,195',鱼,195'.10
U+9CCE,鳎,195',鱼,195'.10
U+9CCF,鳏,195',鱼,195'.10
U+9CD0,鳐,195',鱼,195'.10
U+9CD1,鳑,195',鱼,195'.10
U+9CD2,鳒,195',鱼,195'.10
U+9CD3,鳓,195',鱼,195'.11
U+9CD4,鳔,195',鱼,195'.11
U+9CD5,鳕,195',鱼,195'.11
U+9CD6,鳖,195',鱼,195'.11
U+9CD7,鳗,195',鱼,195'.11
U+9CD8,鳘,195',鱼,195'.11
U+9CD9,鳙,195',鱼,195'.11
U+9CDA,鳚,195',鱼,195'.11
U+9CDB,鳛,195',鱼,195'.11
U+9CDC,鳜,195',鱼,195'.12
U+9CDD,鳝,195',鱼,195'.12
U+9CDE,鳞,195',鱼,195'.12
U+9CDF,鳟,195',鱼,195'.12
U+9CE0,鳠,195',鱼,195'.13
U+9CE1,鳡,195',鱼,195'.13
U+9CE2,鳢,195',鱼,195'.13
U+9CE3,鳣,195',鱼,195'.13
U+9CE4,鳤,195',鱼,195'.14
U+9CE5,鳥,196,鳥,196.0
U+9CE6,鳦,196,鳥,196.1
U+9CE7,鳧,196,鳥,196.2
U+9CE8,鳨,196,鳥,196.2
U+9CE9,鳩,196,鳥,196.2
U+9CEA,鳪,196,鳥,196.2
U+9CEB,鳫,196,鳥,196.2
U+9CEC,鳬,196,鳥,196.2 16.7
U+9CED,鳭,196,鳥,196.2
U+9CEE,鳮,196,鳥,196.2
U+9CEF,鳯,196,鳥,196.2
U+9CF0,鳰,196,鳥,196.2
U+9CF1,鳱,196,鳥,196.3
U+9CF2,鳲,196,鳥,196.3
U+9CF3,鳳,196,鳥,196.3
U+9CF4,鳴,196,鳥,196.3
U+9CF5,鳵,196,鳥,196.3
U+9CF6,鳶,196,鳥,196.3
U+9CF7,鳷,196,鳥,196.4
U+9CF8,鳸,196,鳥,196.4
U+9CF9,鳹,196,鳥,196.4
U+9CFA,鳺,196,鳥,196.4
U+9CFB,鳻,196,鳥,196.4
U+9CFC,鳼,196,鳥,196.4
U+9CFD,鳽,196,鳥,196.4
U+9CFE,鳾,196,鳥,196.4
U+9CFF,鳿,196,鳥,196.4
U+9D00,鴀,196,鳥,196.4
U+9D01,鴁,196,鳥,196.4
U+9D02,鴂,196,鳥,196.4
U+9D03,鴃,196,鳥,196.4
U+9D04,鴄,196,鳥,196.4
U+9D05,鴅,196,鳥,196.4
U+9D06,鴆,196,鳥,196.4
U+9D07,鴇,196,鳥,196.4
U+9D08,鴈,196,鳥,196.4
U+9D09,鴉,196,鳥,196.4
U+9D0A,鴊,196,鳥,196.5
U+9D0B,鴋,196,鳥,196.4
U+9D0C,鴌,196,鳥,196.4
U+9D0D,鴍,196,鳥,196.4
U+9D0E,鴎,196,鳥,196.4
U+9D0F,鴏,196,鳥,196.5
U+9D10,鴐,196,鳥,196.5
U+9D11,鴑,196,鳥,196.5
U+9D12,鴒,196,鳥,196.5
U+9D13,鴓,196,鳥,196.5
U+9D14,鴔,196,鳥,196.5
U+9D15,鴕,196,鳥,196.5
U+9D16,鴖,196,鳥,196.5
U+9D17,鴗,196,鳥,196.5
U+9D18,鴘,196,鳥,196.5
U+9D19,鴙,196,鳥,196.5
U+9D1A,鴚,196,鳥,196.5
U+9D1B,鴛,196,鳥,196.5
U+9D1C,鴜,196,鳥,196.5
U+9D1D,鴝,196,鳥,196.5
U+9D1E,鴞,196,鳥,196.5
U+9D1F,鴟,196,鳥,196.5
U+9D20,鴠,196,鳥,196.5
U+9D21,鴡,196,鳥,196.5
U+9D22,鴢,196,鳥,196.5
U+9D23,鴣,196,鳥,196.5
U+9D24,鴤,196,鳥,196.5
U+9D25,鴥,196,鳥,196.5
U+9D26,鴦,196,鳥,196.5
U+9D27,鴧,196,鳥,196.5
U+9D28,鴨,196,鳥,196.5
U+9D29,鴩,196,鳥,196.5
U+9D2A,鴪,196,鳥,196.5
U+9D2B,鴫,196,鳥,196.5 102.11
U+9D2C,鴬,196,鳥,196.5
U+9D2D,鴭,196,鳥,196.6
U+9D2E,鴮,196,鳥,196.6
U+9D2F,鴯,196,鳥,196.6
U+9D30,鴰,196,鳥,196.6
U+9D31,鴱,196,鳥,196.6
U+9D32,鴲,196,鳥,196.6
U+9D33,鴳,196,鳥,196.6
U+9D34,鴴,196,鳥,196.6
U+9D35,鴵,196,鳥,196.6
U+9D36,鴶,196,鳥,196.6
U+9D37,鴷,196,鳥,196.6
U+9D38,鴸,196,鳥,196.6
U+9D39,鴹,196,鳥,196.6
U+9D3A,鴺,196,鳥,196.6
U+9D3B,鴻,196,鳥,196.6
U+9D3C,鴼,196,鳥,196.6
U+9D3D,鴽,196,鳥,196.6
U+9D3E,鴾,196,鳥,196.6
U+9D3F,鴿,196,鳥,196.6
U+9D40,鵀,196,鳥,196.6
U+9D41,鵁,196,鳥,196.6
U+9D42,鵂,196,鳥,196.6
U+9D43,鵃,196,鳥,196.6
U+9D44,鵄,196,鳥,196.6
U+9D45,鵅,196,鳥,196.6
U+9D46,鵆,196,鳥,196.6
U+9D47,鵇,196,鳥,196.6
U+9D48,鵈,196,鳥,196.6
U+9D49,鵉,196,鳥,196.6
U+9D4A,鵊,196,鳥,196.7
U+9D4B,鵋,196,鳥,196.7
U+9D4C,鵌,196,鳥,196.7
U+9D4D,鵍,196,鳥,196.7
U+9D4E,鵎,196,鳥,196.7
U+9D4F,鵏,196,鳥,196.7
U+9D50,鵐,196,鳥,196.7
U+9D51,鵑,196,鳥,196.7
U+9D52,鵒,196,鳥,196.7
U+9D53,鵓,196,鳥,196.7
U+9D54,鵔,196,鳥,196.7
U+9D55,鵕,196,鳥,196.7
U+9D56,鵖,196,鳥,196.7
U+9D57,鵗,196,鳥,196.7
U+9D58,鵘,196,鳥,196.7
U+9D59,鵙,196,鳥,196.7
U+9D5A,鵚,196,鳥,196.7
U+9D5B,鵛,196,鳥,196.7
U+9D5C,鵜,196,鳥,196.7
U+9D5D,鵝,196,鳥,196.7
U+9D5E,鵞,196,鳥,196.7
U+9D5F,鵟,196,鳥,196.7
U+9D60,鵠,196,鳥,196.7
U+9D61,鵡,196,鳥,196.7
U+9D62,鵢,196,鳥,196.7
U+9D63,鵣,196,鳥,196.7
U+9D64,鵤,148,角,148.11 196.7
U+9D65,鵥,196,鳥,196.7
U+9D66,鵦,196,鳥,196.8
U+9D67,鵧,196,鳥,196.8
U+9D68,鵨,196,鳥,196.8
U+9D69,鵩,196,鳥,196.8
U+9D6A,鵪,196,鳥,196.8
U+9D6B,鵫,196,鳥,196.8
U+9D6C,鵬,196,鳥,196.8
U+9D6D,鵭,196,鳥,196.8
U+9D6E,鵮,196,鳥,196.8
U+9D6F,鵯,196,鳥,196.8
U+9D70,鵰,196,鳥,196.8
U+9D71,鵱,196,鳥,196.8
U+9D72,鵲,196,鳥,196.8
U+9D73,鵳,196,鳥,196.8
U+9D74,鵴,196,鳥,196.8
U+9D75,鵵,196,鳥,196.8
U+9D76,鵶,196,鳥,196.8
U+9D77,鵷,196,鳥,196.8
U+9D78,鵸,196,鳥,196.8
U+9D79,鵹,196,鳥,196.8
U+9D7A,鵺,196,鳥,196.8
U+9D7B,鵻,196,鳥,196.8
U+9D7C,鵼,196,鳥,196.8
U+9D7D,鵽,196,鳥,196.8
U+9D7E,鵾,196,鳥,196.8
U+9D7F,鵿,196,鳥,196.8
U+9D80,鶀,196,鳥,196.8
U+9D81,鶁,196,鳥,196.8
U+9D82,鶂,196,鳥,196.8
U+9D83,鶃,196,鳥,196.8
U+9D84,鶄,196,鳥,196.8
U+9D85,鶅,196,鳥,196.8
U+9D86,鶆,196,鳥,196.8
U+9D87,鶇,196,鳥,196.8
U+9D88,鶈,196,鳥,196.8
U+9D89,鶉,196,鳥,196.8
U+9D8A,鶊,196,鳥,196.8
U+9D8B,鶋,196,鳥,196.8
U+9D8C,鶌,196,鳥,196.8
U+9D8D,鶍,196,鳥,196.8
U+9D8E,鶎,196,鳥,196.8
U+9D8F,鶏,196,鳥,196.8
U+9D90,鶐,196,鳥,196.9
U+9D91,鶑,196,鳥,196.8
U+9D92,鶒,196,鳥,196.9
U+9D93,鶓,196,鳥,196.9
U+9D94,鶔,196,鳥,196.9
U+9D95,鶕,196,鳥,196.9
U+9D96,鶖,196,鳥,196.9
U+9D97,鶗,196,鳥,196.9
U+9D98,鶘,196,鳥,196.9
U+9D99,鶙,196,鳥,196.9
U+9D9A,鶚,196,鳥,196.9
U+9D9B,鶛,196,鳥,196.9
U+9D9C,鶜,196,鳥,196.9
U+9D9D,鶝,196,鳥,196.9
U+9D9E,鶞,196,鳥,196.9
U+9D9F,鶟,196,鳥,196.9
U+9DA0,鶠,196,鳥,196.9
U+9DA1,鶡,196,鳥,196.9
U+9DA2,鶢,196,鳥,196.9
U+9DA3,鶣,196,鳥,196.9
U+9DA4,鶤,196,鳥,196.9
U+9DA5,鶥,196,鳥,196.9
U+9DA6,鶦,196,鳥,196.9
U+9DA7,鶧,196,鳥,196.9
U+9DA8,鶨,196,鳥,196.9
U+9DA9,鶩,196,鳥,196.9
U+9DAA,鶪,196,鳥,196.9
U+9DAB,鶫,196,鳥,196.9
U+9DAC,鶬,196,鳥,196.10
U+9DAD,鶭,196,鳥,196.10
U+9DAE,鶮,196,鳥,196.10
U+9DAF,鶯,196,鳥,196.10
U+9DB0,鶰,196,鳥,196.10
U+9DB1,鶱,196,鳥,196.10
U+9DB2,鶲,196,鳥,196.10
U+9DB3,鶳,196,鳥,196.10
U+9DB4,鶴,196,鳥,196.10
U+9DB5,鶵,196,鳥,196.10
U+9DB6,鶶,196,鳥,196.10
U+9DB7,鶷,196,鳥,196.10
U+9DB8,鶸,196,鳥,196.10
U+9DB9,鶹,196,鳥,196.10
U+9DBA,鶺,196,鳥,196.10
U+9DBB,鶻,196,鳥,196.10
U+9DBC,鶼,196,鳥,196.10
U+9DBD,鶽,196,鳥,196.10
U+9DBE,鶾,196,鳥,196.10
U+9DBF,鶿,196,鳥,196.10
U+9DC0,鷀,196,鳥,196.10
U+9DC1,鷁,196,鳥,196.10
U+9DC2,鷂,196,鳥,196.10
U+9DC3,鷃,196,鳥,196.10
U+9DC4,鷄,196,鳥,196.10
U+9DC5,鷅,196,鳥,196.10
U+9DC6,鷆,196,鳥,196.10
U+9DC7,鷇,196,鳥,196.10
U+9DC8,鷈,196,鳥,196.10
U+9DC9,鷉,196,鳥,196.10
U+9DCA,鷊,196,鳥,196.10
U+9DCB,鷋,196,鳥,196.11
U+9DCC,鷌,196,鳥,196.10
U+9DCD,鷍,196,鳥,196.10
U+9DCE,鷎,196,鳥,196.10
U+9DCF,鷏,196,鳥,196.10
U+9DD0,鷐,196,鳥,196.11
U+9DD1,鷑,196,鳥,196.11
U+9DD2,鷒,196,鳥,196.11
U+9DD3,鷓,196,鳥,196.11
U+9DD4,鷔,196,鳥,196.11
U+9DD5,鷕,196,鳥,196.11
U+9DD6,鷖,196,鳥,196.11
U+9DD7,鷗,196,鳥,196.11
U+9DD8,鷘,196,鳥,196.11
U+9DD9,鷙,196,鳥,196.11
U+9DDA,鷚,196,鳥,196.11
U+9DDB,鷛,196,鳥,196.11
U+9DDC,鷜,196,鳥,196.11
U+9DDD,鷝,196,鳥,196.11
U+9DDE,鷞,196,鳥,196.11
U+9DDF,鷟,196,鳥,196.11
U+9DE0,鷠,195,魚,195.11 196.11
U+9DE1,鷡,196,鳥,196.12
U+9DE2,鷢,196,鳥,196.12
U+9DE3,鷣,196,鳥,196.12
U+9DE4,鷤,196,鳥,196.12
U+9DE5,鷥,196,鳥,196.12
U+9DE6,鷦,196,鳥,196.12
U+9DE7,鷧,196,鳥,196.12
U+9DE8,鷨,196,鳥,196.12
U+9DE9,鷩,196,鳥,196.12
U+9DEA,鷪,196,鳥,196.12
U+9DEB,鷫,196,鳥,196.12
U+9DEC,鷬,196,鳥,196.12
U+9DED,鷭,196,鳥,196.12
U+9DEE,鷮,196,鳥,196.12
U+9DEF,鷯,196,鳥,196.12
U+9DF0,鷰,196,鳥,196.12
U+9DF1,鷱,196,鳥,196.12
U+9DF2,鷲,196,鳥,196.12
U+9DF3,鷳,196,鳥,196.12
U+9DF4,鷴,196,鳥,196.12
U+9DF5,鷵,196,鳥,196.12
U+9DF6,鷶,196,鳥,196.12
U+9DF7,鷷,196,鳥,196.12
U+9DF8,鷸,196,鳥,196.12
U+9DF9,鷹,196,鳥,196.13
U+9DFA,鷺,196,鳥,196.12
U+9DFB,鷻,196,鳥,196.12
U+9DFC,鷼,196,鳥,196.12
U+9DFD,鷽,196,鳥,196.13
U+9DFE,鷾,196,鳥,196.13
U+9DFF,鷿,196,鳥,196.13
U+9E00,鸀,196,鳥,196.13
U+9E01,鸁,196,鳥,196.13
U+9E02,鸂,196,鳥,196.13
U+9E03,鸃,196,鳥,196.13
U+9E04,鸄,196,鳥,196.13
U+9E05,鸅,196,鳥,196.13
U+9E06,鸆,196,鳥,196.13
U+9E07,鸇,196,鳥,196.13
U+9E08,鸈,196,鳥,196.13
U+9E09,鸉,196,鳥,196.13
U+9E0A,鸊,196,鳥,196.13
U+9E0B,鸋,196,鳥,196.14
U+9E0C,鸌,196,鳥,196.14
U+9E0D,鸍,196,鳥,196.14
U+9E0E,鸎,196,鳥,196.14
U+9E0F,鸏,196,鳥,196.14
U+9E10,鸐,196,鳥,196.14
U+9E11,鸑,196,鳥,196.14
U+9E12,鸒,196,鳥,196.14
U+9E13,鸓,196,鳥,196.15
U+9E14,鸔,196,鳥,196.15
U+9E15,鸕,196,鳥,196.16
U+9E16,鸖,196,鳥,196.16
U+9E17,鸗,196,鳥,196.16
U+9E18,鸘,196,鳥,196.17
U+9E19,鸙,196,鳥,196.17
U+9E1A,鸚,196,鳥,196.17
U+9E1B,鸛,196,鳥,196.18
U+9E1C,鸜,196,鳥,196.18
U+9E1D,鸝,196,鳥,196.19
U+9E1E,鸞,196,鳥,196.19
U+9E1F,鸟,196',鸟,196'.0
U+9E20,鸠,196',鸟,196'.2
U+9E21,鸡,196',鸟,196'.2
U+9E22,鸢,196',鸟,196'.3
U+9E23,鸣,196',鸟,196'.3
U+9E24,鸤,196',鸟,196'.3
U+9E25,鸥,196',鸟,196'.4
U+9E26,鸦,196',鸟,196'.4
U+9E27,鸧,196',鸟,196'.4
U+9E28,鸨,196',鸟,196'.4
U+9E29,鸩,196',鸟,196'.4
U+9E2A,鸪,196',鸟,196'.5
U+9E2B,鸫,196',鸟,196'.5
U+9E2C,鸬,196',鸟,196'.5
U+9E2D,鸭,196',鸟,196'.5
U+9E2E,鸮,196',鸟,196'.5
U+9E2F,鸯,196',鸟,196'.5
U+9E30,鸰,196',鸟,196'.5
U+9E31,鸱,196',鸟,196'.5
U+9E32,鸲,196',鸟,196'.5
U+9E33,鸳,196',鸟,196'.5
U+9E34,鸴,196',鸟,196'.5
U+9E35,鸵,196',鸟,196'.5
U+9E36,鸶,196',鸟,196'.5
U+9E37,鸷,196',鸟,196'.6
U+9E38,鸸,196',鸟,196'.6
U+9E39,鸹,196',鸟,196'.6
U+9E3A,鸺,196',鸟,196'.6
U+9E3B,鸻,196',鸟,196'.6
U+9E3C,鸼,196',鸟,196'.6
U+9E3D,鸽,196',鸟,196'.6
U+9E3E,鸾,196',鸟,196'.6
U+9E3F,鸿,196',鸟,196'.6
U+9E40,鹀,196',鸟,196'.7
U+9E41,鹁,196',鸟,196'.7
U+9E42,鹂,196',鸟,196'.7
U+9E43,鹃,196',鸟,196'.7
U+9E44,鹄,196',鸟,196'.7
U+9E45,鹅,196',鸟,196'.7
U+9E46,鹆,196',鸟,196'.7
U+9E47,鹇,196',鸟,196'.7
U+9E48,鹈,196',鸟,196'.7
U+9E49,鹉,196',鸟,196'.8
U+9E4A,鹊,196',鸟,196'.8
U+9E4B,鹋,196',鸟,196'.8
U+9E4C,鹌,196',鸟,196'.8
U+9E4D,鹍,196',鸟,196'.8
U+9E4E,鹎,196',鸟,196'.8
U+9E4F,鹏,196',鸟,196'.8
U+9E50,鹐,196',鸟,196'.8
U+9E51,鹑,196',鸟,196'.8
U+9E52,鹒,196',鸟,196'.8
U+9E53,鹓,196',鸟,196'.8
U+9E54,鹔,196',鸟,196'.8
U+9E55,鹕,196',鸟,196'.9
U+9E56,鹖,196',鸟,196'.9
U+9E57,鹗,196',鸟,196'.9
U+9E58,鹘,196',鸟,196'.10
U+9E59,鹙,196',鸟,196'.9
U+9E5A,鹚,196',鸟,196'.9
U+9E5B,鹛,196',鸟,196'.9
U+9E5C,鹜,196',鸟,196'.9
U+9E5D,鹝,196',鸟,196'.10
U+9E5E,鹞,196',鸟,196'.10
U+9E5F,鹟,196',鸟,196'.10
U+9E60,鹠,196',鸟,196'.10
U+9E61,鹡,196',鸟,196'.10
U+9E62,鹢,196',鸟,196'.10
U+9E63,鹣,196',鸟,196'.10
U+9E64,鹤,196',鸟,196'.10
U+9E65,鹥,196',鸟,196'.11
U+9E66,鹦,196',鸟,196'.11
U+9E67,鹧,196',鸟,196'.11
U+9E68,鹨,196',鸟,196'.11
U+9E69,鹩,196',鸟,196'.12
U+9E6A,鹪,196',鸟,196'.12
U+9E6B,鹫,196',鸟,196'.12
U+9E6C,鹬,196',鸟,196'.12
U+9E6D,鹭,196',鸟,196'.13
U+9E6E,鹮,196',鸟,196'.13
U+9E6F,鹯,196',鸟,196'.13
U+9E70,鹰,196',鸟,196'.13
U+9E71,鹱,196',鸟,196'.14
U+9E72,鹲,196',鸟,196'.14
U+9E73,鹳,196',鸟,196'.17
U+9E74,鹴,196',鸟,196'.17
U+9E75,鹵,197,鹵,197.0
U+9E76,鹶,197,鹵,197.4
U+9E77,鹷,197,鹵,197.5
U+9E78,鹸,197,鹵,197.8
U+9E79,鹹,197,鹵,197.9
U+9E7A,鹺,197,鹵,197.10
U+9E7B,鹻,197,鹵,197.10
U+9E7C,鹼,197,鹵,197.13
U+9E7D,鹽,197,鹵,197.13
U+9E7E,鹾,197',卤,197'.9
U+9E7F,鹿,198,鹿,198.0
U+9E80,麀,198,鹿,198.2
U+9E81,麁,198,鹿,198.2
U+9E82,麂,198,鹿,198.2
U+9E83,麃,198,鹿,198.4
U+9E84,麄,198,鹿,198.4
U+9E85,麅,198,鹿,198.5
U+9E86,麆,198,鹿,198.5
U+9E87,麇,198,鹿,198.5
U+9E88,麈,198,鹿,198.5
U+9E89,麉,198,鹿,198.6
U+9E8A,麊,198,鹿,198.6
U+9E8B,麋,198,鹿,198.6
U+9E8C,麌,198,鹿,198.7
U+9E8D,麍,198,鹿,198.7
U+9E8E,麎,198,鹿,198.7
U+9E8F,麏,198,鹿,198.7
U+9E90,麐,198,鹿,198.7
U+9E91,麑,198,鹿,198.8
U+9E92,麒,198,鹿,198.8
U+9E93,麓,198,鹿,198.8
U+9E94,麔,198,鹿,198.8
U+9E95,麕,198,鹿,198.8
U+9E96,麖,198,鹿,198.8
U+9E97,麗,198,鹿,198.8
U+9E98,麘,198,鹿,198.9
U+9E99,麙,198,鹿,198.9
U+9E9A,麚,198,鹿,198.9
U+9E9B,麛,198,鹿,198.9
U+9E9C,麜,198,鹿,198.10
U+9E9D,麝,198,鹿,198.10
U+9E9E,麞,198,鹿,198.11
U+9E9F,麟,198,鹿,198.12
U+9EA0,麠,198,鹿,198.13
U+9EA1,麡,198,鹿,198.14
U+9EA2,麢,198,鹿,198.17
U+9EA3,麣,198,鹿,198.20
U+9EA4,麤,198,鹿,198.22
U+9EA5,麥,199,麥,199.0
U+9EA6,麦,199',麦,199'.0
U+9EA7,麧,199,麥,199.3
U+9EA8,麨,199,麥,199.4
U+9EA9,麩,199,麥,199.4
U+9EAA,麪,199,麥,199.4
U+9EAB,麫,199,麥,199.4
U+9EAC,麬,199,麥,199.5
U+9EAD,麭,199,麥,199.5
U+9EAE,麮,199,麥,199.5
U+9EAF,麯,199,麥,199.6
U+9EB0,麰,199,麥,199.6
U+9EB1,麱,199,麥,199.7
U+9EB2,麲,199,麥,199.7
U+9EB3,麳,199,麥,199.8
U+9EB4,麴,199,麥,199.8
U+9EB5,麵,199,麥,199.9
U+9EB6,麶,199,麥,199.11
U+9EB7,麷,199,麥,199.18
U+9EB8,麸,199',麦,199'.4
U+9EB9,麹,199',麦,199'.8
U+9EBA,麺,199',麦,199'.9
U+9EBB,麻,200,麻,200.0
U+9EBC,麼,200,麻,200.3
U+9EBD,麽,200,麻,200.3
U+9EBE,麾,200,麻,200.4
U+9EBF,麿,200,麻,200.7
U+9EC0,黀,200,麻,200.8
U+9EC1,黁,200,麻,200.9
U+9EC2,黂,200,麻,200.13
U+9EC3,黃,201,黃,201.0
U+9EC4,黄,201,黃,201.0 201'.0
U+9EC5,黅,201,黃,201.4
U+9EC6,黆,201,黃,201.4
U+9EC7,黇,201,黃,201.5
U+9EC8,黈,201,黃,201.5
U+9EC9,黉,201,黃,201.5
U+9ECA,黊,201,黃,201.6
U+9ECB,黋,201,黃,201.6
U+9ECC,黌,201,黃,201.13
U+9ECD,黍,202,黍,202.0
U+9ECE,黎,202,黍,202.3
U+9ECF,黏,202,黍,202.5
U+9ED0,黐,202,黍,202.10
U+9ED1,黑,203,黑,203.0
U+9ED2,黒,203,黑,203.0
U+9ED3,黓,203,黑,203.3
U+9ED4,黔,203,黑,203.4
U+9ED5,黕,203,黑,203.4
U+9ED6,黖,203,黑,203.4
U+9ED7,黗,203,黑,203.4
U+9ED8,默,203,黑,203.4
U+9ED9,黙,86,火,86.11 203.4
U+9EDA,黚,203,黑,203.5
U+9EDB,黛,203,黑,203.5
U+9EDC,黜,203,黑,203.5
U+9EDD,黝,203,黑,203.5
U+9EDE,點,203,黑,203.5
U+9EDF,黟,203,黑,203.6
U+9EE0,黠,203,黑,203.6
U+9EE1,黡,203,黑,203.6
U+9EE2,黢,203,黑,203.7
U+9EE3,黣,203,黑,203.7
U+9EE4,黤,203,黑,203.8
U+9EE5,黥,203,黑,203.8
U+9EE6,黦,203,黑,203.8
U+9EE7,黧,203,黑,203.8
U+9EE8,黨,203,黑,203.8
U+9EE9,黩,203,黑,203.8
U+9EEA,黪,203,黑,203.8
U+9EEB,黫,203,黑,203.9
U+9EEC,黬,203,黑,203.9
U+9EED,黭,203,黑,203.9
U+9EEE,黮,203,黑,203.9
U+9EEF,黯,203,黑,203.9 180.12
U+9EF0,黰,203,黑,203.10
U+9EF1,黱,203,黑,203.10
U+9EF2,黲,203,黑,203.11
U+9EF3,黳,203,黑,203.11
U+9EF4,黴,203,黑,203.11
U+9EF5,黵,203,黑,203.13
U+9EF6,黶,203,黑,203.14
U+9EF7,黷,203,黑,203.15
U+9EF8,黸,203,黑,203.16
U+9EF9,黹,204,黹,204.0
U+9EFA,黺,204,黹,204.4
U+9EFB,黻,204,黹,204.5
U+9EFC,黼,204,黹,204.7
U+9EFD,黽,205,黽,205.0
U+9EFE,黾,205',黾,205'.0
U+9EFF,黿,205,黽,205.4
U+9F00,鼀,205,黽,205.5
U+9F01,鼁,205,黽,205.5
U+9F02,鼂,205,黽,205.5
U+9F03,鼃,205,黽,205.6
U+9F04,鼄,205,黽,205.6
U+9F05,鼅,205,黽,205.8
U+9F06,鼆,205,黽,205.10
U+9F07,鼇,205,黽,205.10
U+9F08,鼈,205,黽,205.12
U+9F09,鼉,205,黽,205.12
U+9F0A,鼊,205,黽,205.13
U+9F0B,鼋,205',黾,205'.4
U+9F0C,鼌,205',黾,205'.5
U+9F0D,鼍,205',黾,205'.12
U+9F0E,鼎,206,鼎,206.0
U+9F0F,鼏,206,鼎,206.2
U+9F10,鼐,206,鼎,206.2
U+9F11,鼑,206,鼎,206.2
U+9F12,鼒,206,鼎,206.3
U+9F13,鼓,207,鼓,207.0
U+9F14,鼔,207,鼓,207.0
U+9F15,鼕,207,鼓,207.5
U+9F16,鼖,207,鼓,207.5
U+9F17,鼗,207,鼓,207.6
U+9F18,鼘,207,鼓,207.8
U+9F19,鼙,207,鼓,207.8
U+9F1A,鼚,207,鼓,207.8
U+9F1B,鼛,207,鼓,207.8
U+9F1C,鼜,207,鼓,207.10
U+9F1D,鼝,207,鼓,207.11
U+9F1E,鼞,207,鼓,207.11
U+9F1F,鼟,207,鼓,207.12
U+9F20,鼠,208,鼠,208.0
U+9F21,鼡,208'',鼡,208''.0
U+9F22,鼢,208,鼠,208.4
U+9F23,鼣,208,鼠,208.4
U+9F24,鼤,208,鼠,208.4
U+9F25,鼥,208,鼠,208.5
U+9F26,鼦,208,鼠,208.5
U+9F27,鼧,208,鼠,208.5
U+9F28,鼨,208,鼠,208.5
U+9F29,鼩,208,鼠,208.5
U+9F2A,鼪,208,鼠,208.5
U+9F2B,鼫,208,鼠,208.5
U+9F2C,鼬,208,鼠,208.5
U+9F2D,鼭,208,鼠,208.6
U+9F2E,鼮,208,鼠,208.7
U+9F2F,鼯,208,鼠,208.7
U+9F30,鼰,208,鼠,208.7
U+9F31,鼱,208,鼠,208.8
U+9F32,鼲,208,鼠,208.9
U+9F33,鼳,208,鼠,208.9
U+9F34,鼴,208,鼠,208.9
U+9F35,鼵,208,鼠,208.9
U+9F36,鼶,208,鼠,208.10
U+9F37,鼷,208,鼠,208.10
U+9F38,鼸,208,鼠,208.10
U+9F39,鼹,208,鼠,208.10
U+9F3A,鼺,208,鼠,208.15
U+9F3B,鼻,209,鼻,209.0
U+9F3C,鼼,209,鼻,209.2
U+9F3D,鼽,209,鼻,209.2
U+9F3E,鼾,209,鼻,209.3
U+9F3F,鼿,209,鼻,209.3
U+9F40,齀,209,鼻,209.5
U+9F41,齁,209,鼻,209.5
U+9F42,齂,209,鼻,209.8
U+9F43,齃,209,鼻,209.9
U+9F44,齄,209,鼻,209.9
U+9F45,齅,209,鼻,209.10
U+9F46,齆,209,鼻,209.10
U+9F47,齇,209,鼻,209.11
U+9F48,齈,209,鼻,209.13
U+9F49,齉,209,鼻,209.22
U+9F4A,齊,210,齊,210.0
U+9F4B,齋,210,齊,210.3
U+9F4C,齌,210,齊,210.4
U+9F4D,齍,210,齊,210.5
U+9F4E,齎,210,齊,210.7
U+9F4F,齏,210,齊,210.9
U+9F50,齐,210',齐,210'.0 67.2
U+9F51,齑,210',齐,210'.9
U+9F52,齒,211,齒,211.0
U+9F53,齓,211,齒,211.1
U+9F54,齔,211,齒,211.2
U+9F55,齕,211,齒,211.3
U+9F56,齖,211,齒,211.4
U+9F57,齗,211,齒,211.4
U+9F58,齘,211,齒,211.4
U+9F59,齙,211,齒,211.5
U+9F5A,齚,211,齒,211.5
U+9F5B,齛,211,齒,211.5
U+9F5C,齜,211,齒,211.5
U+9F5D,齝,211,齒,211.5
U+9F5E,齞,211,齒,211.5
U+9F5F,齟,211,齒,211.5
U+9F60,齠,211,齒,211.5
U+9F61,齡,211,齒,211.5
U+9F62,齢,211'',歯,211''.5
U+9F63,齣,211,齒,211.5
U+9F64,齤,211,齒,211.6
U+9F65,齥,211,齒,211.6
U+9F66,齦,211,齒,211.6
U+9F67,齧,211,齒,211.6
U+9F68,齨,211,齒,211.6
U+9F69,齩,211,齒,211.6
U+9F6A,齪,211,齒,211.7
U+9F6B,齫,211,齒,211.7
U+9F6C,齬,211,齒,211.7
U+9F6D,齭,211,齒,211.8
U+9F6E,齮,211,齒,211.8
U+9F6F,齯,211,齒,211.8
U+9F70,齰,211,齒,211.8
U+9F71,齱,211,齒,211.8
U+9F72,齲,211,齒,211.9
U+9F73,齳,211,齒,211.9
U+9F74,齴,211,齒,211.9
U+9F75,齵,211,齒,211.9
U+9F76,齶,211,齒,211.9
U+9F77,齷,211,齒,211.9
U+9F78,齸,211,齒,211.10
U+9F79,齹,211,齒,211.10
U+9F7A,齺,211,齒,211.10
U+9F7B,齻,211,齒,211.10
U+9F7C,齼,211,齒,211.13
U+9F7D,齽,211,齒,211.13
U+9F7E,齾,211,齒,211.20
U+9F7F,齿,211',齿,211'.0
U+9F80,龀,211',齿,211'.2
U+9F81,龁,211',齿,211'.3
U+9F82,龂,211',齿,211'.4
U+9F83,龃,211',齿,211'.5
U+9F84,龄,211',齿,211'.5
U+9F85,龅,211',齿,211'.5
U+9F86,龆,211',齿,211'.5
U+9F87,龇,211',齿,211'.6
U+9F88,龈,211',齿,211'.6
U+9F89,龉,211',齿,211'.7
U+9F8A,龊,211',齿,211'.7
U+9F8B,龋,211',齿,211'.9
U+9F8C,龌,211',齿,211'.9
U+9F8D,龍,212,龍,212.0
U+9F8E,龎,212,龍,212.2 27.16
U+9F8F,龏,212,龍,212.3
U+9F90,龐,53,广,53.16 212.3
U+9F91,龑,212,龍,212.4
U+9F92,龒,212,龍,212.5
U+9F93,龓,212,龍,212.6
U+9F94,龔,212,龍,212.6
U+9F95,龕,212,龍,212.6
U+9F96,龖,212,龍,212.16
U+9F97,龗,212,龍,212.17
U+9F98,龘,212,龍,212.32
U+9F99,龙,212',龙,212'.0
U+9F9A,龚,212',龙,212'.6
U+9F9B,龛,212',龙,212'.6
U+9F9C,龜,213,龜,213.0
U+9F9D,龝,213,龜,213.5
U+9F9E,龞,213,龜,213.12
U+9F9F,龟,213',龟,213'.0
U+9FA0,龠,214,龠,214.0
U+9FA1,龡,214,龠,214.4
U+9FA2,龢,214,龠,214.5
U+9FA3,龣,214,龠,214.8
U+9FA4,龤,214,龠,214.9
U+9FA5,龥,214,龠,214.9
U+9FA6,龦,86,火,86.11
U+9FA7,龧,72,日,72.12
U+9FA8,龨,22,匚,22.8
U+9FA9,龩,140,艸,140.13
U+9FAA,龪,156,走,156.2
U+9FAB,龫,159,車,159.5
U+9FAC,龬,167,金,167.8
U+9FAD,龭,187,馬,187.11
U+9FAE,龮,187,馬,187.17
U+9FAF,龯,167,金,167.5
U+9FB0,龰,77,止,77.0
U+9FB1,龱,31,囗,31.2
U+9FB2,龲,167,金,167.10
U+9FB3,龳,32,土,32.13
U+9FB4,龴,5,乙,5.1
U+9FB5,龵,64,手,64.0
U+9FB6,龶,32,土,32.1
U+9FB7,龷,140,艸,140.1
U+9FB8,龸,42,小,42.2
U+9FB9,龹,12,八,12.4
U+9FBA,龺,24,十,24.6
U+9FBB,龻,149,言,149.12
U+9FBC,龼,32,土,32.14
U+9FBD,龽,86,火,86.11 195.4
U+9FBE,龾,107,皮,107.8
U+9FBF,龿,140,艸,140.8
U+9FC0,鿀,140,艸,140.18
U+9FC1,鿁,149,言,149.6
U+9FC2,鿂,159,車,159.11 196.7
U+9FC3,鿃,109,目,109.7
U+9FC4,鿄,75,木,75.6
U+9FC5,鿅,113,示,113.13
U+9FC6,鿆,113,示,113.4
U+9FC7,鿇,9,人,9.6
U+9FC8,鿈,60,彳,60.4
U+9FC9,鿉,60,彳,60.4
U+9FCA,鿊,140,艸,140.7
U+9FCB,鿋,145,衣,145.12
U+9FCC,鿌,85,水,85.9
U+9FCD,鿍,32,土,32.6
U+9FCE,鿎,112,石,112.6
U+9FCF,鿏,167',钅,167'.7
U+9FD0,鿐,195,魚,195.10
U+9FD1,鿑,15,冫,15.5
U+9FD2,鿒,140,艸,140.6
U+9FD3,鿓,140,艸,140.9
U+9FD4,鿔,167',钅,167'.10
U+9FD5,鿕,195',鱼,195'.4
U+9FD6,鿖,1,一,1.6
U+9FD7,鿗,1,一,1.8
U+9FD8,鿘,9,人,9.10
U+9FD9,鿙,9,人,9.11
U+9FDA,鿚,9,人,9.14
U+9FDB,鿛,15,冫,15.22
U+9FDC,鿜,64,手,64.19
U+9FDD,鿝,75,木,75.23
U+9FDE,鿞,78,歹,78.16
U+9FDF,鿟,115,禾,115.7
U+9FE0,鿠,115,禾,115.16
U+9FE1,鿡,122,网,122.28
U+9FE2,鿢,128,耳,128.8
U+9FE3,鿣,128,耳,128.9
U+9FE4,鿤,128,耳,128.12
U+9FE5,鿥,138,艮,138.17
U+9FE6,鿦,140,艸,140.18
U+9FE7,鿧,170,阜,170.23
U+9FE8,鿨,173,雨,173.19
U+9FE9,鿩,195,魚,195.18
U+9FEA,鿪,86,火,86.13
U+9FEB,鿫,84,气,84.13
U+9FEC,鿬,112,石,112.5
U+9FED,鿭,167',钅,167'.5
U+9FEE,鿮,53,广,53.10
U+9FEF,鿯,119,米,119.10
U+9FF0,鿰,85,水,85.12
U+9FF1,鿱,96,玉,96.4
U+9FF2,鿲,151,豆,151.7
U+9FF3,鿳,195,魚,195.11
U+9FF4,鿴,195',鱼,195'.5
U+9FF5,鿵,195',鱼,195'.7
U+9FF6,鿶,195',鱼,195'.7
U+9FF7,鿷,195',鱼,195'.9
U+9FF8,鿸,195',鱼,195'.11
U+9FF9,鿹,195',鱼,195'.11
U+9FFA,鿺,196',鸟,196'.7
U+9FFB,鿻,208,鼠,208.5
U+9FFC,鿼,208,鼠,208.5
U+9FFD,鿽,30,口,30.10
U+9FFE,鿾,32,土,32.9
U+9FFF,鿿,85,水,85.9
